Starting weekly scrape at 2026-09-13T04:02:05+00:00...
Resolved date range: 09/06/2026 -> 09/12/2026
Valid ticket prefixes: ['MV']
Logging into ScrapRight...
Login submitted.
Waiting for login to complete in the browser...
Login detected. Continuing automatically...
Opening TRANSACTIONS menu...
Selecting Date Range...
Date Range selected.
Filling date range: 09/06/2026 -> 09/12/2026
Start date entered: 09062026
End date entered:   09122026
Clicking search...

Processing results page 1...
Scraping ticket numbers from current page...
Waiting for search results...
Found 10 ticket(s) on this page after status filtering: ['MV8468', 'MV8467', 'MV8466', 'MV8465', 'MV8464', 'MV8463', 'MV8462', 'MV8461', 'MV8460', 'MV8459']
Opening ticket MV8468...
Downloading images for MV8468...
Waiting for ticket detail for MV8468...
Found 2 ticket item card(s).
No direct full-size image URL found for MV8468 item 1 (Sheet Iron).
Uploaded MV8468_02_Aluminum_Radiator.jpg to train/Aluminum_Radiator/ and all_by_ticket/MV8468/ using Direct Image Src
Uploaded 1 image(s) for MV8468
Opening ticket MV8467...
Downloading images for MV8467...
Waiting for ticket detail for MV8467...
Found 1 ticket item card(s).
Uploaded MV8467_01_Sheet_Iron.jpg to train/Sheet_Iron/ and all_by_ticket/MV8467/ using Direct Image Src
Uploaded 1 image(s) for MV8467
Opening ticket MV8466...
Downloading images for MV8466...
Waiting for ticket detail for MV8466...
Found 1 ticket item card(s).
Uploaded MV8466_01_Sheet_Iron.jpg to train/Sheet_Iron/ and all_by_ticket/MV8466/ using Direct Image Src
Uploaded 1 image(s) for MV8466
Opening ticket MV8465...
Downloading images for MV8465...
Waiting for ticket detail for MV8465...
Found 19 ticket item card(s).
Uploaded MV8465_01_2_Insulated_Wire.jpg to test/2_Insulated_Wire/ and all_by_ticket/MV8465/ using Direct Image Src
Uploaded MV8465_07_Unclean_Extrusion.jpg to train/Unclean_Extrusion/ and all_by_ticket/MV8465/ using Direct Image Src
Uploaded MV8465_09_Irony_Aluminum.jpg to train/Irony_Aluminum/ and all_by_ticket/MV8465/ using Direct Image Src
Uploaded MV8465_10_Irony_Aluminum.jpg to test/Irony_Aluminum/ and all_by_ticket/MV8465/ using Direct Image Src
Uploaded MV8465_04_Aluminum_Radiator.jpg to train/Aluminum_Radiator/ and all_by_ticket/MV8465/ using Direct Image Src
Uploaded MV8465_06_Irony_Aluminum.jpg to test/Irony_Aluminum/ and all_by_ticket/MV8465/ using Direct Image Src
Uploaded MV8465_11_Sheet_Iron.jpg to train/Sheet_Iron/ and all_by_ticket/MV8465/ using Direct Image Src
Uploaded MV8465_05_Irony_Aluminum_Radiators.jpg to train/Irony_Aluminum_Radiators/ and all_by_ticket/MV8465/ using Direct Image Src
Uploaded MV8465_03_Auto_Batteries.jpg to train/Auto_Batteries/ and all_by_ticket/MV8465/ using Direct Image Src
Uploaded MV8465_08_Sheet_Aluminum.jpg to train/Sheet_Aluminum/ and all_by_ticket/MV8465/ using Direct Image Src
Uploaded MV8465_02_Aluminum_Wire_Insulated.jpg to train/Aluminum_Wire_Insulated/ and all_by_ticket/MV8465/ using Direct Image Src
Uploaded MV8465_12_Circuit_Board_Low_Grade.jpg to train/Circuit_Board_Low_Grade/ and all_by_ticket/MV8465/ using Direct Image Src
Uploaded MV8465_14_Cast_Aluminum.jpg to train/Cast_Aluminum/ and all_by_ticket/MV8465/ using Direct Image Src
Uploaded MV8465_13_Electric_Motor.jpg to train/Electric_Motor/ and all_by_ticket/MV8465/ using Direct Image Src
Uploaded MV8465_15_Yellow_Brass_Clean.jpg to train/Yellow_Brass_Clean/ and all_by_ticket/MV8465/ using Direct Image Src
Uploaded MV8465_17_Dirty_Brass.jpg to val/Dirty_Brass/ and all_by_ticket/MV8465/ using Direct Image Src
Uploaded MV8465_16_Cast_Aluminum.jpg to val/Cast_Aluminum/ and all_by_ticket/MV8465/ using Direct Image Src
Uploaded MV8465_18_Aluminum_Cans.jpg to val/Aluminum_Cans/ and all_by_ticket/MV8465/ using Direct Image Src
Uploaded MV8465_19_Irony_SS.jpg to train/Irony_SS/ and all_by_ticket/MV8465/ using Direct Image Src
Uploaded 19 image(s) for MV8465
Opening ticket MV8464...
Downloading images for MV8464...
Waiting for ticket detail for MV8464...
Found 2 ticket item card(s).
No direct full-size image URL found for MV8464 item 1 (Sheet Iron).
Uploaded MV8464_02_2_Copper.jpg to train/2_Copper/ and all_by_ticket/MV8464/ using Direct Image Src
Uploaded 1 image(s) for MV8464
Opening ticket MV8463...
Downloading images for MV8463...
Waiting for ticket detail for MV8463...
Found 1 ticket item card(s).
Uploaded MV8463_01_Unclean_Extrusion.jpg to train/Unclean_Extrusion/ and all_by_ticket/MV8463/ using Direct Image Src
Uploaded 1 image(s) for MV8463
Opening ticket MV8462...
Downloading images for MV8462...
Waiting for ticket detail for MV8462...
Found 1 ticket item card(s).
Uploaded MV8462_01_Gutters_Siding.jpg to test/Gutters_Siding/ and all_by_ticket/MV8462/ using Direct Image Src
Uploaded 1 image(s) for MV8462
Opening ticket MV8461...
Downloading images for MV8461...
Waiting for ticket detail for MV8461...
Found 2 ticket item card(s).
Uploaded MV8461_01_BareBright.jpg to train/BareBright/ and all_by_ticket/MV8461/ using Direct Image Src
Uploaded MV8461_02_2_Insulated_Wire.jpg to val/2_Insulated_Wire/ and all_by_ticket/MV8461/ using Direct Image Src
Uploaded 2 image(s) for MV8461
Opening ticket MV8460...
Downloading images for MV8460...
Waiting for ticket detail for MV8460...
Found 1 ticket item card(s).
No direct full-size image URL found for MV8460 item 1 (Sheet Iron).
Skipping ticket MV8460: no usable image tasks found.
Uploaded 0 image(s) for MV8460
Opening ticket MV8459...
Downloading images for MV8459...
Waiting for ticket detail for MV8459...
Found 2 ticket item card(s).
No direct full-size image URL found for MV8459 item 1 (Sheet Iron).
Uploaded MV8459_02_Catalytic_Converters.jpg to train/Catalytic_Converters/ and all_by_ticket/MV8459/ using Direct Image Src
Uploaded 1 image(s) for MV8459
Pagination before click: 1 - 10 of 280
Pagination after click: 11 - 20 of 280

Processing results page 2...
Scraping ticket numbers from current page...
Waiting for search results...
Skipping ticket MV8478 due to status: CANCEL
Found 9 ticket(s) on this page after status filtering: ['MV8477', 'MV8476', 'MV8475', 'MV8474', 'MV8473', 'MV8472', 'MV8471', 'MV8470', 'MV8469']
Opening ticket MV8477...
Downloading images for MV8477...
Waiting for ticket detail for MV8477...
Found 6 ticket item card(s).
Uploaded MV8477_02_Christmas_Lights.jpg to train/Christmas_Lights/ and all_by_ticket/MV8477/ using Direct Image Src
Uploaded MV8477_01_Aluminum_Cans.jpg to train/Aluminum_Cans/ and all_by_ticket/MV8477/ using Direct Image Src
Uploaded MV8477_06_Circuit_Board_Low_Grade.jpg to train/Circuit_Board_Low_Grade/ and all_by_ticket/MV8477/ using Direct Image Src
Uploaded MV8477_04_2_Insulated_Wire.jpg to train/2_Insulated_Wire/ and all_by_ticket/MV8477/ using Direct Image Src
Uploaded MV8477_05_Sheet_Aluminum.jpg to train/Sheet_Aluminum/ and all_by_ticket/MV8477/ using Direct Image Src
Uploaded MV8477_03_2_Copper.jpg to test/2_Copper/ and all_by_ticket/MV8477/ using Direct Image Src
Uploaded 6 image(s) for MV8477
Opening ticket MV8476...
Downloading images for MV8476...
Waiting for ticket detail for MV8476...
Found 1 ticket item card(s).
Uploaded MV8476_01_1_Copper.jpg to train/1_Copper/ and all_by_ticket/MV8476/ using Direct Image Src
Uploaded 1 image(s) for MV8476
Opening ticket MV8475...
Downloading images for MV8475...
Waiting for ticket detail for MV8475...
Found 6 ticket item card(s).
Uploaded MV8475_01_BareBright.jpg to train/BareBright/ and all_by_ticket/MV8475/ using Direct Image Src
Uploaded MV8475_02_2_Copper.jpg to train/2_Copper/ and all_by_ticket/MV8475/ using Direct Image Src
Uploaded MV8475_03_BareBright.jpg to train/BareBright/ and all_by_ticket/MV8475/ using Direct Image Src
Uploaded MV8475_06_Lead.jpg to val/Lead/ and all_by_ticket/MV8475/ using Direct Image Src
Uploaded MV8475_04_2_Copper.jpg to train/2_Copper/ and all_by_ticket/MV8475/ using Direct Image Src
Uploaded MV8475_05_Yellow_Brass_Clean.jpg to train/Yellow_Brass_Clean/ and all_by_ticket/MV8475/ using Direct Image Src
Uploaded 6 image(s) for MV8475
Opening ticket MV8474...
Downloading images for MV8474...
Waiting for ticket detail for MV8474...
Found 3 ticket item card(s).
No direct full-size image URL found for MV8474 item 1 (Sheet Iron).
Uploaded MV8474_03_Yellow_Brass_Clean.jpg to val/Yellow_Brass_Clean/ and all_by_ticket/MV8474/ using Direct Image Src
Uploaded MV8474_02_2_Copper.jpg to train/2_Copper/ and all_by_ticket/MV8474/ using Direct Image Src
Uploaded 2 image(s) for MV8474
Opening ticket MV8473...
Downloading images for MV8473...
Waiting for ticket detail for MV8473...
Found 1 ticket item card(s).
Uploaded MV8473_01_Gutters_Siding.jpg to train/Gutters_Siding/ and all_by_ticket/MV8473/ using Direct Image Src
Uploaded 1 image(s) for MV8473
Opening ticket MV8472...
Downloading images for MV8472...
Waiting for ticket detail for MV8472...
Found 10 ticket item card(s).
No direct full-size image URL found for MV8472 item 8 (Sheet Iron).
Uploaded MV8472_03_Yellow_Brass_Clean.jpg to test/Yellow_Brass_Clean/ and all_by_ticket/MV8472/ using Direct Image Src
Uploaded MV8472_02_2_Copper.jpg to train/2_Copper/ and all_by_ticket/MV8472/ using Direct Image Src
Uploaded MV8472_01_Yellow_Brass_Clean.jpg to train/Yellow_Brass_Clean/ and all_by_ticket/MV8472/ using Direct Image Src
Uploaded MV8472_07_BareBright.jpg to train/BareBright/ and all_by_ticket/MV8472/ using Direct Image Src
Uploaded MV8472_05_2_Insulated_Wire.jpg to test/2_Insulated_Wire/ and all_by_ticket/MV8472/ using Direct Image Src
Uploaded MV8472_04_1_Insulated_Wire.jpg to train/1_Insulated_Wire/ and all_by_ticket/MV8472/ using Direct Image Src
Uploaded MV8472_10_2_Insulated_Wire.jpg to train/2_Insulated_Wire/ and all_by_ticket/MV8472/ using Direct Image Src
Uploaded MV8472_06_Romex.jpg to train/Romex/ and all_by_ticket/MV8472/ using Direct Image Src
Uploaded MV8472_09_BareBright.jpg to train/BareBright/ and all_by_ticket/MV8472/ using Direct Image Src
Uploaded 9 image(s) for MV8472
Opening ticket MV8471...
Downloading images for MV8471...
Waiting for ticket detail for MV8471...
Found 2 ticket item card(s).
No direct full-size image URL found for MV8471 item 1 (Sheet Iron).
Uploaded MV8471_02_2_Insulated_Wire.jpg to train/2_Insulated_Wire/ and all_by_ticket/MV8471/ using Direct Image Src
Uploaded 1 image(s) for MV8471
Opening ticket MV8470...
Downloading images for MV8470...
Waiting for ticket detail for MV8470...
Found 1 ticket item card(s).
No direct full-size image URL found for MV8470 item 1 (Sheet Iron).
Skipping ticket MV8470: no usable image tasks found.
Uploaded 0 image(s) for MV8470
Opening ticket MV8469...
Downloading images for MV8469...
Waiting for ticket detail for MV8469...
Found 1 ticket item card(s).
Uploaded MV8469_01_2_Copper.jpg to val/2_Copper/ and all_by_ticket/MV8469/ using Direct Image Src
Uploaded 1 image(s) for MV8469
Pagination before click: 11 - 20 of 280
Pagination after click: 21 - 30 of 280

Processing results page 3...
Scraping ticket numbers from current page...
Waiting for search results...
Found 10 ticket(s) on this page after status filtering: ['MV8488', 'MV8487', 'MV8486', 'MV8485', 'MV8484', 'MV8483', 'MV8482', 'MV8481', 'MV8480', 'MV8479']
Opening ticket MV8488...
Downloading images for MV8488...
Waiting for ticket detail for MV8488...
Found 4 ticket item card(s).
No direct full-size image URL found for MV8488 item 1 (Sheet Iron).
Uploaded MV8488_04_2_Copper.jpg to train/2_Copper/ and all_by_ticket/MV8488/ using Direct Image Src
Uploaded MV8488_02_Aluminum_Cans.jpg to test/Aluminum_Cans/ and all_by_ticket/MV8488/ using Direct Image Src
Uploaded MV8488_03_Gutters_Siding.jpg to train/Gutters_Siding/ and all_by_ticket/MV8488/ using Direct Image Src
Uploaded 3 image(s) for MV8488
Opening ticket MV8487...
Downloading images for MV8487...
Waiting for ticket detail for MV8487...
Found 4 ticket item card(s).
Uploaded MV8487_03_Dirty_Brass.jpg to train/Dirty_Brass/ and all_by_ticket/MV8487/ using Direct Image Src
Uploaded MV8487_04_2_Copper.jpg to train/2_Copper/ and all_by_ticket/MV8487/ using Direct Image Src
Uploaded MV8487_02_304.jpg to train/304/ and all_by_ticket/MV8487/ using Direct Image Src
Uploaded MV8487_01_Gutters_Siding.jpg to train/Gutters_Siding/ and all_by_ticket/MV8487/ using Direct Image Src
Uploaded 4 image(s) for MV8487
Opening ticket MV8486...
Downloading images for MV8486...
Waiting for ticket detail for MV8486...
Found 1 ticket item card(s).
No direct full-size image URL found for MV8486 item 1 (Sheet Iron).
Skipping ticket MV8486: no usable image tasks found.
Uploaded 0 image(s) for MV8486
Opening ticket MV8485...
Downloading images for MV8485...
Waiting for ticket detail for MV8485...
Found 2 ticket item card(s).
Uploaded MV8485_01_Sheet_Iron.jpg to val/Sheet_Iron/ and all_by_ticket/MV8485/ using Direct Image Src
Uploaded MV8485_02_2_Copper.jpg to train/2_Copper/ and all_by_ticket/MV8485/ using Direct Image Src
Uploaded 2 image(s) for MV8485
Opening ticket MV8484...
Downloading images for MV8484...
Waiting for ticket detail for MV8484...
Found 1 ticket item card(s).
No direct full-size image URL found for MV8484 item 1 (Sheet Iron).
Skipping ticket MV8484: no usable image tasks found.
Uploaded 0 image(s) for MV8484
Opening ticket MV8483...
Downloading images for MV8483...
Waiting for ticket detail for MV8483...
Found 1 ticket item card(s).
No direct full-size image URL found for MV8483 item 1 (Gutters / Siding).
Skipping ticket MV8483: no usable image tasks found.
Uploaded 0 image(s) for MV8483
Opening ticket MV8482...
Downloading images for MV8482...
Waiting for ticket detail for MV8482...
Found 1 ticket item card(s).
No direct full-size image URL found for MV8482 item 1 (Sheet Iron).
Skipping ticket MV8482: no usable image tasks found.
Uploaded 0 image(s) for MV8482
Opening ticket MV8481...
Downloading images for MV8481...
Waiting for ticket detail for MV8481...
Found 3 ticket item card(s).
No direct full-size image URL found for MV8481 item 1 (Sheet Iron).
Uploaded MV8481_03_Aluminum_Cans.jpg to train/Aluminum_Cans/ and all_by_ticket/MV8481/ using Direct Image Src
Uploaded MV8481_02_Irony_Aluminum.jpg to train/Irony_Aluminum/ and all_by_ticket/MV8481/ using Direct Image Src
Uploaded 2 image(s) for MV8481
Opening ticket MV8480...
Downloading images for MV8480...
Waiting for ticket detail for MV8480...
Found 2 ticket item card(s).
Uploaded MV8480_02_2_Copper.jpg to train/2_Copper/ and all_by_ticket/MV8480/ using Direct Image Src
Uploaded MV8480_01_BareBright.jpg to test/BareBright/ and all_by_ticket/MV8480/ using Direct Image Src
Uploaded 2 image(s) for MV8480
Opening ticket MV8479...
Downloading images for MV8479...
Waiting for ticket detail for MV8479...
Found 7 ticket item card(s).
Uploaded MV8479_01_Cat_56.jpg to train/Cat_56/ and all_by_ticket/MV8479/ using Direct Image Src
Uploaded MV8479_02_2_Insulated_Wire.jpg to train/2_Insulated_Wire/ and all_by_ticket/MV8479/ using Direct Image Src
Uploaded MV8479_04_Electric_Motor.jpg to train/Electric_Motor/ and all_by_ticket/MV8479/ using Direct Image Src
Uploaded MV8479_07_2_Copper.jpg to train/2_Copper/ and all_by_ticket/MV8479/ using Direct Image Src
Uploaded MV8479_06_BareBright.jpg to train/BareBright/ and all_by_ticket/MV8479/ using Direct Image Src
Uploaded MV8479_05_Acr_Radiator_Ends.jpg to train/Acr_Radiator_Ends/ and all_by_ticket/MV8479/ using Direct Image Src
Uploaded MV8479_03_Irony_Aluminum.jpg to val/Irony_Aluminum/ and all_by_ticket/MV8479/ using Direct Image Src
Uploaded 7 image(s) for MV8479
Pagination before click: 21 - 30 of 280
Pagination after click: 31 - 40 of 280

Processing results page 4...
Scraping ticket numbers from current page...
Waiting for search results...
Skipping ticket MV8497 due to status: VOID
Skipping ticket MV8495 due to status: CANCEL
Found 8 ticket(s) on this page after status filtering: ['MV8498', 'MV8496', 'MV8494', 'MV8493', 'MV8492', 'MV8491', 'MV8490', 'MV8489']
Opening ticket MV8498...
Downloading images for MV8498...
Waiting for ticket detail for MV8498...
Found 1 ticket item card(s).
No direct full-size image URL found for MV8498 item 1 (Sheet Iron).
Skipping ticket MV8498: no usable image tasks found.
Uploaded 0 image(s) for MV8498
Opening ticket MV8496...
Downloading images for MV8496...
Waiting for ticket detail for MV8496...
Found 2 ticket item card(s).
No direct full-size image URL found for MV8496 item 1 (Sheet Iron).
Uploaded MV8496_02_2_Insulated_Wire.jpg to train/2_Insulated_Wire/ and all_by_ticket/MV8496/ using Direct Image Src
Uploaded 1 image(s) for MV8496
Opening ticket MV8494...
Downloading images for MV8494...
Waiting for ticket detail for MV8494...
Found 1 ticket item card(s).
Uploaded MV8494_01_Aluminum_Cans.jpg to train/Aluminum_Cans/ and all_by_ticket/MV8494/ using Direct Image Src
Uploaded 1 image(s) for MV8494
Opening ticket MV8493...
Downloading images for MV8493...
Waiting for ticket detail for MV8493...
Found 1 ticket item card(s).
Uploaded MV8493_01_Carbide.jpg to val/Carbide/ and all_by_ticket/MV8493/ using Direct Image Src
Uploaded 1 image(s) for MV8493
Opening ticket MV8492...
Downloading images for MV8492...
Waiting for ticket detail for MV8492...
Found 2 ticket item card(s).
No direct full-size image URL found for MV8492 item 1 (Sheet Iron).
No direct full-size image URL found for MV8492 item 2 (Freight Charge).
Skipping ticket MV8492: no usable image tasks found.
Uploaded 0 image(s) for MV8492
Opening ticket MV8491...
Downloading images for MV8491...
Waiting for ticket detail for MV8491...
Found 2 ticket item card(s).
No direct full-size image URL found for MV8491 item 1 (Sheet Iron).
No direct full-size image URL found for MV8491 item 2 (Freight Charge).
Skipping ticket MV8491: no usable image tasks found.
Uploaded 0 image(s) for MV8491
Opening ticket MV8490...
Downloading images for MV8490...
Waiting for ticket detail for MV8490...
Found 2 ticket item card(s).
Uploaded MV8490_01_Cast_Aluminum.jpg to train/Cast_Aluminum/ and all_by_ticket/MV8490/ using Direct Image Src
Uploaded MV8490_02_Cast_Aluminum.jpg to train/Cast_Aluminum/ and all_by_ticket/MV8490/ using Direct Image Src
Uploaded 2 image(s) for MV8490
Opening ticket MV8489...
Downloading images for MV8489...
Waiting for ticket detail for MV8489...
Found 4 ticket item card(s).
Uploaded MV8489_02_Sheet_Aluminum.jpg to train/Sheet_Aluminum/ and all_by_ticket/MV8489/ using Direct Image Src
Uploaded MV8489_01_Aluminum_Cans.jpg to train/Aluminum_Cans/ and all_by_ticket/MV8489/ using Direct Image Src
Uploaded MV8489_03_2_Copper.jpg to val/2_Copper/ and all_by_ticket/MV8489/ using Direct Image Src
Uploaded MV8489_04_304.jpg to train/304/ and all_by_ticket/MV8489/ using Direct Image Src
Uploaded 4 image(s) for MV8489
Pagination before click: 31 - 40 of 280
Pagination after click: 41 - 50 of 280

Processing results page 5...
Scraping ticket numbers from current page...
Waiting for search results...
Found 10 ticket(s) on this page after status filtering: ['MV8508', 'MV8507', 'MV8506', 'MV8505', 'MV8504', 'MV8503', 'MV8502', 'MV8501', 'MV8500', 'MV8499']
Opening ticket MV8508...
Downloading images for MV8508...
Waiting for ticket detail for MV8508...
Found 3 ticket item card(s).
Uploaded MV8508_03_Sheet_Iron.jpg to train/Sheet_Iron/ and all_by_ticket/MV8508/ using Direct Image Src
Uploaded MV8508_02_2_Copper.jpg to train/2_Copper/ and all_by_ticket/MV8508/ using Direct Image Src
Uploaded MV8508_01_Cast_Aluminum.jpg to train/Cast_Aluminum/ and all_by_ticket/MV8508/ using Direct Image Src
Uploaded 3 image(s) for MV8508
Opening ticket MV8507...
Downloading images for MV8507...
Waiting for ticket detail for MV8507...
Found 10 ticket item card(s).
Uploaded MV8507_01_Romex.jpg to train/Romex/ and all_by_ticket/MV8507/ using Direct Image Src
Uploaded MV8507_03_2_Copper.jpg to train/2_Copper/ and all_by_ticket/MV8507/ using Direct Image Src
Uploaded MV8507_04_Cat_56.jpg to train/Cat_56/ and all_by_ticket/MV8507/ using Direct Image Src
Uploaded MV8507_02_2_Insulated_Wire.jpg to train/2_Insulated_Wire/ and all_by_ticket/MV8507/ using Direct Image Src
Uploaded MV8507_09_Dirty_Brass.jpg to train/Dirty_Brass/ and all_by_ticket/MV8507/ using Direct Image Src
Uploaded MV8507_10_Transformer.jpg to train/Transformer/ and all_by_ticket/MV8507/ using Direct Image Src
Uploaded MV8507_08_AluminumCopper_Radiator.jpg to train/AluminumCopper_Radiator/ and all_by_ticket/MV8507/ using Direct Image Src
Uploaded MV8507_06_Extrusion.jpg to train/Extrusion/ and all_by_ticket/MV8507/ using Direct Image Src
Uploaded MV8507_07_Sheet_Aluminum.jpg to train/Sheet_Aluminum/ and all_by_ticket/MV8507/ using Direct Image Src
Uploaded MV8507_05_Irony_Aluminum.jpg to train/Irony_Aluminum/ and all_by_ticket/MV8507/ using Direct Image Src
Uploaded 10 image(s) for MV8507
Opening ticket MV8506...
Downloading images for MV8506...
Waiting for ticket detail for MV8506...
Found 1 ticket item card(s).
No direct full-size image URL found for MV8506 item 1 (Sheet Iron).
Skipping ticket MV8506: no usable image tasks found.
Uploaded 0 image(s) for MV8506
Opening ticket MV8505...
Downloading images for MV8505...
Waiting for ticket detail for MV8505...
Found 1 ticket item card(s).
No direct full-size image URL found for MV8505 item 1 (Sheet Iron).
Skipping ticket MV8505: no usable image tasks found.
Uploaded 0 image(s) for MV8505
Opening ticket MV8504...
Downloading images for MV8504...
Waiting for ticket detail for MV8504...
Found 2 ticket item card(s).
Uploaded MV8504_01_Sheet_Aluminum.jpg to val/Sheet_Aluminum/ and all_by_ticket/MV8504/ using Direct Image Src
Uploaded MV8504_02_1_Copper.jpg to train/1_Copper/ and all_by_ticket/MV8504/ using Direct Image Src
Uploaded 2 image(s) for MV8504
Opening ticket MV8503...
Downloading images for MV8503...
Waiting for ticket detail for MV8503...
Found 1 ticket item card(s).
No direct full-size image URL found for MV8503 item 1 (Pallets).
Skipping ticket MV8503: no usable image tasks found.
Uploaded 0 image(s) for MV8503
Opening ticket MV8502...
Downloading images for MV8502...
Waiting for ticket detail for MV8502...
Found 6 ticket item card(s).
No direct full-size image URL found for MV8502 item 1 (Sheet Iron).
Uploaded MV8502_03_304.jpg to train/304/ and all_by_ticket/MV8502/ using Direct Image Src
Uploaded MV8502_02_Unclean_Extrusion.jpg to train/Unclean_Extrusion/ and all_by_ticket/MV8502/ using Direct Image Src
Uploaded MV8502_05_Yellow_Brass_Clean.jpg to train/Yellow_Brass_Clean/ and all_by_ticket/MV8502/ using Direct Image Src
Uploaded MV8502_04_2_Insulated_Wire.jpg to train/2_Insulated_Wire/ and all_by_ticket/MV8502/ using Direct Image Src
Uploaded MV8502_06_Sheet_Aluminum.jpg to train/Sheet_Aluminum/ and all_by_ticket/MV8502/ using Direct Image Src
Uploaded 5 image(s) for MV8502
Opening ticket MV8501...
Downloading images for MV8501...
Waiting for ticket detail for MV8501...
Found 4 ticket item card(s).
Uploaded MV8501_01_Yellow_Brass_Clean.jpg to train/Yellow_Brass_Clean/ and all_by_ticket/MV8501/ using Direct Image Src
Uploaded MV8501_02_Dirty_Brass.jpg to train/Dirty_Brass/ and all_by_ticket/MV8501/ using Direct Image Src
Uploaded MV8501_03_2_Insulated_Wire.jpg to train/2_Insulated_Wire/ and all_by_ticket/MV8501/ using Direct Image Src
Uploaded MV8501_04_BareBright.jpg to train/BareBright/ and all_by_ticket/MV8501/ using Direct Image Src
Uploaded 4 image(s) for MV8501
Opening ticket MV8500...
Downloading images for MV8500...
Waiting for ticket detail for MV8500...
Found 1 ticket item card(s).
Uploaded MV8500_01_Yellow_Brass_Clean.jpg to train/Yellow_Brass_Clean/ and all_by_ticket/MV8500/ using Direct Image Src
Uploaded 1 image(s) for MV8500
Opening ticket MV8499...
Downloading images for MV8499...
Waiting for ticket detail for MV8499...
Found 2 ticket item card(s).
No direct full-size image URL found for MV8499 item 1 (Extrusion).
Uploaded MV8499_02_Aluminum_Rim_Clean.jpg to train/Aluminum_Rim_Clean/ and all_by_ticket/MV8499/ using Direct Image Src
Uploaded 1 image(s) for MV8499
Pagination before click: 41 - 50 of 280
Pagination after click: 51 - 60 of 280

Processing results page 6...
Scraping ticket numbers from current page...
Waiting for search results...
Skipping ticket MV8515 due to status: VOID
Skipping ticket MV8513 due to status: CANCEL
Skipping ticket MV8512 due to status: VOID
Found 7 ticket(s) on this page after status filtering: ['MV8518', 'MV8517', 'MV8516', 'MV8514', 'MV8511', 'MV8510', 'MV8509']
Opening ticket MV8518...
Downloading images for MV8518...
Waiting for ticket detail for MV8518...
Found 2 ticket item card(s).
Uploaded MV8518_01_Aluminum_Rim_Clean.jpg to train/Aluminum_Rim_Clean/ and all_by_ticket/MV8518/ using Direct Image Src
Uploaded MV8518_02_Irony_Aluminum.jpg to train/Irony_Aluminum/ and all_by_ticket/MV8518/ using Direct Image Src
Uploaded 2 image(s) for MV8518
Opening ticket MV8517...
Downloading images for MV8517...
Waiting for ticket detail for MV8517...
Found 12 ticket item card(s).
Uploaded MV8517_04_Sheet_Aluminum.jpg to train/Sheet_Aluminum/ and all_by_ticket/MV8517/ using Direct Image Src
Uploaded MV8517_01_1_Copper.jpg to train/1_Copper/ and all_by_ticket/MV8517/ using Direct Image Src
Uploaded MV8517_02_Irony_SS.jpg to train/Irony_SS/ and all_by_ticket/MV8517/ using Direct Image Src
Uploaded MV8517_03_Cast_Aluminum.jpg to train/Cast_Aluminum/ and all_by_ticket/MV8517/ using Direct Image Src
Uploaded MV8517_10_2_Insulated_Wire.jpg to train/2_Insulated_Wire/ and all_by_ticket/MV8517/ using Direct Image Src
Uploaded MV8517_11_304.jpg to train/304/ and all_by_ticket/MV8517/ using Direct Image Src
Uploaded MV8517_09_Yellow_Brass_Clean.jpg to train/Yellow_Brass_Clean/ and all_by_ticket/MV8517/ using Direct Image Src
Uploaded MV8517_12_Irony_Aluminum.jpg to train/Irony_Aluminum/ and all_by_ticket/MV8517/ using Direct Image Src
Uploaded MV8517_07_Dirty_Brass.jpg to train/Dirty_Brass/ and all_by_ticket/MV8517/ using Direct Image Src
Uploaded MV8517_06_Cast_Aluminum.jpg to train/Cast_Aluminum/ and all_by_ticket/MV8517/ using Direct Image Src
Uploaded MV8517_05_1_Insulated_Wire.jpg to test/1_Insulated_Wire/ and all_by_ticket/MV8517/ using Direct Image Src
Uploaded MV8517_08_Sheet_Iron.jpg to train/Sheet_Iron/ and all_by_ticket/MV8517/ using Direct Image Src
Uploaded 12 image(s) for MV8517
Opening ticket MV8516...
Downloading images for MV8516...
Waiting for ticket detail for MV8516...
Found 5 ticket item card(s).
Uploaded MV8516_01_BareBright.jpg to train/BareBright/ and all_by_ticket/MV8516/ using Direct Image Src
Uploaded MV8516_03_2_Copper.jpg to train/2_Copper/ and all_by_ticket/MV8516/ using Direct Image Src
Uploaded MV8516_05_Yellow_Brass_Clean.jpg to train/Yellow_Brass_Clean/ and all_by_ticket/MV8516/ using Direct Image Src
Uploaded MV8516_02_Low_Grade_Insulated_Wire.jpg to val/Low_Grade_Insulated_Wire/ and all_by_ticket/MV8516/ using Direct Image Src
Uploaded MV8516_04_MC_Metal_Shield.jpg to train/MC_Metal_Shield/ and all_by_ticket/MV8516/ using Direct Image Src
Uploaded 5 image(s) for MV8516
Opening ticket MV8514...
Downloading images for MV8514...
Waiting for ticket detail for MV8514...
Found 2 ticket item card(s).
No direct full-size image URL found for MV8514 item 1 (Sheet Iron).
Uploaded MV8514_02_2_Insulated_Wire.jpg to train/2_Insulated_Wire/ and all_by_ticket/MV8514/ using Direct Image Src
Uploaded 1 image(s) for MV8514
Opening ticket MV8511...
Downloading images for MV8511...
Waiting for ticket detail for MV8511...
Found 5 ticket item card(s).
Uploaded MV8511_03_Irony_Aluminum.jpg to train/Irony_Aluminum/ and all_by_ticket/MV8511/ using Direct Image Src
Uploaded MV8511_02_Low_Grade_Insulated_Wire.jpg to train/Low_Grade_Insulated_Wire/ and all_by_ticket/MV8511/ using Direct Image Src
Uploaded MV8511_04_Cast_Aluminum.jpg to test/Cast_Aluminum/ and all_by_ticket/MV8511/ using Direct Image Src
Uploaded MV8511_01_Aluminum_Cans.jpg to train/Aluminum_Cans/ and all_by_ticket/MV8511/ using Direct Image Src
Uploaded MV8511_05_2_Copper.jpg to train/2_Copper/ and all_by_ticket/MV8511/ using Direct Image Src
Uploaded 5 image(s) for MV8511
Opening ticket MV8510...
Downloading images for MV8510...
Waiting for ticket detail for MV8510...
Found 9 ticket item card(s).
Uploaded MV8510_01_BareBright.jpg to train/BareBright/ and all_by_ticket/MV8510/ using Direct Image Src
Uploaded MV8510_02_AluminumCopper_Radiator.jpg to test/AluminumCopper_Radiator/ and all_by_ticket/MV8510/ using Direct Image Src
Uploaded MV8510_03_2_Copper.jpg to train/2_Copper/ and all_by_ticket/MV8510/ using Direct Image Src
Uploaded MV8510_05_Electric_Motor.jpg to train/Electric_Motor/ and all_by_ticket/MV8510/ using Direct Image Src
Uploaded MV8510_08_2_Insulated_Wire.jpg to train/2_Insulated_Wire/ and all_by_ticket/MV8510/ using Direct Image Src
Uploaded MV8510_06_Sheet_Aluminum.jpg to train/Sheet_Aluminum/ and all_by_ticket/MV8510/ using Direct Image Src
Uploaded MV8510_07_Aluminum_Radiator.jpg to train/Aluminum_Radiator/ and all_by_ticket/MV8510/ using Direct Image Src
Uploaded MV8510_04_Sealed_Units.jpg to train/Sealed_Units/ and all_by_ticket/MV8510/ using Direct Image Src
Uploaded MV8510_09_Sheet_Iron.jpg to train/Sheet_Iron/ and all_by_ticket/MV8510/ using Direct Image Src
Uploaded 9 image(s) for MV8510
Opening ticket MV8509...
Downloading images for MV8509...
Waiting for ticket detail for MV8509...
Found 1 ticket item card(s).
Uploaded MV8509_01_Catalytic_Converters.jpg to train/Catalytic_Converters/ and all_by_ticket/MV8509/ using Direct Image Src
Uploaded 1 image(s) for MV8509
Pagination before click: 51 - 60 of 280
Pagination after click: 61 - 70 of 280

Processing results page 7...
Scraping ticket numbers from current page...
Waiting for search results...
Skipping ticket MV8528 due to status: VOID
Skipping ticket MV8525 due to status: VOID
Found 8 ticket(s) on this page after status filtering: ['MV8527', 'MV8526', 'MV8524', 'MV8523', 'MV8522', 'MV8521', 'MV8520', 'MV8519']
Opening ticket MV8527...
Downloading images for MV8527...
Waiting for ticket detail for MV8527...
Found 1 ticket item card(s).
No direct full-size image URL found for MV8527 item 1 (Aluminum/Copper Radiator).
Skipping ticket MV8527: no usable image tasks found.
Uploaded 0 image(s) for MV8527
Opening ticket MV8526...
Downloading images for MV8526...
Waiting for ticket detail for MV8526...
Found 3 ticket item card(s).
Uploaded MV8526_01_Aluminum_Cans.jpg to train/Aluminum_Cans/ and all_by_ticket/MV8526/ using Direct Image Src
Uploaded MV8526_02_Irony_SS.jpg to train/Irony_SS/ and all_by_ticket/MV8526/ using Direct Image Src
Uploaded MV8526_03_Sheet_Iron.jpg to train/Sheet_Iron/ and all_by_ticket/MV8526/ using Direct Image Src
Uploaded 3 image(s) for MV8526
Opening ticket MV8524...
Downloading images for MV8524...
Waiting for ticket detail for MV8524...
Found 7 ticket item card(s).
Uploaded MV8524_03_2_Copper.jpg to train/2_Copper/ and all_by_ticket/MV8524/ using Direct Image Src
Uploaded MV8524_06_Sheet_Iron.jpg to val/Sheet_Iron/ and all_by_ticket/MV8524/ using Direct Image Src
Uploaded MV8524_01_Sheet_Iron.jpg to train/Sheet_Iron/ and all_by_ticket/MV8524/ using Direct Image Src
Uploaded MV8524_05_Yellow_Brass_Clean.jpg to train/Yellow_Brass_Clean/ and all_by_ticket/MV8524/ using Direct Image Src
Uploaded MV8524_04_Dirty_Brass.jpg to train/Dirty_Brass/ and all_by_ticket/MV8524/ using Direct Image Src
Uploaded MV8524_07_Sheet_Iron.jpg to test/Sheet_Iron/ and all_by_ticket/MV8524/ using Direct Image Src
Uploaded MV8524_02_Aluminum_Cans.jpg to train/Aluminum_Cans/ and all_by_ticket/MV8524/ using Direct Image Src
Uploaded 7 image(s) for MV8524
Opening ticket MV8523...
Downloading images for MV8523...
Waiting for ticket detail for MV8523...
Found 1 ticket item card(s).
No direct full-size image URL found for MV8523 item 1 (Irony Aluminum).
Skipping ticket MV8523: no usable image tasks found.
Uploaded 0 image(s) for MV8523
Opening ticket MV8522...
Downloading images for MV8522...
Waiting for ticket detail for MV8522...
Found 1 ticket item card(s).
Uploaded MV8522_01_2_Copper.jpg to train/2_Copper/ and all_by_ticket/MV8522/ using Direct Image Src
Uploaded 1 image(s) for MV8522
Opening ticket MV8521...
Downloading images for MV8521...
Waiting for ticket detail for MV8521...
Found 2 ticket item card(s).
Uploaded MV8521_02_1_Copper.jpg to train/1_Copper/ and all_by_ticket/MV8521/ using Direct Image Src
Uploaded MV8521_01_2_Copper.jpg to train/2_Copper/ and all_by_ticket/MV8521/ using Direct Image Src
Uploaded 2 image(s) for MV8521
Opening ticket MV8520...
Downloading images for MV8520...
Waiting for ticket detail for MV8520...
Found 1 ticket item card(s).
Uploaded MV8520_01_Extrusion.jpg to train/Extrusion/ and all_by_ticket/MV8520/ using Direct Image Src
Uploaded 1 image(s) for MV8520
Opening ticket MV8519...
Downloading images for MV8519...
Waiting for ticket detail for MV8519...
Found 1 ticket item card(s).
Uploaded MV8519_01_Pallets.jpg to train/Pallets/ and all_by_ticket/MV8519/ using Direct Image Src
Uploaded 1 image(s) for MV8519
Pagination before click: 61 - 70 of 280
Pagination after click: 71 - 80 of 280

Processing results page 8...
Scraping ticket numbers from current page...
Waiting for search results...
Skipping ticket MV8537 due to status: CANCEL
Skipping ticket MV8529 due to status: VOID
Found 8 ticket(s) on this page after status filtering: ['MV8538', 'MV8536', 'MV8535', 'MV8534', 'MV8533', 'MV8532', 'MV8531', 'MV8530']
Opening ticket MV8538...
Downloading images for MV8538...
Waiting for ticket detail for MV8538...
Found 3 ticket item card(s).
Uploaded MV8538_01_2_Copper.jpg to train/2_Copper/ and all_by_ticket/MV8538/ using Direct Image Src
Uploaded MV8538_02_BareBright.jpg to train/BareBright/ and all_by_ticket/MV8538/ using Direct Image Src
Uploaded MV8538_03_Sheet_Iron.jpg to train/Sheet_Iron/ and all_by_ticket/MV8538/ using Direct Image Src
Uploaded 3 image(s) for MV8538
Opening ticket MV8536...
Downloading images for MV8536...
Waiting for ticket detail for MV8536...
Found 1 ticket item card(s).
Uploaded MV8536_01_Aluminum_Cans.jpg to train/Aluminum_Cans/ and all_by_ticket/MV8536/ using Direct Image Src
Uploaded 1 image(s) for MV8536
Opening ticket MV8535...
Downloading images for MV8535...
Waiting for ticket detail for MV8535...
Found 7 ticket item card(s).
Uploaded MV8535_03_Aluminum_Cans.jpg to train/Aluminum_Cans/ and all_by_ticket/MV8535/ using Direct Image Src
Uploaded MV8535_02_Sheet_Iron.jpg to train/Sheet_Iron/ and all_by_ticket/MV8535/ using Direct Image Src
Uploaded MV8535_01_Sheet_Iron.jpg to train/Sheet_Iron/ and all_by_ticket/MV8535/ using Direct Image Src
Uploaded MV8535_05_Yellow_Brass_Clean.jpg to train/Yellow_Brass_Clean/ and all_by_ticket/MV8535/ using Direct Image Src
Uploaded MV8535_06_Irony_Aluminum.jpg to train/Irony_Aluminum/ and all_by_ticket/MV8535/ using Direct Image Src
Uploaded MV8535_04_Unclean_Extrusion.jpg to train/Unclean_Extrusion/ and all_by_ticket/MV8535/ using Direct Image Src
Uploaded MV8535_07_Sheet_Aluminum.jpg to val/Sheet_Aluminum/ and all_by_ticket/MV8535/ using Direct Image Src
Uploaded 7 image(s) for MV8535
Opening ticket MV8534...
Downloading images for MV8534...
Waiting for ticket detail for MV8534...
Found 2 ticket item card(s).
No direct full-size image URL found for MV8534 item 1 (Sheet Iron).
Uploaded MV8534_02_2_Insulated_Wire.jpg to val/2_Insulated_Wire/ and all_by_ticket/MV8534/ using Direct Image Src
Uploaded 1 image(s) for MV8534
Opening ticket MV8533...
Downloading images for MV8533...
Waiting for ticket detail for MV8533...
Found 1 ticket item card(s).
No direct full-size image URL found for MV8533 item 1 (Sheet Iron).
Skipping ticket MV8533: no usable image tasks found.
Uploaded 0 image(s) for MV8533
Opening ticket MV8532...
Downloading images for MV8532...
Waiting for ticket detail for MV8532...
Found 3 ticket item card(s).
Uploaded MV8532_02_2_Insulated_Wire.jpg to train/2_Insulated_Wire/ and all_by_ticket/MV8532/ using Direct Image Src
Uploaded MV8532_03_2_Copper.jpg to train/2_Copper/ and all_by_ticket/MV8532/ using Direct Image Src
Uploaded MV8532_01_AluminumCopper_Radiator.jpg to train/AluminumCopper_Radiator/ and all_by_ticket/MV8532/ using Direct Image Src
Uploaded 3 image(s) for MV8532
Opening ticket MV8531...
Downloading images for MV8531...
Waiting for ticket detail for MV8531...
Found 4 ticket item card(s).
No direct full-size image URL found for MV8531 item 1 (Sheet Iron).
Uploaded MV8531_04_2_Insulated_Wire.jpg to train/2_Insulated_Wire/ and all_by_ticket/MV8531/ using Direct Image Src
Uploaded MV8531_03_Electric_Motor.jpg to train/Electric_Motor/ and all_by_ticket/MV8531/ using Direct Image Src
Uploaded MV8531_02_Sealed_Units.jpg to train/Sealed_Units/ and all_by_ticket/MV8531/ using Direct Image Src
Uploaded 3 image(s) for MV8531
Opening ticket MV8530...
Downloading images for MV8530...
Waiting for ticket detail for MV8530...
Found 5 ticket item card(s).
Uploaded MV8530_04_Auto_Batteries.jpg to train/Auto_Batteries/ and all_by_ticket/MV8530/ using Direct Image Src
Uploaded MV8530_03_Cast_Aluminum.jpg to test/Cast_Aluminum/ and all_by_ticket/MV8530/ using Direct Image Src
Uploaded MV8530_02_Sheet_Iron.jpg to train/Sheet_Iron/ and all_by_ticket/MV8530/ using Direct Image Src
Uploaded MV8530_05_Electric_Motor.jpg to train/Electric_Motor/ and all_by_ticket/MV8530/ using Direct Image Src
Uploaded MV8530_01_Sheet_Aluminum.jpg to train/Sheet_Aluminum/ and all_by_ticket/MV8530/ using Direct Image Src
Uploaded 5 image(s) for MV8530
Pagination before click: 71 - 80 of 280
Pagination after click: 81 - 90 of 280

Processing results page 9...
Scraping ticket numbers from current page...
Waiting for search results...
Skipping ticket MV8548 due to status: VOID
Skipping ticket MV8543 due to status: VOID
Found 8 ticket(s) on this page after status filtering: ['MV8547', 'MV8546', 'MV8545', 'MV8544', 'MV8542', 'MV8541', 'MV8540', 'MV8539']
Opening ticket MV8547...
Downloading images for MV8547...
Waiting for ticket detail for MV8547...
Found 7 ticket item card(s).
Uploaded MV8547_04_2_Copper.jpg to train/2_Copper/ and all_by_ticket/MV8547/ using Direct Image Src
Uploaded MV8547_03_Aluminum_Radiator.jpg to train/Aluminum_Radiator/ and all_by_ticket/MV8547/ using Direct Image Src
Uploaded MV8547_05_Yellow_Brass_Clean.jpg to train/Yellow_Brass_Clean/ and all_by_ticket/MV8547/ using Direct Image Src
Uploaded MV8547_02_Acr_Radiator_Ends.jpg to train/Acr_Radiator_Ends/ and all_by_ticket/MV8547/ using Direct Image Src
Uploaded MV8547_01_AluminumCopper_Radiator.jpg to val/AluminumCopper_Radiator/ and all_by_ticket/MV8547/ using Direct Image Src
Uploaded MV8547_06_1_Copper.jpg to train/1_Copper/ and all_by_ticket/MV8547/ using Direct Image Src
Uploaded MV8547_07_BareBright.jpg to val/BareBright/ and all_by_ticket/MV8547/ using Direct Image Src
Uploaded 7 image(s) for MV8547
Opening ticket MV8546...
Downloading images for MV8546...
Waiting for ticket detail for MV8546...
Found 2 ticket item card(s).
Uploaded MV8546_02_2_Copper.jpg to train/2_Copper/ and all_by_ticket/MV8546/ using Direct Image Src
Uploaded MV8546_01_AluminumCopper_Radiator.jpg to train/AluminumCopper_Radiator/ and all_by_ticket/MV8546/ using Direct Image Src
Uploaded 2 image(s) for MV8546
Opening ticket MV8545...
Downloading images for MV8545...
Waiting for ticket detail for MV8545...
Found 7 ticket item card(s).
Uploaded MV8545_07_Low_Grade_Insulated_Wire.jpg to train/Low_Grade_Insulated_Wire/ and all_by_ticket/MV8545/ using Direct Image Src
Uploaded MV8545_04_2_Copper.jpg to train/2_Copper/ and all_by_ticket/MV8545/ using Direct Image Src
Uploaded MV8545_06_Aluminum_Wire_Insulated.jpg to train/Aluminum_Wire_Insulated/ and all_by_ticket/MV8545/ using Direct Image Src
Uploaded MV8545_05_Dirty_Brass.jpg to train/Dirty_Brass/ and all_by_ticket/MV8545/ using Direct Image Src
Uploaded MV8545_03_BareBright.jpg to train/BareBright/ and all_by_ticket/MV8545/ using Direct Image Src
Uploaded MV8545_02_1_Insulated_Wire.jpg to train/1_Insulated_Wire/ and all_by_ticket/MV8545/ using Direct Image Src
Uploaded MV8545_01_Romex.jpg to train/Romex/ and all_by_ticket/MV8545/ using Direct Image Src
Uploaded 7 image(s) for MV8545
Opening ticket MV8544...
Downloading images for MV8544...
Waiting for ticket detail for MV8544...
Found 9 ticket item card(s).
No direct full-size image URL found for MV8544 item 1 (Sheet Iron).
No direct full-size image URL found for MV8544 item 9 (Sheet Iron).
Uploaded MV8544_08_Motor_Cast_Rotors.jpg to train/Motor_Cast_Rotors/ and all_by_ticket/MV8544/ using Direct Image Src
Uploaded MV8544_05_Motor_Cast_Rotors.jpg to train/Motor_Cast_Rotors/ and all_by_ticket/MV8544/ using Direct Image Src
Uploaded MV8544_03_Motor_Cast_Rotors.jpg to train/Motor_Cast_Rotors/ and all_by_ticket/MV8544/ using Direct Image Src
Uploaded MV8544_04_Motor_Cast_Rotors.jpg to train/Motor_Cast_Rotors/ and all_by_ticket/MV8544/ using Direct Image Src
Uploaded MV8544_06_Aluminum_Radiator.jpg to train/Aluminum_Radiator/ and all_by_ticket/MV8544/ using Direct Image Src
Uploaded MV8544_07_Cast_Aluminum.jpg to train/Cast_Aluminum/ and all_by_ticket/MV8544/ using Direct Image Src
Uploaded MV8544_02_Irony_SS.jpg to train/Irony_SS/ and all_by_ticket/MV8544/ using Direct Image Src
Uploaded 7 image(s) for MV8544
Opening ticket MV8542...
Downloading images for MV8542...
Waiting for ticket detail for MV8542...
Found 1 ticket item card(s).
Uploaded MV8542_01_Aluminum_Rim_Clean.jpg to train/Aluminum_Rim_Clean/ and all_by_ticket/MV8542/ using Direct Image Src
Uploaded 1 image(s) for MV8542
Opening ticket MV8541...
Downloading images for MV8541...
Waiting for ticket detail for MV8541...
Found 1 ticket item card(s).
No direct full-size image URL found for MV8541 item 1 (Sheet Iron).
Skipping ticket MV8541: no usable image tasks found.
Uploaded 0 image(s) for MV8541
Opening ticket MV8540...
Downloading images for MV8540...
Waiting for ticket detail for MV8540...
Found 14 ticket item card(s).
No direct full-size image URL found for MV8540 item 1 (Sheet Iron).
Uploaded MV8540_08_Irony_Aluminum.jpg to train/Irony_Aluminum/ and all_by_ticket/MV8540/ using Direct Image Src
Uploaded MV8540_04_Acr_Radiator_Ends.jpg to train/Acr_Radiator_Ends/ and all_by_ticket/MV8540/ using Direct Image Src
Uploaded MV8540_06_Unclean_Extrusion.jpg to train/Unclean_Extrusion/ and all_by_ticket/MV8540/ using Direct Image Src
Uploaded MV8540_02_Irony_Aluminum.jpg to train/Irony_Aluminum/ and all_by_ticket/MV8540/ using Direct Image Src
Uploaded MV8540_05_AluminumCopper_Radiator.jpg to train/AluminumCopper_Radiator/ and all_by_ticket/MV8540/ using Direct Image Src
Uploaded MV8540_07_Sheet_Aluminum.jpg to train/Sheet_Aluminum/ and all_by_ticket/MV8540/ using Direct Image Src
Uploaded MV8540_03_Alternator.jpg to train/Alternator/ and all_by_ticket/MV8540/ using Direct Image Src
Uploaded MV8540_10_Dirty_Brass.jpg to train/Dirty_Brass/ and all_by_ticket/MV8540/ using Direct Image Src
Uploaded MV8540_09_304.jpg to train/304/ and all_by_ticket/MV8540/ using Direct Image Src
Uploaded MV8540_11_Cast_Aluminum.jpg to train/Cast_Aluminum/ and all_by_ticket/MV8540/ using Direct Image Src
Uploaded MV8540_13_Transformer.jpg to train/Transformer/ and all_by_ticket/MV8540/ using Direct Image Src
Uploaded MV8540_14_2_Copper.jpg to train/2_Copper/ and all_by_ticket/MV8540/ using Direct Image Src
Uploaded MV8540_12_2_Insulated_Wire.jpg to train/2_Insulated_Wire/ and all_by_ticket/MV8540/ using Direct Image Src
Uploaded 13 image(s) for MV8540
Opening ticket MV8539...
Downloading images for MV8539...
Waiting for ticket detail for MV8539...
Found 1 ticket item card(s).
No direct full-size image URL found for MV8539 item 1 (Sheet Iron).
Skipping ticket MV8539: no usable image tasks found.
Uploaded 0 image(s) for MV8539
Pagination before click: 81 - 90 of 280
Pagination after click: 91 - 100 of 280

Processing results page 10...
Scraping ticket numbers from current page...
Waiting for search results...
Skipping ticket MV8557 due to status: CANCEL
Skipping ticket MV8552 due to status: CANCEL
Found 8 ticket(s) on this page after status filtering: ['MV8558', 'MV8556', 'MV8555', 'MV8554', 'MV8553', 'MV8551', 'MV8550', 'MV8549']
Opening ticket MV8558...
Downloading images for MV8558...
Waiting for ticket detail for MV8558...
Found 3 ticket item card(s).
Uploaded MV8558_01_Sheet_Iron.jpg to train/Sheet_Iron/ and all_by_ticket/MV8558/ using Direct Image Src
Uploaded MV8558_02_Cast_Aluminum.jpg to train/Cast_Aluminum/ and all_by_ticket/MV8558/ using Direct Image Src
Uploaded MV8558_03_2_Copper.jpg to train/2_Copper/ and all_by_ticket/MV8558/ using Direct Image Src
Uploaded 3 image(s) for MV8558
Opening ticket MV8556...
Downloading images for MV8556...
Waiting for ticket detail for MV8556...
Found 5 ticket item card(s).
Uploaded MV8556_04_Cast_Aluminum.jpg to test/Cast_Aluminum/ and all_by_ticket/MV8556/ using Direct Image Src
Uploaded MV8556_05_BareBright.jpg to train/BareBright/ and all_by_ticket/MV8556/ using Direct Image Src
Uploaded MV8556_02_Sheet_Aluminum.jpg to train/Sheet_Aluminum/ and all_by_ticket/MV8556/ using Direct Image Src
Uploaded MV8556_03_Sheet_Aluminum.jpg to train/Sheet_Aluminum/ and all_by_ticket/MV8556/ using Direct Image Src
Uploaded MV8556_01_Electric_Motor.jpg to train/Electric_Motor/ and all_by_ticket/MV8556/ using Direct Image Src
Uploaded 5 image(s) for MV8556
Opening ticket MV8555...
Downloading images for MV8555...
Waiting for ticket detail for MV8555...
Found 1 ticket item card(s).
No direct full-size image URL found for MV8555 item 1 (Sheet Iron).
Skipping ticket MV8555: no usable image tasks found.
Uploaded 0 image(s) for MV8555
Opening ticket MV8554...
Downloading images for MV8554...
Waiting for ticket detail for MV8554...
Found 1 ticket item card(s).
No direct full-size image URL found for MV8554 item 1 (Electric Motor).
Skipping ticket MV8554: no usable image tasks found.
Uploaded 0 image(s) for MV8554
Opening ticket MV8553...
Downloading images for MV8553...
Waiting for ticket detail for MV8553...
Found 2 ticket item card(s).
No direct full-size image URL found for MV8553 item 1 (Sheet Iron).
No direct full-size image URL found for MV8553 item 2 (Irony Aluminum).
Skipping ticket MV8553: no usable image tasks found.
Uploaded 0 image(s) for MV8553
Opening ticket MV8551...
Downloading images for MV8551...
Waiting for ticket detail for MV8551...
Found 1 ticket item card(s).
No direct full-size image URL found for MV8551 item 1 (Test).
Skipping ticket MV8551: no usable image tasks found.
Uploaded 0 image(s) for MV8551
Opening ticket MV8550...
Downloading images for MV8550...
Waiting for ticket detail for MV8550...
Found 1 ticket item card(s).
Uploaded MV8550_01_Aluminum_Cans.jpg to train/Aluminum_Cans/ and all_by_ticket/MV8550/ using Direct Image Src
Uploaded 1 image(s) for MV8550
Opening ticket MV8549...
Downloading images for MV8549...
Waiting for ticket detail for MV8549...
Found 1 ticket item card(s).
Uploaded MV8549_01_Romex.jpg to train/Romex/ and all_by_ticket/MV8549/ using Direct Image Src
Uploaded 1 image(s) for MV8549
Pagination before click: 91 - 100 of 280
Pagination after click: 101 - 110 of 280

Processing results page 11...
Scraping ticket numbers from current page...
Waiting for search results...
Skipping ticket MV8568 due to status: VOID
Skipping ticket MV8564 due to status: VOID
Found 8 ticket(s) on this page after status filtering: ['MV8567', 'MV8566', 'MV8565', 'MV8563', 'MV8562', 'MV8561', 'MV8560', 'MV8559']
Opening ticket MV8567...
Downloading images for MV8567...
Waiting for ticket detail for MV8567...
Found 1 ticket item card(s).
Uploaded MV8567_01_Aluminum_Cans.jpg to train/Aluminum_Cans/ and all_by_ticket/MV8567/ using Direct Image Src
Uploaded 1 image(s) for MV8567
Opening ticket MV8566...
Downloading images for MV8566...
Waiting for ticket detail for MV8566...
Found 2 ticket item card(s).
Uploaded MV8566_01_Sheet_Iron.jpg to train/Sheet_Iron/ and all_by_ticket/MV8566/ using Direct Image Src
Uploaded MV8566_02_Sheet_Iron.jpg to train/Sheet_Iron/ and all_by_ticket/MV8566/ using Direct Image Src
Uploaded 2 image(s) for MV8566
Opening ticket MV8565...
Downloading images for MV8565...
Waiting for ticket detail for MV8565...
Found 3 ticket item card(s).
Uploaded MV8565_01_2_Copper.jpg to train/2_Copper/ and all_by_ticket/MV8565/ using Direct Image Src
Uploaded MV8565_02_Dirty_Brass.jpg to val/Dirty_Brass/ and all_by_ticket/MV8565/ using Direct Image Src
Uploaded MV8565_03_2_Copper.jpg to train/2_Copper/ and all_by_ticket/MV8565/ using Direct Image Src
Uploaded 3 image(s) for MV8565
Opening ticket MV8563...
Downloading images for MV8563...
Waiting for ticket detail for MV8563...
Found 1 ticket item card(s).
No direct full-size image URL found for MV8563 item 1 (Sheet Iron).
Skipping ticket MV8563: no usable image tasks found.
Uploaded 0 image(s) for MV8563
Opening ticket MV8562...
Downloading images for MV8562...
Waiting for ticket detail for MV8562...
Found 4 ticket item card(s).
Uploaded MV8562_01_Cast_Aluminum.jpg to val/Cast_Aluminum/ and all_by_ticket/MV8562/ using Direct Image Src
Uploaded MV8562_03_Extrusion.jpg to train/Extrusion/ and all_by_ticket/MV8562/ using Direct Image Src
Uploaded MV8562_02_Sheet_Aluminum.jpg to train/Sheet_Aluminum/ and all_by_ticket/MV8562/ using Direct Image Src
Uploaded MV8562_04_Irony_Aluminum.jpg to train/Irony_Aluminum/ and all_by_ticket/MV8562/ using Direct Image Src
Uploaded 4 image(s) for MV8562
Opening ticket MV8561...
Downloading images for MV8561...
Waiting for ticket detail for MV8561...
Found 2 ticket item card(s).
Uploaded MV8561_01_Aluminum_Cans.jpg to train/Aluminum_Cans/ and all_by_ticket/MV8561/ using Direct Image Src
Uploaded MV8561_02_Extrusion.jpg to train/Extrusion/ and all_by_ticket/MV8561/ using Direct Image Src
Uploaded 2 image(s) for MV8561
Opening ticket MV8560...
Downloading images for MV8560...
Waiting for ticket detail for MV8560...
Found 1 ticket item card(s).
No direct full-size image URL found for MV8560 item 1 (Sheet Iron).
Skipping ticket MV8560: no usable image tasks found.
Uploaded 0 image(s) for MV8560
Opening ticket MV8559...
Downloading images for MV8559...
Waiting for ticket detail for MV8559...
Found 6 ticket item card(s).
Uploaded MV8559_03_Sheet_Iron.jpg to train/Sheet_Iron/ and all_by_ticket/MV8559/ using Direct Image Src
Uploaded MV8559_05_Sheet_Iron.jpg to train/Sheet_Iron/ and all_by_ticket/MV8559/ using Direct Image Src
Uploaded MV8559_02_Complete_PC.jpg to train/Complete_PC/ and all_by_ticket/MV8559/ using Direct Image Src
Uploaded MV8559_01_Sheet_Iron.jpg to train/Sheet_Iron/ and all_by_ticket/MV8559/ using Direct Image Src
Uploaded MV8559_04_Low_Grade_Insulated_Wire.jpg to val/Low_Grade_Insulated_Wire/ and all_by_ticket/MV8559/ using Direct Image Src
Uploaded MV8559_06_2_Copper.jpg to train/2_Copper/ and all_by_ticket/MV8559/ using Direct Image Src
Uploaded 6 image(s) for MV8559
Pagination before click: 101 - 110 of 280
Pagination after click: 111 - 120 of 280

Processing results page 12...
Scraping ticket numbers from current page...
Waiting for search results...
Skipping ticket MV8573 due to status: VOID
Skipping ticket MV8572 due to status: VOID
Found 8 ticket(s) on this page after status filtering: ['MV8578', 'MV8577', 'MV8576', 'MV8575', 'MV8574', 'MV8571', 'MV8570', 'MV8569']
Opening ticket MV8578...
Downloading images for MV8578...
Waiting for ticket detail for MV8578...
Found 1 ticket item card(s).
No direct full-size image URL found for MV8578 item 1 (Sheet Iron).
Skipping ticket MV8578: no usable image tasks found.
Uploaded 0 image(s) for MV8578
Opening ticket MV8577...
Downloading images for MV8577...
Waiting for ticket detail for MV8577...
Found 1 ticket item card(s).
Uploaded MV8577_01_Yellow_Brass_Clean.jpg to val/Yellow_Brass_Clean/ and all_by_ticket/MV8577/ using Direct Image Src
Uploaded 1 image(s) for MV8577
Opening ticket MV8576...
Downloading images for MV8576...
Waiting for ticket detail for MV8576...
Found 5 ticket item card(s).
Uploaded MV8576_02_Aluminum_Radiator.jpg to train/Aluminum_Radiator/ and all_by_ticket/MV8576/ using Direct Image Src
Uploaded MV8576_05_2_Insulated_Wire.jpg to test/2_Insulated_Wire/ and all_by_ticket/MV8576/ using Direct Image Src
Uploaded MV8576_04_1_Insulated_Wire.jpg to train/1_Insulated_Wire/ and all_by_ticket/MV8576/ using Direct Image Src
Uploaded MV8576_03_MC_Metal_Shield.jpg to train/MC_Metal_Shield/ and all_by_ticket/MV8576/ using Direct Image Src
Uploaded MV8576_01_1_Copper.jpg to train/1_Copper/ and all_by_ticket/MV8576/ using Direct Image Src
Uploaded 5 image(s) for MV8576
Opening ticket MV8575...
Downloading images for MV8575...
Waiting for ticket detail for MV8575...
Found 1 ticket item card(s).
No direct full-size image URL found for MV8575 item 1 (Sheet Iron).
Skipping ticket MV8575: no usable image tasks found.
Uploaded 0 image(s) for MV8575
Opening ticket MV8574...
Downloading images for MV8574...
Waiting for ticket detail for MV8574...
Found 2 ticket item card(s).
No direct full-size image URL found for MV8574 item 1 (Sheet Iron).
Uploaded MV8574_02_2_Insulated_Wire.jpg to train/2_Insulated_Wire/ and all_by_ticket/MV8574/ using Direct Image Src
Uploaded 1 image(s) for MV8574
Opening ticket MV8571...
Downloading images for MV8571...
Waiting for ticket detail for MV8571...
Found 3 ticket item card(s).
Uploaded MV8571_03_2_Insulated_Wire.jpg to train/2_Insulated_Wire/ and all_by_ticket/MV8571/ using Direct Image Src
Uploaded MV8571_01_Electric_Motor.jpg to train/Electric_Motor/ and all_by_ticket/MV8571/ using Direct Image Src
Uploaded MV8571_02_Sheet_Iron.jpg to train/Sheet_Iron/ and all_by_ticket/MV8571/ using Direct Image Src
Uploaded 3 image(s) for MV8571
Opening ticket MV8570...
Downloading images for MV8570...
Waiting for ticket detail for MV8570...
Found 3 ticket item card(s).
Uploaded MV8570_03_Dirty_Brass.jpg to train/Dirty_Brass/ and all_by_ticket/MV8570/ using Direct Image Src
Uploaded MV8570_02_2_Copper.jpg to test/2_Copper/ and all_by_ticket/MV8570/ using Direct Image Src
Uploaded MV8570_01_2_Insulated_Wire.jpg to train/2_Insulated_Wire/ and all_by_ticket/MV8570/ using Direct Image Src
Uploaded 3 image(s) for MV8570
Opening ticket MV8569...
Downloading images for MV8569...
Waiting for ticket detail for MV8569...
Found 3 ticket item card(s).
No direct full-size image URL found for MV8569 item 1 (#2 Insulated Wire).
No direct full-size image URL found for MV8569 item 2 (#2 Insulated Wire).
No direct full-size image URL found for MV8569 item 3 (#2 Insulated Wire).
Skipping ticket MV8569: no usable image tasks found.
Uploaded 0 image(s) for MV8569
Pagination before click: 111 - 120 of 280
Pagination after click: 121 - 130 of 280

Processing results page 13...
Scraping ticket numbers from current page...
Waiting for search results...
Skipping ticket MV8584 due to status: VOID
Skipping ticket MV8581 due to status: VOID
Skipping ticket MV8580 due to status: VOID
Found 7 ticket(s) on this page after status filtering: ['MV8588', 'MV8587', 'MV8586', 'MV8585', 'MV8583', 'MV8582', 'MV8579']
Opening ticket MV8588...
Downloading images for MV8588...
Waiting for ticket detail for MV8588...
Found 3 ticket item card(s).
Uploaded MV8588_03_Aluminum_Cans.jpg to train/Aluminum_Cans/ and all_by_ticket/MV8588/ using Direct Image Src
Uploaded MV8588_02_Sheet_Iron.jpg to train/Sheet_Iron/ and all_by_ticket/MV8588/ using Direct Image Src
Uploaded MV8588_01_Cast_Aluminum.jpg to train/Cast_Aluminum/ and all_by_ticket/MV8588/ using Direct Image Src
Uploaded 3 image(s) for MV8588
Opening ticket MV8587...
Downloading images for MV8587...
Waiting for ticket detail for MV8587...
Found 1 ticket item card(s).
No direct full-size image URL found for MV8587 item 1 (Test).
Skipping ticket MV8587: no usable image tasks found.
Uploaded 0 image(s) for MV8587
Opening ticket MV8586...
Downloading images for MV8586...
Waiting for ticket detail for MV8586...
Found 4 ticket item card(s).
No direct full-size image URL found for MV8586 item 1 (Sheet Iron).
Uploaded MV8586_04_Sheet_Aluminum.jpg to train/Sheet_Aluminum/ and all_by_ticket/MV8586/ using Direct Image Src
Uploaded MV8586_03_2_Insulated_Wire.jpg to train/2_Insulated_Wire/ and all_by_ticket/MV8586/ using Direct Image Src
Uploaded MV8586_02_Electric_Motor.jpg to train/Electric_Motor/ and all_by_ticket/MV8586/ using Direct Image Src
Uploaded 3 image(s) for MV8586
Opening ticket MV8585...
Downloading images for MV8585...
Waiting for ticket detail for MV8585...
Found 1 ticket item card(s).
No direct full-size image URL found for MV8585 item 1 (Sheet Iron).
Skipping ticket MV8585: no usable image tasks found.
Uploaded 0 image(s) for MV8585
Opening ticket MV8583...
Downloading images for MV8583...
Waiting for ticket detail for MV8583...
Found 6 ticket item card(s).
Uploaded MV8583_03_Transformer.jpg to test/Transformer/ and all_by_ticket/MV8583/ using Direct Image Src
Uploaded MV8583_02_2_Copper.jpg to test/2_Copper/ and all_by_ticket/MV8583/ using Direct Image Src
Uploaded MV8583_01_2_Insulated_Wire.jpg to train/2_Insulated_Wire/ and all_by_ticket/MV8583/ using Direct Image Src
Uploaded MV8583_04_2_Insulated_Wire.jpg to train/2_Insulated_Wire/ and all_by_ticket/MV8583/ using Direct Image Src
Uploaded MV8583_06_Sheet_Iron.jpg to train/Sheet_Iron/ and all_by_ticket/MV8583/ using Direct Image Src
Uploaded MV8583_05_Auto_Batteries.jpg to train/Auto_Batteries/ and all_by_ticket/MV8583/ using Direct Image Src
Uploaded 6 image(s) for MV8583
Opening ticket MV8582...
Downloading images for MV8582...
Waiting for ticket detail for MV8582...
Found 6 ticket item card(s).
No direct full-size image URL found for MV8582 item 1 (Sheet Iron).
Uploaded MV8582_02_Irony_Aluminum.jpg to train/Irony_Aluminum/ and all_by_ticket/MV8582/ using Direct Image Src
Uploaded MV8582_03_Sheet_Aluminum.jpg to val/Sheet_Aluminum/ and all_by_ticket/MV8582/ using Direct Image Src
Uploaded MV8582_04_1_Copper.jpg to train/1_Copper/ and all_by_ticket/MV8582/ using Direct Image Src
Uploaded MV8582_06_Sheet_Copper.jpg to train/Sheet_Copper/ and all_by_ticket/MV8582/ using Direct Image Src
Uploaded MV8582_05_1_Copper.jpg to train/1_Copper/ and all_by_ticket/MV8582/ using Direct Image Src
Uploaded 5 image(s) for MV8582
Opening ticket MV8579...
Downloading images for MV8579...
Waiting for ticket detail for MV8579...
Found 6 ticket item card(s).
Uploaded MV8579_01_BareBright.jpg to train/BareBright/ and all_by_ticket/MV8579/ using Direct Image Src
Uploaded MV8579_03_1_Copper.jpg to train/1_Copper/ and all_by_ticket/MV8579/ using Direct Image Src
Uploaded MV8579_06_2_Copper.jpg to train/2_Copper/ and all_by_ticket/MV8579/ using Direct Image Src
Uploaded MV8579_04_BareBright.jpg to train/BareBright/ and all_by_ticket/MV8579/ using Direct Image Src
Uploaded MV8579_02_AluminumCopper_Radiator.jpg to train/AluminumCopper_Radiator/ and all_by_ticket/MV8579/ using Direct Image Src
Uploaded MV8579_05_Yellow_Brass_Clean.jpg to train/Yellow_Brass_Clean/ and all_by_ticket/MV8579/ using Direct Image Src
Uploaded 6 image(s) for MV8579
Pagination before click: 121 - 130 of 280
Pagination after click: 131 - 140 of 280

Processing results page 14...
Scraping ticket numbers from current page...
Waiting for search results...
Skipping ticket MV8591 due to status: CANCEL
Found 9 ticket(s) on this page after status filtering: ['MV8598', 'MV8597', 'MV8596', 'MV8595', 'MV8594', 'MV8593', 'MV8592', 'MV8590', 'MV8589']
Opening ticket MV8598...
Downloading images for MV8598...
Waiting for ticket detail for MV8598...
Found 1 ticket item card(s).
Uploaded MV8598_01_Aluminum_Cans.jpg to train/Aluminum_Cans/ and all_by_ticket/MV8598/ using Direct Image Src
Uploaded 1 image(s) for MV8598
Opening ticket MV8597...
Downloading images for MV8597...
Waiting for ticket detail for MV8597...
Found 4 ticket item card(s).
No direct full-size image URL found for MV8597 item 1 (Sheet Iron).
Uploaded MV8597_02_Irony_ACR_Radiators.jpg to train/Irony_ACR_Radiators/ and all_by_ticket/MV8597/ using Direct Image Src
Uploaded MV8597_04_Dirty_Brass.jpg to test/Dirty_Brass/ and all_by_ticket/MV8597/ using Direct Image Src
Uploaded MV8597_03_2_Copper.jpg to train/2_Copper/ and all_by_ticket/MV8597/ using Direct Image Src
Uploaded 3 image(s) for MV8597
Opening ticket MV8596...
Downloading images for MV8596...
Waiting for ticket detail for MV8596...
Found 12 ticket item card(s).
No direct full-size image URL found for MV8596 item 12 (Sheet Iron).
Uploaded MV8596_04_Aluminum_Rim_Clean.jpg to train/Aluminum_Rim_Clean/ and all_by_ticket/MV8596/ using Direct Image Src
Uploaded MV8596_06_Extrusion.jpg to train/Extrusion/ and all_by_ticket/MV8596/ using Direct Image Src
Uploaded MV8596_03_Extrusion.jpg to train/Extrusion/ and all_by_ticket/MV8596/ using Direct Image Src
Uploaded MV8596_01_Low_Grade_Insulated_Wire.jpg to train/Low_Grade_Insulated_Wire/ and all_by_ticket/MV8596/ using Direct Image Src
Uploaded MV8596_02_Cast_Aluminum.jpg to test/Cast_Aluminum/ and all_by_ticket/MV8596/ using Direct Image Src
Uploaded MV8596_05_Irony_Aluminum.jpg to train/Irony_Aluminum/ and all_by_ticket/MV8596/ using Direct Image Src
Uploaded MV8596_07_Cast_Aluminum.jpg to train/Cast_Aluminum/ and all_by_ticket/MV8596/ using Direct Image Src
Uploaded MV8596_09_Yellow_Brass_Clean.jpg to train/Yellow_Brass_Clean/ and all_by_ticket/MV8596/ using Direct Image Src
Uploaded MV8596_11_2_Copper.jpg to train/2_Copper/ and all_by_ticket/MV8596/ using Direct Image Src
Uploaded MV8596_10_Dirty_Brass.jpg to train/Dirty_Brass/ and all_by_ticket/MV8596/ using Direct Image Src
Uploaded MV8596_08_Irony_Aluminum.jpg to test/Irony_Aluminum/ and all_by_ticket/MV8596/ using Direct Image Src
Uploaded 11 image(s) for MV8596
Opening ticket MV8595...
Downloading images for MV8595...
Waiting for ticket detail for MV8595...
Found 1 ticket item card(s).
No direct full-size image URL found for MV8595 item 1 (Sheet Iron).
Skipping ticket MV8595: no usable image tasks found.
Uploaded 0 image(s) for MV8595
Opening ticket MV8594...
Downloading images for MV8594...
Waiting for ticket detail for MV8594...
Found 1 ticket item card(s).
No direct full-size image URL found for MV8594 item 1 (Aluminum Cans).
Skipping ticket MV8594: no usable image tasks found.
Uploaded 0 image(s) for MV8594
Opening ticket MV8593...
Downloading images for MV8593...
Waiting for ticket detail for MV8593...
Found 3 ticket item card(s).
No direct full-size image URL found for MV8593 item 1 (Sheet Iron).
Uploaded MV8593_02_Sheet_Aluminum.jpg to train/Sheet_Aluminum/ and all_by_ticket/MV8593/ using Direct Image Src
Uploaded MV8593_03_Cat_56.jpg to val/Cat_56/ and all_by_ticket/MV8593/ using Direct Image Src
Uploaded 2 image(s) for MV8593
Opening ticket MV8592...
Downloading images for MV8592...
Waiting for ticket detail for MV8592...
Found 7 ticket item card(s).
Uploaded MV8592_04_Copper_Breakage.jpg to train/Copper_Breakage/ and all_by_ticket/MV8592/ using Direct Image Src
Uploaded MV8592_05_Yellow_Brass_Clean.jpg to train/Yellow_Brass_Clean/ and all_by_ticket/MV8592/ using Direct Image Src
Uploaded MV8592_01_Transformer.jpg to train/Transformer/ and all_by_ticket/MV8592/ using Direct Image Src
Uploaded MV8592_03_Ballast.jpg to test/Ballast/ and all_by_ticket/MV8592/ using Direct Image Src
Uploaded MV8592_02_Dirty_Brass.jpg to train/Dirty_Brass/ and all_by_ticket/MV8592/ using Direct Image Src
Uploaded MV8592_06_2_Copper.jpg to train/2_Copper/ and all_by_ticket/MV8592/ using Direct Image Src
Uploaded MV8592_07_Low_Grade_Insulated_Wire.jpg to train/Low_Grade_Insulated_Wire/ and all_by_ticket/MV8592/ using Direct Image Src
Uploaded 7 image(s) for MV8592
Opening ticket MV8590...
Downloading images for MV8590...
Waiting for ticket detail for MV8590...
Found 6 ticket item card(s).
Uploaded MV8590_02_Dirty_Brass.jpg to train/Dirty_Brass/ and all_by_ticket/MV8590/ using Direct Image Src
Uploaded MV8590_06_Sheet_Iron.jpg to train/Sheet_Iron/ and all_by_ticket/MV8590/ using Direct Image Src
Uploaded MV8590_01_Cast_Aluminum.jpg to train/Cast_Aluminum/ and all_by_ticket/MV8590/ using Direct Image Src
Uploaded MV8590_03_2_Copper.jpg to train/2_Copper/ and all_by_ticket/MV8590/ using Direct Image Src
Uploaded MV8590_05_Aluminum_Cans.jpg to train/Aluminum_Cans/ and all_by_ticket/MV8590/ using Direct Image Src
Uploaded MV8590_04_Irony_Aluminum.jpg to train/Irony_Aluminum/ and all_by_ticket/MV8590/ using Direct Image Src
Uploaded 6 image(s) for MV8590
Opening ticket MV8589...
Downloading images for MV8589...
Waiting for ticket detail for MV8589...
Found 3 ticket item card(s).
Uploaded MV8589_01_2_Insulated_Wire.jpg to train/2_Insulated_Wire/ and all_by_ticket/MV8589/ using Direct Image Src
Uploaded MV8589_02_2_Insulated_Wire.jpg to train/2_Insulated_Wire/ and all_by_ticket/MV8589/ using Direct Image Src
Uploaded MV8589_03_Low_Grade_Insulated_Wire.jpg to train/Low_Grade_Insulated_Wire/ and all_by_ticket/MV8589/ using Direct Image Src
Uploaded 3 image(s) for MV8589
Pagination before click: 131 - 140 of 280
Pagination after click: 141 - 150 of 280

Processing results page 15...
Scraping ticket numbers from current page...
Waiting for search results...
Skipping ticket MV8607 due to status: CANCEL
Skipping ticket MV8602 due to status: CANCEL
Found 8 ticket(s) on this page after status filtering: ['MV8608', 'MV8606', 'MV8605', 'MV8604', 'MV8603', 'MV8601', 'MV8600', 'MV8599']
Opening ticket MV8608...
Downloading images for MV8608...
Waiting for ticket detail for MV8608...
Found 3 ticket item card(s).
Uploaded MV8608_01_2_Copper.jpg to train/2_Copper/ and all_by_ticket/MV8608/ using Direct Image Src
Uploaded MV8608_02_BareBright.jpg to train/BareBright/ and all_by_ticket/MV8608/ using Direct Image Src
Uploaded MV8608_03_Sheet_Aluminum.jpg to train/Sheet_Aluminum/ and all_by_ticket/MV8608/ using Direct Image Src
Uploaded 3 image(s) for MV8608
Opening ticket MV8606...
Downloading images for MV8606...
Waiting for ticket detail for MV8606...
Found 1 ticket item card(s).
Uploaded MV8606_01_Advance.jpg to val/Advance/ and all_by_ticket/MV8606/ using Direct Image Src
Uploaded 1 image(s) for MV8606
Opening ticket MV8605...
Downloading images for MV8605...
Waiting for ticket detail for MV8605...
Found 5 ticket item card(s).
Uploaded MV8605_02_Compressors.jpg to train/Compressors/ and all_by_ticket/MV8605/ using Direct Image Src
Uploaded MV8605_05_2_Copper.jpg to train/2_Copper/ and all_by_ticket/MV8605/ using Direct Image Src
Uploaded MV8605_01_Sheet_Iron.jpg to train/Sheet_Iron/ and all_by_ticket/MV8605/ using Direct Image Src
Uploaded MV8605_04_Aluminum_Rim_Clean.jpg to train/Aluminum_Rim_Clean/ and all_by_ticket/MV8605/ using Direct Image Src
Uploaded MV8605_03_Sheet_Aluminum.jpg to train/Sheet_Aluminum/ and all_by_ticket/MV8605/ using Direct Image Src
Uploaded 5 image(s) for MV8605
Opening ticket MV8604...
Downloading images for MV8604...
Waiting for ticket detail for MV8604...
Found 4 ticket item card(s).
Uploaded MV8604_04_BareBright.jpg to train/BareBright/ and all_by_ticket/MV8604/ using Direct Image Src
Uploaded MV8604_03_2_Copper.jpg to train/2_Copper/ and all_by_ticket/MV8604/ using Direct Image Src
Uploaded MV8604_01_Yellow_Brass_Clean.jpg to train/Yellow_Brass_Clean/ and all_by_ticket/MV8604/ using Direct Image Src
Uploaded MV8604_02_Cast_Aluminum.jpg to test/Cast_Aluminum/ and all_by_ticket/MV8604/ using Direct Image Src
Uploaded 4 image(s) for MV8604
Opening ticket MV8603...
Downloading images for MV8603...
Waiting for ticket detail for MV8603...
Found 1 ticket item card(s).
No direct full-size image URL found for MV8603 item 1 (Sheet Iron).
Skipping ticket MV8603: no usable image tasks found.
Uploaded 0 image(s) for MV8603
Opening ticket MV8601...
Downloading images for MV8601...
Waiting for ticket detail for MV8601...
Found 1 ticket item card(s).
Uploaded MV8601_01_Sheet_Iron.jpg to train/Sheet_Iron/ and all_by_ticket/MV8601/ using Direct Image Src
Uploaded 1 image(s) for MV8601
Opening ticket MV8600...
Downloading images for MV8600...
Waiting for ticket detail for MV8600...
Found 9 ticket item card(s).
No direct full-size image URL found for MV8600 item 1 (Sheet Iron).
Uploaded MV8600_05_Irony_Aluminum.jpg to train/Irony_Aluminum/ and all_by_ticket/MV8600/ using Direct Image Src
Uploaded MV8600_02_Aluminum_Rim_Clean.jpg to train/Aluminum_Rim_Clean/ and all_by_ticket/MV8600/ using Direct Image Src
Uploaded MV8600_06_Sheet_Iron.jpg to train/Sheet_Iron/ and all_by_ticket/MV8600/ using Direct Image Src
Uploaded MV8600_03_Extrusion.jpg to train/Extrusion/ and all_by_ticket/MV8600/ using Direct Image Src
Uploaded MV8600_04_Electric_Motor.jpg to train/Electric_Motor/ and all_by_ticket/MV8600/ using Direct Image Src
Uploaded MV8600_09_Auto_Batteries.jpg to test/Auto_Batteries/ and all_by_ticket/MV8600/ using Direct Image Src
Uploaded MV8600_08_2_Copper.jpg to train/2_Copper/ and all_by_ticket/MV8600/ using Direct Image Src
Uploaded MV8600_07_Cast_Aluminum.jpg to train/Cast_Aluminum/ and all_by_ticket/MV8600/ using Direct Image Src
Uploaded 8 image(s) for MV8600
Opening ticket MV8599...
Downloading images for MV8599...
Waiting for ticket detail for MV8599...
Found 1 ticket item card(s).
Uploaded MV8599_01_Pallets.jpg to val/Pallets/ and all_by_ticket/MV8599/ using Direct Image Src
Uploaded 1 image(s) for MV8599
Pagination before click: 141 - 150 of 280
Pagination after click: 151 - 160 of 280

Processing results page 16...
Scraping ticket numbers from current page...
Waiting for search results...
Skipping ticket MV8614 due to status: CANCEL
Found 9 ticket(s) on this page after status filtering: ['MV8618', 'MV8617', 'MV8616', 'MV8615', 'MV8613', 'MV8612', 'MV8611', 'MV8610', 'MV8609']
Opening ticket MV8618...
Downloading images for MV8618...
Waiting for ticket detail for MV8618...
Found 1 ticket item card(s).
Uploaded MV8618_01_Circuit_Board_Low_Grade.jpg to train/Circuit_Board_Low_Grade/ and all_by_ticket/MV8618/ using Direct Image Src
Uploaded 1 image(s) for MV8618
Opening ticket MV8617...
Downloading images for MV8617...
Waiting for ticket detail for MV8617...
Found 5 ticket item card(s).
No direct full-size image URL found for MV8617 item 1 (Sheet Iron).
Uploaded MV8617_02_Extrusion.jpg to train/Extrusion/ and all_by_ticket/MV8617/ using Direct Image Src
Uploaded MV8617_04_Sheet_Aluminum.jpg to train/Sheet_Aluminum/ and all_by_ticket/MV8617/ using Direct Image Src
Uploaded MV8617_03_Irony_Aluminum.jpg to train/Irony_Aluminum/ and all_by_ticket/MV8617/ using Direct Image Src
Uploaded MV8617_05_Irony_Aluminum.jpg to train/Irony_Aluminum/ and all_by_ticket/MV8617/ using Direct Image Src
Uploaded 4 image(s) for MV8617
Opening ticket MV8616...
Downloading images for MV8616...
Waiting for ticket detail for MV8616...
Found 1 ticket item card(s).
No direct full-size image URL found for MV8616 item 1 (Pallets).
Skipping ticket MV8616: no usable image tasks found.
Uploaded 0 image(s) for MV8616
Opening ticket MV8615...
Downloading images for MV8615...
Waiting for ticket detail for MV8615...
Found 2 ticket item card(s).
Uploaded MV8615_02_Transformer.jpg to train/Transformer/ and all_by_ticket/MV8615/ using Direct Image Src
Uploaded MV8615_01_2_Copper.jpg to train/2_Copper/ and all_by_ticket/MV8615/ using Direct Image Src
Uploaded 2 image(s) for MV8615
Opening ticket MV8613...
Downloading images for MV8613...
Waiting for ticket detail for MV8613...
Found 1 ticket item card(s).
No direct full-size image URL found for MV8613 item 1 (Sheet Iron).
Skipping ticket MV8613: no usable image tasks found.
Uploaded 0 image(s) for MV8613
Opening ticket MV8612...
Downloading images for MV8612...
Waiting for ticket detail for MV8612...
Found 8 ticket item card(s).
Uploaded MV8612_03_Sheet_Iron.jpg to val/Sheet_Iron/ and all_by_ticket/MV8612/ using Direct Image Src
Uploaded MV8612_01_Irony_Aluminum.jpg to train/Irony_Aluminum/ and all_by_ticket/MV8612/ using Direct Image Src
Uploaded MV8612_02_Chrome_Rims.jpg to train/Chrome_Rims/ and all_by_ticket/MV8612/ using Direct Image Src
Uploaded MV8612_04_Dirty_Brass.jpg to train/Dirty_Brass/ and all_by_ticket/MV8612/ using Direct Image Src
Uploaded MV8612_06_2_Copper.jpg to test/2_Copper/ and all_by_ticket/MV8612/ using Direct Image Src
Uploaded MV8612_07_2_Insulated_Wire.jpg to val/2_Insulated_Wire/ and all_by_ticket/MV8612/ using Direct Image Src
Uploaded MV8612_05_Sealed_Units.jpg to train/Sealed_Units/ and all_by_ticket/MV8612/ using Direct Image Src
Uploaded MV8612_08_Irony_Aluminum.jpg to train/Irony_Aluminum/ and all_by_ticket/MV8612/ using Direct Image Src
Uploaded 8 image(s) for MV8612
Opening ticket MV8611...
Downloading images for MV8611...
Waiting for ticket detail for MV8611...
Found 1 ticket item card(s).
No direct full-size image URL found for MV8611 item 1 (Sheet Iron).
Skipping ticket MV8611: no usable image tasks found.
Uploaded 0 image(s) for MV8611
Opening ticket MV8610...
Downloading images for MV8610...
Waiting for ticket detail for MV8610...
Found 1 ticket item card(s).
Uploaded MV8610_01_Aluminum_Cans.jpg to train/Aluminum_Cans/ and all_by_ticket/MV8610/ using Direct Image Src
Uploaded 1 image(s) for MV8610
Opening ticket MV8609...
Downloading images for MV8609...
Waiting for ticket detail for MV8609...
Found 1 ticket item card(s).
Uploaded MV8609_01_Carbide.jpg to train/Carbide/ and all_by_ticket/MV8609/ using Direct Image Src
Uploaded 1 image(s) for MV8609
Pagination before click: 151 - 160 of 280
Pagination after click: 161 - 170 of 280

Processing results page 17...
Scraping ticket numbers from current page...
Waiting for search results...
Skipping ticket MV8619 due to status: CANCEL
Found 9 ticket(s) on this page after status filtering: ['MV8628', 'MV8627', 'MV8626', 'MV8625', 'MV8624', 'MV8623', 'MV8622', 'MV8621', 'MV8620']
Opening ticket MV8628...
Downloading images for MV8628...
Waiting for ticket detail for MV8628...
Found 6 ticket item card(s).
No direct full-size image URL found for MV8628 item 1 (Sheet Iron).
Uploaded MV8628_02_AluminumCopper_Radiator.jpg to train/AluminumCopper_Radiator/ and all_by_ticket/MV8628/ using Direct Image Src
Uploaded MV8628_04_Irony_Aluminum.jpg to val/Irony_Aluminum/ and all_by_ticket/MV8628/ using Direct Image Src
Uploaded MV8628_03_Aluminum_Wire_Insulated.jpg to train/Aluminum_Wire_Insulated/ and all_by_ticket/MV8628/ using Direct Image Src
Uploaded MV8628_06_BareBright.jpg to train/BareBright/ and all_by_ticket/MV8628/ using Direct Image Src
Uploaded MV8628_05_2_Copper.jpg to train/2_Copper/ and all_by_ticket/MV8628/ using Direct Image Src
Uploaded 5 image(s) for MV8628
Opening ticket MV8627...
Downloading images for MV8627...
Waiting for ticket detail for MV8627...
Found 1 ticket item card(s).
No direct full-size image URL found for MV8627 item 1 (Sheet Iron).
Skipping ticket MV8627: no usable image tasks found.
Uploaded 0 image(s) for MV8627
Opening ticket MV8626...
Downloading images for MV8626...
Waiting for ticket detail for MV8626...
Found 2 ticket item card(s).
No direct full-size image URL found for MV8626 item 1 (Irony Aluminum).
No direct full-size image URL found for MV8626 item 2 (Sheet Iron).
Skipping ticket MV8626: no usable image tasks found.
Uploaded 0 image(s) for MV8626
Opening ticket MV8625...
Downloading images for MV8625...
Waiting for ticket detail for MV8625...
Found 1 ticket item card(s).
Uploaded MV8625_01_Aluminum_Wire_Clean_No_Insulation.jpg to train/Aluminum_Wire_Clean_No_Insulation/ and all_by_ticket/MV8625/ using Direct Image Src
Uploaded 1 image(s) for MV8625
Opening ticket MV8624...
Downloading images for MV8624...
Waiting for ticket detail for MV8624...
Found 2 ticket item card(s).
Uploaded MV8624_01_AluminumCopper_Radiator.jpg to train/AluminumCopper_Radiator/ and all_by_ticket/MV8624/ using Direct Image Src
Uploaded MV8624_02_2_Copper.jpg to train/2_Copper/ and all_by_ticket/MV8624/ using Direct Image Src
Uploaded 2 image(s) for MV8624
Opening ticket MV8623...
Downloading images for MV8623...
Waiting for ticket detail for MV8623...
Found 2 ticket item card(s).
Uploaded MV8623_01_BareBright.jpg to train/BareBright/ and all_by_ticket/MV8623/ using Direct Image Src
Uploaded MV8623_02_BareBright.jpg to train/BareBright/ and all_by_ticket/MV8623/ using Direct Image Src
Uploaded 2 image(s) for MV8623
Opening ticket MV8622...
Downloading images for MV8622...
Waiting for ticket detail for MV8622...
Found 11 ticket item card(s).
No direct full-size image URL found for MV8622 item 1 (Sheet Iron).
Uploaded MV8622_03_Yellow_Brass_Clean.jpg to train/Yellow_Brass_Clean/ and all_by_ticket/MV8622/ using Direct Image Src
Uploaded MV8622_05_DIECAST.jpg to train/DIECAST/ and all_by_ticket/MV8622/ using Direct Image Src
Uploaded MV8622_06_2_Copper.jpg to train/2_Copper/ and all_by_ticket/MV8622/ using Direct Image Src
Uploaded MV8622_02_Gutters_Siding.jpg to train/Gutters_Siding/ and all_by_ticket/MV8622/ using Direct Image Src
Uploaded MV8622_04_Dirty_Brass.jpg to test/Dirty_Brass/ and all_by_ticket/MV8622/ using Direct Image Src
Uploaded MV8622_10_Low_Grade_Insulated_Wire.jpg to train/Low_Grade_Insulated_Wire/ and all_by_ticket/MV8622/ using Direct Image Src
Uploaded MV8622_11_Low_Grade_Insulated_Wire.jpg to train/Low_Grade_Insulated_Wire/ and all_by_ticket/MV8622/ using Direct Image Src
Uploaded MV8622_08_Irony_Aluminum.jpg to val/Irony_Aluminum/ and all_by_ticket/MV8622/ using Direct Image Src
Uploaded MV8622_07_Auto_Batteries.jpg to train/Auto_Batteries/ and all_by_ticket/MV8622/ using Direct Image Src
Uploaded MV8622_09_2_Insulated_Wire.jpg to train/2_Insulated_Wire/ and all_by_ticket/MV8622/ using Direct Image Src
Uploaded 10 image(s) for MV8622
Opening ticket MV8621...
Downloading images for MV8621...
Waiting for ticket detail for MV8621...
Found 1 ticket item card(s).
Uploaded MV8621_01_BareBright.jpg to train/BareBright/ and all_by_ticket/MV8621/ using Direct Image Src
Uploaded 1 image(s) for MV8621
Opening ticket MV8620...
Downloading images for MV8620...
Waiting for ticket detail for MV8620...
Found 1 ticket item card(s).
No direct full-size image URL found for MV8620 item 1 (Sheet Iron).
Skipping ticket MV8620: no usable image tasks found.
Uploaded 0 image(s) for MV8620
Pagination before click: 161 - 170 of 280
Pagination after click: 171 - 180 of 280

Processing results page 18...
Scraping ticket numbers from current page...
Waiting for search results...
Skipping ticket MV8632 due to status: CANCEL
Skipping ticket MV8630 due to status: CANCEL
Found 8 ticket(s) on this page after status filtering: ['MV8638', 'MV8637', 'MV8636', 'MV8635', 'MV8634', 'MV8633', 'MV8631', 'MV8629']
Opening ticket MV8638...
Downloading images for MV8638...
Waiting for ticket detail for MV8638...
Found 7 ticket item card(s).
Uploaded MV8638_04_2_Copper.jpg to train/2_Copper/ and all_by_ticket/MV8638/ using Direct Image Src
Uploaded MV8638_05_Electric_Motor.jpg to test/Electric_Motor/ and all_by_ticket/MV8638/ using Direct Image Src
Uploaded MV8638_06_Irony_SS.jpg to train/Irony_SS/ and all_by_ticket/MV8638/ using Direct Image Src
Uploaded MV8638_03_BareBright.jpg to train/BareBright/ and all_by_ticket/MV8638/ using Direct Image Src
Uploaded MV8638_01_Low_Grade_Insulated_Wire.jpg to val/Low_Grade_Insulated_Wire/ and all_by_ticket/MV8638/ using Direct Image Src
Uploaded MV8638_02_Aluminum_Cans.jpg to train/Aluminum_Cans/ and all_by_ticket/MV8638/ using Direct Image Src
Uploaded MV8638_07_Irony_Aluminum.jpg to val/Irony_Aluminum/ and all_by_ticket/MV8638/ using Direct Image Src
Uploaded 7 image(s) for MV8638
Opening ticket MV8637...
Downloading images for MV8637...
Waiting for ticket detail for MV8637...
Found 1 ticket item card(s).
No direct full-size image URL found for MV8637 item 1 (Test).
Skipping ticket MV8637: no usable image tasks found.
Uploaded 0 image(s) for MV8637
Opening ticket MV8636...
Downloading images for MV8636...
Waiting for ticket detail for MV8636...
Found 3 ticket item card(s).
Uploaded MV8636_01_2_Insulated_Wire.jpg to train/2_Insulated_Wire/ and all_by_ticket/MV8636/ using Direct Image Src
Uploaded MV8636_02_Sheet_Aluminum.jpg to train/Sheet_Aluminum/ and all_by_ticket/MV8636/ using Direct Image Src
Uploaded MV8636_03_Electric_Motor.jpg to test/Electric_Motor/ and all_by_ticket/MV8636/ using Direct Image Src
Uploaded 3 image(s) for MV8636
Opening ticket MV8635...
Downloading images for MV8635...
Waiting for ticket detail for MV8635...
Found 5 ticket item card(s).
Uploaded MV8635_03_Complete_PC.jpg to val/Complete_PC/ and all_by_ticket/MV8635/ using Direct Image Src
Uploaded MV8635_04_Irony_Aluminum.jpg to test/Irony_Aluminum/ and all_by_ticket/MV8635/ using Direct Image Src
Uploaded MV8635_01_Laptops_Complete.jpg to train/Laptops_Complete/ and all_by_ticket/MV8635/ using Direct Image Src
Uploaded MV8635_05_Low_Grade_Insulated_Wire.jpg to train/Low_Grade_Insulated_Wire/ and all_by_ticket/MV8635/ using Direct Image Src
Uploaded MV8635_02_Cast_Aluminum.jpg to train/Cast_Aluminum/ and all_by_ticket/MV8635/ using Direct Image Src
Uploaded 5 image(s) for MV8635
Opening ticket MV8634...
Downloading images for MV8634...
Waiting for ticket detail for MV8634...
Found 2 ticket item card(s).
No direct full-size image URL found for MV8634 item 1 (Sheet Iron).
Uploaded MV8634_02_Sheet_Aluminum.jpg to train/Sheet_Aluminum/ and all_by_ticket/MV8634/ using Direct Image Src
Uploaded 1 image(s) for MV8634
Opening ticket MV8633...
Downloading images for MV8633...
Waiting for ticket detail for MV8633...
Found 5 ticket item card(s).
Uploaded MV8633_05_Sheet_Aluminum.jpg to train/Sheet_Aluminum/ and all_by_ticket/MV8633/ using Direct Image Src
Uploaded MV8633_04_Electric_Motor.jpg to train/Electric_Motor/ and all_by_ticket/MV8633/ using Direct Image Src
Uploaded MV8633_02_Low_Grade_Insulated_Wire.jpg to train/Low_Grade_Insulated_Wire/ and all_by_ticket/MV8633/ using Direct Image Src
Uploaded MV8633_01_Extrusion.jpg to train/Extrusion/ and all_by_ticket/MV8633/ using Direct Image Src
Uploaded MV8633_03_Sheet_Iron.jpg to train/Sheet_Iron/ and all_by_ticket/MV8633/ using Direct Image Src
Uploaded 5 image(s) for MV8633
Opening ticket MV8631...
Downloading images for MV8631...
Waiting for ticket detail for MV8631...
Found 1 ticket item card(s).
Uploaded MV8631_01_Sheet_Aluminum.jpg to train/Sheet_Aluminum/ and all_by_ticket/MV8631/ using Direct Image Src
Uploaded 1 image(s) for MV8631
Opening ticket MV8629...
Downloading images for MV8629...
Waiting for ticket detail for MV8629...
Found 5 ticket item card(s).
No direct full-size image URL found for MV8629 item 1 (Sheet Iron).
Uploaded MV8629_02_2_Copper.jpg to val/2_Copper/ and all_by_ticket/MV8629/ using Direct Image Src
Uploaded MV8629_04_2_Insulated_Wire.jpg to test/2_Insulated_Wire/ and all_by_ticket/MV8629/ using Direct Image Src
Uploaded MV8629_05_Cat_56.jpg to val/Cat_56/ and all_by_ticket/MV8629/ using Direct Image Src
Uploaded MV8629_03_1_Insulated_Wire.jpg to train/1_Insulated_Wire/ and all_by_ticket/MV8629/ using Direct Image Src
Uploaded 4 image(s) for MV8629
Pagination before click: 171 - 180 of 280
Pagination after click: 181 - 190 of 280

Processing results page 19...
Scraping ticket numbers from current page...
Waiting for search results...
Skipping ticket MV8645 due to status: VOID
Skipping ticket MV8644 due to status: CANCEL
Found 8 ticket(s) on this page after status filtering: ['MV8648', 'MV8647', 'MV8646', 'MV8643', 'MV8642', 'MV8641', 'MV8640', 'MV8639']
Opening ticket MV8648...
Downloading images for MV8648...
Waiting for ticket detail for MV8648...
Found 1 ticket item card(s).
Uploaded MV8648_01_BareBright.jpg to train/BareBright/ and all_by_ticket/MV8648/ using Direct Image Src
Uploaded 1 image(s) for MV8648
Opening ticket MV8647...
Downloading images for MV8647...
Waiting for ticket detail for MV8647...
Found 1 ticket item card(s).
No direct full-size image URL found for MV8647 item 1 (Sheet Iron).
Skipping ticket MV8647: no usable image tasks found.
Uploaded 0 image(s) for MV8647
Opening ticket MV8646...
Downloading images for MV8646...
Waiting for ticket detail for MV8646...
Found 2 ticket item card(s).
Uploaded MV8646_01_Aluminum_Cans.jpg to train/Aluminum_Cans/ and all_by_ticket/MV8646/ using Direct Image Src
Uploaded MV8646_02_Sheet_Iron.jpg to train/Sheet_Iron/ and all_by_ticket/MV8646/ using Direct Image Src
Uploaded 2 image(s) for MV8646
Opening ticket MV8643...
Downloading images for MV8643...
Waiting for ticket detail for MV8643...
Found 4 ticket item card(s).
No direct full-size image URL found for MV8643 item 1 (Sheet Iron).
No direct full-size image URL found for MV8643 item 2 (Sheet Iron).
Uploaded MV8643_03_Aluminum_Rim_Clean.jpg to train/Aluminum_Rim_Clean/ and all_by_ticket/MV8643/ using Direct Image Src
Uploaded MV8643_04_Extrusion.jpg to train/Extrusion/ and all_by_ticket/MV8643/ using Direct Image Src
Uploaded 2 image(s) for MV8643
Opening ticket MV8642...
Downloading images for MV8642...
Waiting for ticket detail for MV8642...
Found 1 ticket item card(s).
No direct full-size image URL found for MV8642 item 1 (Sheet Iron).
Skipping ticket MV8642: no usable image tasks found.
Uploaded 0 image(s) for MV8642
Opening ticket MV8641...
Downloading images for MV8641...
Waiting for ticket detail for MV8641...
Found 2 ticket item card(s).
Uploaded MV8641_02_1_Copper.jpg to train/1_Copper/ and all_by_ticket/MV8641/ using Direct Image Src
Uploaded MV8641_01_BareBright.jpg to test/BareBright/ and all_by_ticket/MV8641/ using Direct Image Src
Uploaded 2 image(s) for MV8641
Opening ticket MV8640...
Downloading images for MV8640...
Waiting for ticket detail for MV8640...
Found 6 ticket item card(s).
No direct full-size image URL found for MV8640 item 1 (Sheet Iron).
Uploaded MV8640_03_Transformer.jpg to train/Transformer/ and all_by_ticket/MV8640/ using Direct Image Src
Uploaded MV8640_02_1_Insulated_Wire.jpg to train/1_Insulated_Wire/ and all_by_ticket/MV8640/ using Direct Image Src
Uploaded MV8640_04_2_Copper.jpg to train/2_Copper/ and all_by_ticket/MV8640/ using Direct Image Src
Uploaded MV8640_05_1_Insulated_Wire.jpg to train/1_Insulated_Wire/ and all_by_ticket/MV8640/ using Direct Image Src
Uploaded MV8640_06_Sheet_Iron.jpg to val/Sheet_Iron/ and all_by_ticket/MV8640/ using Direct Image Src
Uploaded 5 image(s) for MV8640
Opening ticket MV8639...
Downloading images for MV8639...
Waiting for ticket detail for MV8639...
Found 1 ticket item card(s).
No direct full-size image URL found for MV8639 item 1 (Sheet Iron).
Skipping ticket MV8639: no usable image tasks found.
Uploaded 0 image(s) for MV8639
Pagination before click: 181 - 190 of 280
Pagination after click: 191 - 200 of 280

Processing results page 20...
Scraping ticket numbers from current page...
Waiting for search results...
Skipping ticket MV8655 due to status: VOID
Skipping ticket MV8653 due to status: CANCEL
Found 8 ticket(s) on this page after status filtering: ['MV8658', 'MV8657', 'MV8656', 'MV8654', 'MV8652', 'MV8651', 'MV8650', 'MV8649']
Opening ticket MV8658...
Downloading images for MV8658...
Waiting for ticket detail for MV8658...
Found 3 ticket item card(s).
Uploaded MV8658_02_2_Copper.jpg to train/2_Copper/ and all_by_ticket/MV8658/ using Direct Image Src
Uploaded MV8658_01_Sheet_Iron.jpg to train/Sheet_Iron/ and all_by_ticket/MV8658/ using Direct Image Src
Uploaded MV8658_03_Sheet_Aluminum.jpg to test/Sheet_Aluminum/ and all_by_ticket/MV8658/ using Direct Image Src
Uploaded 3 image(s) for MV8658
Opening ticket MV8657...
Downloading images for MV8657...
Waiting for ticket detail for MV8657...
Found 3 ticket item card(s).
Uploaded MV8657_01_2_Copper.jpg to train/2_Copper/ and all_by_ticket/MV8657/ using Direct Image Src
Uploaded MV8657_02_Yellow_Brass_Clean.jpg to train/Yellow_Brass_Clean/ and all_by_ticket/MV8657/ using Direct Image Src
Uploaded MV8657_03_Dirty_Brass.jpg to train/Dirty_Brass/ and all_by_ticket/MV8657/ using Direct Image Src
Uploaded 3 image(s) for MV8657
Opening ticket MV8656...
Downloading images for MV8656...
Waiting for ticket detail for MV8656...
Found 1 ticket item card(s).
No direct full-size image URL found for MV8656 item 1 (Sheet Iron).
Skipping ticket MV8656: no usable image tasks found.
Uploaded 0 image(s) for MV8656
Opening ticket MV8654...
Downloading images for MV8654...
Waiting for ticket detail for MV8654...
Found 3 ticket item card(s).
Uploaded MV8654_03_2_Insulated_Wire.jpg to train/2_Insulated_Wire/ and all_by_ticket/MV8654/ using Direct Image Src
Uploaded MV8654_01_AluminumCopper_Radiator.jpg to train/AluminumCopper_Radiator/ and all_by_ticket/MV8654/ using Direct Image Src
Uploaded MV8654_02_2_Copper.jpg to test/2_Copper/ and all_by_ticket/MV8654/ using Direct Image Src
Uploaded 3 image(s) for MV8654
Opening ticket MV8652...
Downloading images for MV8652...
Waiting for ticket detail for MV8652...
Found 5 ticket item card(s).
Uploaded MV8652_03_BareBright.jpg to train/BareBright/ and all_by_ticket/MV8652/ using Direct Image Src
Uploaded MV8652_01_Aluminum_Wire_Insulated.jpg to train/Aluminum_Wire_Insulated/ and all_by_ticket/MV8652/ using Direct Image Src
Uploaded MV8652_02_Sheet_Iron.jpg to train/Sheet_Iron/ and all_by_ticket/MV8652/ using Direct Image Src
Uploaded MV8652_04_2_Copper.jpg to test/2_Copper/ and all_by_ticket/MV8652/ using Direct Image Src
Uploaded MV8652_05_Sheet_Iron.jpg to train/Sheet_Iron/ and all_by_ticket/MV8652/ using Direct Image Src
Uploaded 5 image(s) for MV8652
Opening ticket MV8651...
Downloading images for MV8651...
Waiting for ticket detail for MV8651...
Found 1 ticket item card(s).
No direct full-size image URL found for MV8651 item 1 (Sheet Iron).
Skipping ticket MV8651: no usable image tasks found.
Uploaded 0 image(s) for MV8651
Opening ticket MV8650...
Downloading images for MV8650...
Waiting for ticket detail for MV8650...
Found 3 ticket item card(s).
Uploaded MV8650_02_2_Copper.jpg to test/2_Copper/ and all_by_ticket/MV8650/ using Direct Image Src
Uploaded MV8650_01_MC_Metal_Shield.jpg to val/MC_Metal_Shield/ and all_by_ticket/MV8650/ using Direct Image Src
Uploaded MV8650_03_1_Insulated_Wire.jpg to test/1_Insulated_Wire/ and all_by_ticket/MV8650/ using Direct Image Src
Uploaded 3 image(s) for MV8650
Opening ticket MV8649...
Downloading images for MV8649...
Waiting for ticket detail for MV8649...
Found 1 ticket item card(s).
No direct full-size image URL found for MV8649 item 1 (Sheet Iron).
Skipping ticket MV8649: no usable image tasks found.
Uploaded 0 image(s) for MV8649
Pagination before click: 191 - 200 of 280
Pagination after click: 201 - 210 of 280

Processing results page 21...
Scraping ticket numbers from current page...
Waiting for search results...
Skipping ticket MV8668 due to status: VOID
Skipping ticket MV8666 due to status: CANCEL
Found 8 ticket(s) on this page after status filtering: ['MV8667', 'MV8665', 'MV8664', 'MV8663', 'MV8662', 'MV8661', 'MV8660', 'MV8659']
Opening ticket MV8667...
Downloading images for MV8667...
Waiting for ticket detail for MV8667...
Found 1 ticket item card(s).
Uploaded MV8667_01_2_Insulated_Wire.jpg to train/2_Insulated_Wire/ and all_by_ticket/MV8667/ using Direct Image Src
Uploaded 1 image(s) for MV8667
Opening ticket MV8665...
Downloading images for MV8665...
Waiting for ticket detail for MV8665...
Found 1 ticket item card(s).
Uploaded MV8665_01_Aluminum_Cans.jpg to test/Aluminum_Cans/ and all_by_ticket/MV8665/ using Direct Image Src
Uploaded 1 image(s) for MV8665
Opening ticket MV8664...
Downloading images for MV8664...
Waiting for ticket detail for MV8664...
Found 10 ticket item card(s).
Uploaded MV8664_02_Turnings.jpg to val/Turnings/ and all_by_ticket/MV8664/ using Direct Image Src
Uploaded MV8664_01_Steel_Turnings.jpg to train/Steel_Turnings/ and all_by_ticket/MV8664/ using Direct Image Src
Uploaded MV8664_03_Steel_Turnings.jpg to train/Steel_Turnings/ and all_by_ticket/MV8664/ using Direct Image Src
Uploaded MV8664_09_Turnings.jpg to train/Turnings/ and all_by_ticket/MV8664/ using Direct Image Src
Uploaded MV8664_10_Turnings.jpg to train/Turnings/ and all_by_ticket/MV8664/ using Direct Image Src
Uploaded MV8664_06_Steel_Turnings.jpg to train/Steel_Turnings/ and all_by_ticket/MV8664/ using Direct Image Src
Uploaded MV8664_04_Steel_Turnings.jpg to train/Steel_Turnings/ and all_by_ticket/MV8664/ using Direct Image Src
Uploaded MV8664_07_Steel_Turnings.jpg to train/Steel_Turnings/ and all_by_ticket/MV8664/ using Direct Image Src
Uploaded MV8664_05_Steel_Turnings.jpg to train/Steel_Turnings/ and all_by_ticket/MV8664/ using Direct Image Src
Uploaded MV8664_08_Steel_Turnings.jpg to train/Steel_Turnings/ and all_by_ticket/MV8664/ using Direct Image Src
Uploaded 10 image(s) for MV8664
Opening ticket MV8663...
Downloading images for MV8663...
Waiting for ticket detail for MV8663...
Found 2 ticket item card(s).
Uploaded MV8663_01_Misc_Electronic_Scrap.jpg to test/Misc_Electronic_Scrap/ and all_by_ticket/MV8663/ using Direct Image Src
Uploaded MV8663_02_Misc_Electronic_Scrap.jpg to val/Misc_Electronic_Scrap/ and all_by_ticket/MV8663/ using Direct Image Src
Uploaded 2 image(s) for MV8663
Opening ticket MV8662...
Downloading images for MV8662...
Waiting for ticket detail for MV8662...
Found 2 ticket item card(s).
No direct full-size image URL found for MV8662 item 1 (Sheet Iron).
Uploaded MV8662_02_Sealed_Units.jpg to test/Sealed_Units/ and all_by_ticket/MV8662/ using Direct Image Src
Uploaded 1 image(s) for MV8662
Opening ticket MV8661...
Downloading images for MV8661...
Waiting for ticket detail for MV8661...
Found 1 ticket item card(s).
Uploaded MV8661_01_Sheet_Iron.jpg to train/Sheet_Iron/ and all_by_ticket/MV8661/ using Direct Image Src
Uploaded 1 image(s) for MV8661
Opening ticket MV8660...
Downloading images for MV8660...
Waiting for ticket detail for MV8660...
Found 1 ticket item card(s).
Uploaded MV8660_01_Aluminum_Cans.jpg to train/Aluminum_Cans/ and all_by_ticket/MV8660/ using Direct Image Src
Uploaded 1 image(s) for MV8660
Opening ticket MV8659...
Downloading images for MV8659...
Waiting for ticket detail for MV8659...
Found 3 ticket item card(s).
Uploaded MV8659_01_Gutters_Siding.jpg to train/Gutters_Siding/ and all_by_ticket/MV8659/ using Direct Image Src
Uploaded MV8659_02_Electric_Motor.jpg to test/Electric_Motor/ and all_by_ticket/MV8659/ using Direct Image Src
Uploaded MV8659_03_Compressors.jpg to train/Compressors/ and all_by_ticket/MV8659/ using Direct Image Src
Uploaded 3 image(s) for MV8659
Pagination before click: 201 - 210 of 280
Pagination after click: 211 - 220 of 280

Processing results page 22...
Scraping ticket numbers from current page...
Waiting for search results...
Skipping ticket MV8677 due to status: VOID
Skipping ticket MV8675 due to status: VOID
Skipping ticket MV8673 due to status: VOID
Skipping ticket MV8671 due to status: VOID
Found 6 ticket(s) on this page after status filtering: ['MV8678', 'MV8676', 'MV8674', 'MV8672', 'MV8670', 'MV8669']
Opening ticket MV8678...
Downloading images for MV8678...
Waiting for ticket detail for MV8678...
Found 1 ticket item card(s).
No direct full-size image URL found for MV8678 item 1 (Sheet Iron).
Skipping ticket MV8678: no usable image tasks found.
Uploaded 0 image(s) for MV8678
Opening ticket MV8676...
Downloading images for MV8676...
Waiting for ticket detail for MV8676...
Found 8 ticket item card(s).
No direct full-size image URL found for MV8676 item 1 (Sheet Iron).
No direct full-size image URL found for MV8676 item 2 (Sheet Iron).
No direct full-size image URL found for MV8676 item 3 (Sheet Iron).
No direct full-size image URL found for MV8676 item 4 (Sheet Iron).
No direct full-size image URL found for MV8676 item 5 (Sheet Iron).
No direct full-size image URL found for MV8676 item 6 (Sheet Iron).
No direct full-size image URL found for MV8676 item 7 (Freight Charge).
No direct full-size image URL found for MV8676 item 8 (Sheet Iron).
Skipping ticket MV8676: no usable image tasks found.
Uploaded 0 image(s) for MV8676
Opening ticket MV8674...
Downloading images for MV8674...
Waiting for ticket detail for MV8674...
Found 1 ticket item card(s).
Uploaded MV8674_01_Aluminum_Cans.jpg to test/Aluminum_Cans/ and all_by_ticket/MV8674/ using Direct Image Src
Uploaded 1 image(s) for MV8674
Opening ticket MV8672...
Downloading images for MV8672...
Waiting for ticket detail for MV8672...
Found 1 ticket item card(s).
No direct full-size image URL found for MV8672 item 1 (Sheet Iron).
Skipping ticket MV8672: no usable image tasks found.
Uploaded 0 image(s) for MV8672
Opening ticket MV8670...
Downloading images for MV8670...
Waiting for ticket detail for MV8670...
Found 1 ticket item card(s).
Uploaded MV8670_01_Sheet_Aluminum.jpg to train/Sheet_Aluminum/ and all_by_ticket/MV8670/ using Direct Image Src
Uploaded 1 image(s) for MV8670
Opening ticket MV8669...
Downloading images for MV8669...
Waiting for ticket detail for MV8669...
Found 4 ticket item card(s).
No direct full-size image URL found for MV8669 item 1 (Sheet Iron).
Uploaded MV8669_02_Sheet_Aluminum.jpg to train/Sheet_Aluminum/ and all_by_ticket/MV8669/ using Direct Image Src
Uploaded MV8669_03_2_Insulated_Wire.jpg to train/2_Insulated_Wire/ and all_by_ticket/MV8669/ using Direct Image Src
Uploaded MV8669_04_Cast_Aluminum.jpg to val/Cast_Aluminum/ and all_by_ticket/MV8669/ using Direct Image Src
Uploaded 3 image(s) for MV8669
Pagination before click: 211 - 220 of 280
Pagination after click: 221 - 230 of 280

Processing results page 23...
Scraping ticket numbers from current page...
Waiting for search results...
Skipping ticket MV8680 due to status: CANCEL
Found 9 ticket(s) on this page after status filtering: ['MV8688', 'MV8687', 'MV8686', 'MV8685', 'MV8684', 'MV8683', 'MV8682', 'MV8681', 'MV8679']
Opening ticket MV8688...
Downloading images for MV8688...
Waiting for ticket detail for MV8688...
Found 6 ticket item card(s).
Uploaded MV8688_02_Irony_ACR_Radiators.jpg to train/Irony_ACR_Radiators/ and all_by_ticket/MV8688/ using Direct Image Src
Uploaded MV8688_01_2_Insulated_Wire.jpg to train/2_Insulated_Wire/ and all_by_ticket/MV8688/ using Direct Image Src
Uploaded MV8688_03_Sealed_Units.jpg to train/Sealed_Units/ and all_by_ticket/MV8688/ using Direct Image Src
Uploaded MV8688_04_2_Copper.jpg to test/2_Copper/ and all_by_ticket/MV8688/ using Direct Image Src
Uploaded MV8688_05_Electric_Motor.jpg to train/Electric_Motor/ and all_by_ticket/MV8688/ using Direct Image Src
Uploaded MV8688_06_Sheet_Iron.jpg to train/Sheet_Iron/ and all_by_ticket/MV8688/ using Direct Image Src
Uploaded 6 image(s) for MV8688
Opening ticket MV8687...
Downloading images for MV8687...
Waiting for ticket detail for MV8687...
Found 3 ticket item card(s).
Uploaded MV8687_01_Yellow_Brass_Clean.jpg to val/Yellow_Brass_Clean/ and all_by_ticket/MV8687/ using Direct Image Src
Uploaded MV8687_02_2_Copper.jpg to train/2_Copper/ and all_by_ticket/MV8687/ using Direct Image Src
Uploaded MV8687_03_2_Insulated_Wire.jpg to train/2_Insulated_Wire/ and all_by_ticket/MV8687/ using Direct Image Src
Uploaded 3 image(s) for MV8687
Opening ticket MV8686...
Downloading images for MV8686...
Waiting for ticket detail for MV8686...
Found 9 ticket item card(s).
Uploaded MV8686_02_2_Insulated_Wire.jpg to train/2_Insulated_Wire/ and all_by_ticket/MV8686/ using Direct Image Src
Uploaded MV8686_04_Sealed_Units.jpg to train/Sealed_Units/ and all_by_ticket/MV8686/ using Direct Image Src
Uploaded MV8686_01_Aluminum_Cans.jpg to train/Aluminum_Cans/ and all_by_ticket/MV8686/ using Direct Image Src
Uploaded MV8686_05_Sheet_Iron.jpg to train/Sheet_Iron/ and all_by_ticket/MV8686/ using Direct Image Src
Uploaded MV8686_06_2_Copper.jpg to train/2_Copper/ and all_by_ticket/MV8686/ using Direct Image Src
Uploaded MV8686_03_Sheet_Iron.jpg to train/Sheet_Iron/ and all_by_ticket/MV8686/ using Direct Image Src
Uploaded MV8686_09_AluminumCopper_Radiator.jpg to train/AluminumCopper_Radiator/ and all_by_ticket/MV8686/ using Direct Image Src
Uploaded MV8686_08_Yellow_Brass_Clean.jpg to train/Yellow_Brass_Clean/ and all_by_ticket/MV8686/ using Direct Image Src
Uploaded MV8686_07_Cast_Aluminum.jpg to train/Cast_Aluminum/ and all_by_ticket/MV8686/ using Direct Image Src
Uploaded 9 image(s) for MV8686
Opening ticket MV8685...
Downloading images for MV8685...
Waiting for ticket detail for MV8685...
Found 4 ticket item card(s).
Uploaded MV8685_02_Transformer.jpg to test/Transformer/ and all_by_ticket/MV8685/ using Direct Image Src
Uploaded MV8685_01_Low_Grade_Insulated_Wire.jpg to train/Low_Grade_Insulated_Wire/ and all_by_ticket/MV8685/ using Direct Image Src
Uploaded MV8685_03_Sheet_Iron.jpg to test/Sheet_Iron/ and all_by_ticket/MV8685/ using Direct Image Src
Uploaded MV8685_04_MC_Metal_Shield.jpg to train/MC_Metal_Shield/ and all_by_ticket/MV8685/ using Direct Image Src
Uploaded 4 image(s) for MV8685
Opening ticket MV8684...
Downloading images for MV8684...
Waiting for ticket detail for MV8684...
Found 1 ticket item card(s).
Uploaded MV8684_01_Sheet_Aluminum.jpg to train/Sheet_Aluminum/ and all_by_ticket/MV8684/ using Direct Image Src
Uploaded 1 image(s) for MV8684
Opening ticket MV8683...
Downloading images for MV8683...
Waiting for ticket detail for MV8683...
Found 3 ticket item card(s).
No direct full-size image URL found for MV8683 item 1 (Sheet Iron).
Uploaded MV8683_03_Unclean_Extrusion.jpg to train/Unclean_Extrusion/ and all_by_ticket/MV8683/ using Direct Image Src
Uploaded MV8683_02_2_Insulated_Wire.jpg to train/2_Insulated_Wire/ and all_by_ticket/MV8683/ using Direct Image Src
Uploaded 2 image(s) for MV8683
Opening ticket MV8682...
Downloading images for MV8682...
Waiting for ticket detail for MV8682...
Found 1 ticket item card(s).
Uploaded MV8682_01_Catalytic_Converters.jpg to train/Catalytic_Converters/ and all_by_ticket/MV8682/ using Direct Image Src
Uploaded 1 image(s) for MV8682
Opening ticket MV8681...
Downloading images for MV8681...
Waiting for ticket detail for MV8681...
Found 1 ticket item card(s).
No direct full-size image URL found for MV8681 item 1 (Sheet Iron).
Skipping ticket MV8681: no usable image tasks found.
Uploaded 0 image(s) for MV8681
Opening ticket MV8679...
Downloading images for MV8679...
Waiting for ticket detail for MV8679...
Found 1 ticket item card(s).
No direct full-size image URL found for MV8679 item 1 (Sheet Iron).
Skipping ticket MV8679: no usable image tasks found.
Uploaded 0 image(s) for MV8679
Pagination before click: 221 - 230 of 280
Pagination after click: 231 - 240 of 280

Processing results page 24...
Scraping ticket numbers from current page...
Waiting for search results...
Skipping ticket MV8692 due to status: VOID
Found 9 ticket(s) on this page after status filtering: ['MV8698', 'MV8697', 'MV8696', 'MV8695', 'MV8694', 'MV8693', 'MV8691', 'MV8690', 'MV8689']
Opening ticket MV8698...
Downloading images for MV8698...
Waiting for ticket detail for MV8698...
Found 3 ticket item card(s).
Uploaded MV8698_02_1_Copper.jpg to val/1_Copper/ and all_by_ticket/MV8698/ using Direct Image Src
Uploaded MV8698_01_BareBright.jpg to train/BareBright/ and all_by_ticket/MV8698/ using Direct Image Src
Uploaded MV8698_03_2_Copper.jpg to val/2_Copper/ and all_by_ticket/MV8698/ using Direct Image Src
Uploaded 3 image(s) for MV8698
Opening ticket MV8697...
Downloading images for MV8697...
Waiting for ticket detail for MV8697...
Found 8 ticket item card(s).
Uploaded MV8697_03_Extrusion.jpg to train/Extrusion/ and all_by_ticket/MV8697/ using Direct Image Src
Uploaded MV8697_02_2_Copper.jpg to train/2_Copper/ and all_by_ticket/MV8697/ using Direct Image Src
Uploaded MV8697_01_BareBright.jpg to train/BareBright/ and all_by_ticket/MV8697/ using Direct Image Src
Uploaded MV8697_04_Electric_Motor.jpg to train/Electric_Motor/ and all_by_ticket/MV8697/ using Direct Image Src
Uploaded MV8697_08_2_Insulated_Wire.jpg to train/2_Insulated_Wire/ and all_by_ticket/MV8697/ using Direct Image Src
Uploaded MV8697_06_Sheet_Aluminum.jpg to train/Sheet_Aluminum/ and all_by_ticket/MV8697/ using Direct Image Src
Uploaded MV8697_07_Sheet_Aluminum.jpg to train/Sheet_Aluminum/ and all_by_ticket/MV8697/ using Direct Image Src
Uploaded MV8697_05_Dirty_Brass.jpg to train/Dirty_Brass/ and all_by_ticket/MV8697/ using Direct Image Src
Uploaded 8 image(s) for MV8697
Opening ticket MV8696...
Downloading images for MV8696...
Waiting for ticket detail for MV8696...
Found 6 ticket item card(s).
Uploaded MV8696_02_Electric_Motor.jpg to train/Electric_Motor/ and all_by_ticket/MV8696/ using Direct Image Src
Uploaded MV8696_05_Cat_56.jpg to train/Cat_56/ and all_by_ticket/MV8696/ using Direct Image Src
Uploaded MV8696_03_BareBright.jpg to train/BareBright/ and all_by_ticket/MV8696/ using Direct Image Src
Uploaded MV8696_06_1_Insulated_Wire.jpg to test/1_Insulated_Wire/ and all_by_ticket/MV8696/ using Direct Image Src
Uploaded MV8696_04_2_Copper.jpg to train/2_Copper/ and all_by_ticket/MV8696/ using Direct Image Src
Uploaded MV8696_01_Sheet_Aluminum.jpg to train/Sheet_Aluminum/ and all_by_ticket/MV8696/ using Direct Image Src
Uploaded 6 image(s) for MV8696
Opening ticket MV8695...
Downloading images for MV8695...
Waiting for ticket detail for MV8695...
Found 2 ticket item card(s).
Uploaded MV8695_01_2_Insulated_Wire.jpg to test/2_Insulated_Wire/ and all_by_ticket/MV8695/ using Direct Image Src
Uploaded MV8695_02_Yellow_Brass_Clean.jpg to test/Yellow_Brass_Clean/ and all_by_ticket/MV8695/ using Direct Image Src
Uploaded 2 image(s) for MV8695
Opening ticket MV8694...
Downloading images for MV8694...
Waiting for ticket detail for MV8694...
Found 1 ticket item card(s).
No direct full-size image URL found for MV8694 item 1 (Sheet Iron).
Skipping ticket MV8694: no usable image tasks found.
Uploaded 0 image(s) for MV8694
Opening ticket MV8693...
Downloading images for MV8693...
Waiting for ticket detail for MV8693...
Found 7 ticket item card(s).
Uploaded MV8693_03_2_Copper.jpg to train/2_Copper/ and all_by_ticket/MV8693/ using Direct Image Src
Uploaded MV8693_05_2_Insulated_Wire.jpg to val/2_Insulated_Wire/ and all_by_ticket/MV8693/ using Direct Image Src
Uploaded MV8693_04_Sealed_Units.jpg to train/Sealed_Units/ and all_by_ticket/MV8693/ using Direct Image Src
Uploaded MV8693_02_Aluminum_Radiator.jpg to train/Aluminum_Radiator/ and all_by_ticket/MV8693/ using Direct Image Src
Uploaded MV8693_06_Dirty_Brass.jpg to train/Dirty_Brass/ and all_by_ticket/MV8693/ using Direct Image Src
Uploaded MV8693_01_Sheet_Iron.jpg to train/Sheet_Iron/ and all_by_ticket/MV8693/ using Direct Image Src
Uploaded MV8693_07_Aluminum_Cans.jpg to train/Aluminum_Cans/ and all_by_ticket/MV8693/ using Direct Image Src
Uploaded 7 image(s) for MV8693
Opening ticket MV8691...
Downloading images for MV8691...
Waiting for ticket detail for MV8691...
Found 1 ticket item card(s).
Uploaded MV8691_01_2_Copper.jpg to train/2_Copper/ and all_by_ticket/MV8691/ using Direct Image Src
Uploaded 1 image(s) for MV8691
Opening ticket MV8690...
Downloading images for MV8690...
Waiting for ticket detail for MV8690...
Found 1 ticket item card(s).
Uploaded MV8690_01_Carbide.jpg to train/Carbide/ and all_by_ticket/MV8690/ using Direct Image Src
Uploaded 1 image(s) for MV8690
Opening ticket MV8689...
Downloading images for MV8689...
Waiting for ticket detail for MV8689...
Found 12 ticket item card(s).
Uploaded MV8689_01_Aluminum_Cans.jpg to train/Aluminum_Cans/ and all_by_ticket/MV8689/ using Direct Image Src
Uploaded MV8689_02_Aluminum_Cans.jpg to val/Aluminum_Cans/ and all_by_ticket/MV8689/ using Direct Image Src
Uploaded MV8689_03_Aluminum_Cans.jpg to train/Aluminum_Cans/ and all_by_ticket/MV8689/ using Direct Image Src
Uploaded MV8689_06_Aluminum_Cans.jpg to train/Aluminum_Cans/ and all_by_ticket/MV8689/ using Direct Image Src
Uploaded MV8689_04_Aluminum_Cans.jpg to train/Aluminum_Cans/ and all_by_ticket/MV8689/ using Direct Image Src
Uploaded MV8689_08_Aluminum_Cans.jpg to train/Aluminum_Cans/ and all_by_ticket/MV8689/ using Direct Image Src
Uploaded MV8689_05_Aluminum_Cans.jpg to train/Aluminum_Cans/ and all_by_ticket/MV8689/ using Direct Image Src
Uploaded MV8689_09_Aluminum_Cans.jpg to train/Aluminum_Cans/ and all_by_ticket/MV8689/ using Direct Image Src
Uploaded MV8689_11_Aluminum_Cans.jpg to train/Aluminum_Cans/ and all_by_ticket/MV8689/ using Direct Image Src
Uploaded MV8689_10_Aluminum_Cans.jpg to val/Aluminum_Cans/ and all_by_ticket/MV8689/ using Direct Image Src
Uploaded MV8689_12_Aluminum_Cans.jpg to train/Aluminum_Cans/ and all_by_ticket/MV8689/ using Direct Image Src
Uploaded MV8689_07_Aluminum_Cans.jpg to train/Aluminum_Cans/ and all_by_ticket/MV8689/ using Direct Image Src
Uploaded 12 image(s) for MV8689
Pagination before click: 231 - 240 of 280
Pagination after click: 241 - 250 of 280

Processing results page 25...
Scraping ticket numbers from current page...
Waiting for search results...
Skipping ticket MV8703 due to status: VOID
Found 9 ticket(s) on this page after status filtering: ['MV8708', 'MV8707', 'MV8706', 'MV8705', 'MV8704', 'MV8702', 'MV8701', 'MV8700', 'MV8699']
Opening ticket MV8708...
Downloading images for MV8708...
Waiting for ticket detail for MV8708...
Found 3 ticket item card(s).
Uploaded MV8708_03_Aluminum_Cans.jpg to val/Aluminum_Cans/ and all_by_ticket/MV8708/ using Direct Image Src
Uploaded MV8708_01_Aluminum_Cans.jpg to val/Aluminum_Cans/ and all_by_ticket/MV8708/ using Direct Image Src
Uploaded MV8708_02_Aluminum_Cans.jpg to train/Aluminum_Cans/ and all_by_ticket/MV8708/ using Direct Image Src
Uploaded 3 image(s) for MV8708
Opening ticket MV8707...
Downloading images for MV8707...
Waiting for ticket detail for MV8707...
Found 1 ticket item card(s).
No direct full-size image URL found for MV8707 item 1 (Sheet Iron).
Skipping ticket MV8707: no usable image tasks found.
Uploaded 0 image(s) for MV8707
Opening ticket MV8706...
Downloading images for MV8706...
Waiting for ticket detail for MV8706...
Found 5 ticket item card(s).
No direct full-size image URL found for MV8706 item 1 (Sheet Iron).
Uploaded MV8706_02_Irony_Aluminum.jpg to train/Irony_Aluminum/ and all_by_ticket/MV8706/ using Direct Image Src
Uploaded MV8706_05_Irony_Aluminum.jpg to train/Irony_Aluminum/ and all_by_ticket/MV8706/ using Direct Image Src
Uploaded MV8706_04_Starter.jpg to test/Starter/ and all_by_ticket/MV8706/ using Direct Image Src
Uploaded MV8706_03_Sheet_Iron.jpg to train/Sheet_Iron/ and all_by_ticket/MV8706/ using Direct Image Src
Uploaded 4 image(s) for MV8706
Opening ticket MV8705...
Downloading images for MV8705...
Waiting for ticket detail for MV8705...
Found 5 ticket item card(s).
Uploaded MV8705_04_Yellow_Brass_Clean.jpg to train/Yellow_Brass_Clean/ and all_by_ticket/MV8705/ using Direct Image Src
Uploaded MV8705_01_Aluminum_Cans.jpg to val/Aluminum_Cans/ and all_by_ticket/MV8705/ using Direct Image Src
Uploaded MV8705_05_Dirty_Brass.jpg to val/Dirty_Brass/ and all_by_ticket/MV8705/ using Direct Image Src
Uploaded MV8705_03_2_Copper.jpg to test/2_Copper/ and all_by_ticket/MV8705/ using Direct Image Src
Uploaded MV8705_02_Extrusion.jpg to val/Extrusion/ and all_by_ticket/MV8705/ using Direct Image Src
Uploaded 5 image(s) for MV8705
Opening ticket MV8704...
Downloading images for MV8704...
Waiting for ticket detail for MV8704...
Found 2 ticket item card(s).
Uploaded MV8704_02_Irony_Aluminum.jpg to train/Irony_Aluminum/ and all_by_ticket/MV8704/ using Direct Image Src
Uploaded MV8704_01_Cast_Aluminum.jpg to test/Cast_Aluminum/ and all_by_ticket/MV8704/ using Direct Image Src
Uploaded 2 image(s) for MV8704
Opening ticket MV8702...
Downloading images for MV8702...
Waiting for ticket detail for MV8702...
Found 4 ticket item card(s).
No direct full-size image URL found for MV8702 item 1 (Sheet Iron).
Uploaded MV8702_02_BareBright.jpg to val/BareBright/ and all_by_ticket/MV8702/ using Direct Image Src
Uploaded MV8702_03_1_Insulated_Wire.jpg to train/1_Insulated_Wire/ and all_by_ticket/MV8702/ using Direct Image Src
Uploaded MV8702_04_Low_Grade_Insulated_Wire.jpg to train/Low_Grade_Insulated_Wire/ and all_by_ticket/MV8702/ using Direct Image Src
Uploaded 3 image(s) for MV8702
Opening ticket MV8701...
Downloading images for MV8701...
Waiting for ticket detail for MV8701...
Found 4 ticket item card(s).
No direct full-size image URL found for MV8701 item 1 (Sheet Iron).
Uploaded MV8701_02_BareBright.jpg to test/BareBright/ and all_by_ticket/MV8701/ using Direct Image Src
Uploaded MV8701_04_Gutters_Siding.jpg to test/Gutters_Siding/ and all_by_ticket/MV8701/ using Direct Image Src
Uploaded MV8701_03_Extrusion.jpg to test/Extrusion/ and all_by_ticket/MV8701/ using Direct Image Src
Uploaded 3 image(s) for MV8701
Opening ticket MV8700...
Downloading images for MV8700...
Waiting for ticket detail for MV8700...
Found 6 ticket item card(s).
Uploaded MV8700_01_2_Copper.jpg to train/2_Copper/ and all_by_ticket/MV8700/ using Direct Image Src
Uploaded MV8700_04_Aluminum_Rim_Clean.jpg to train/Aluminum_Rim_Clean/ and all_by_ticket/MV8700/ using Direct Image Src
Uploaded MV8700_05_Aluminum_Rim_Clean.jpg to train/Aluminum_Rim_Clean/ and all_by_ticket/MV8700/ using Direct Image Src
Uploaded MV8700_03_Aluminum_Rim_Clean.jpg to train/Aluminum_Rim_Clean/ and all_by_ticket/MV8700/ using Direct Image Src
Uploaded MV8700_02_Aluminum_Rim_Clean.jpg to train/Aluminum_Rim_Clean/ and all_by_ticket/MV8700/ using Direct Image Src
Uploaded MV8700_06_Aluminum_Rim_Clean.jpg to train/Aluminum_Rim_Clean/ and all_by_ticket/MV8700/ using Direct Image Src
Uploaded 6 image(s) for MV8700
Opening ticket MV8699...
Downloading images for MV8699...
Waiting for ticket detail for MV8699...
Found 2 ticket item card(s).
Uploaded MV8699_01_Aluminum_Cans.jpg to train/Aluminum_Cans/ and all_by_ticket/MV8699/ using Direct Image Src
Uploaded MV8699_02_Aluminum_Radiator.jpg to train/Aluminum_Radiator/ and all_by_ticket/MV8699/ using Direct Image Src
Uploaded 2 image(s) for MV8699
Pagination before click: 241 - 250 of 280
Pagination after click: 251 - 260 of 280

Processing results page 26...
Scraping ticket numbers from current page...
Waiting for search results...
Skipping ticket MV8716 due to status: VOID
Found 9 ticket(s) on this page after status filtering: ['MV8718', 'MV8717', 'MV8715', 'MV8714', 'MV8713', 'MV8712', 'MV8711', 'MV8710', 'MV8709']
Opening ticket MV8718...
Downloading images for MV8718...
Waiting for ticket detail for MV8718...
Skipping ticket MV8718: no visible image cards detected after detail page stabilized.
Uploaded 0 image(s) for MV8718
Opening ticket MV8717...
Downloading images for MV8717...
Waiting for ticket detail for MV8717...
Found 2 ticket item card(s).
Uploaded MV8717_02_2_Copper.jpg to train/2_Copper/ and all_by_ticket/MV8717/ using Direct Image Src
Uploaded MV8717_01_Aluminum_Radiator.jpg to train/Aluminum_Radiator/ and all_by_ticket/MV8717/ using Direct Image Src
Uploaded 2 image(s) for MV8717
Opening ticket MV8715...
Downloading images for MV8715...
Waiting for ticket detail for MV8715...
Found 1 ticket item card(s).
Uploaded MV8715_01_Aluminum_Cans.jpg to train/Aluminum_Cans/ and all_by_ticket/MV8715/ using Direct Image Src
Uploaded 1 image(s) for MV8715
Opening ticket MV8714...
Downloading images for MV8714...
Waiting for ticket detail for MV8714...
Found 5 ticket item card(s).
No direct full-size image URL found for MV8714 item 4 (Sheet Iron).
Uploaded MV8714_01_2_Copper.jpg to val/2_Copper/ and all_by_ticket/MV8714/ using Direct Image Src
Uploaded MV8714_02_Cast_Aluminum.jpg to train/Cast_Aluminum/ and all_by_ticket/MV8714/ using Direct Image Src
Uploaded MV8714_03_Cat_56.jpg to train/Cat_56/ and all_by_ticket/MV8714/ using Direct Image Src
Uploaded MV8714_05_304.jpg to train/304/ and all_by_ticket/MV8714/ using Direct Image Src
Uploaded 4 image(s) for MV8714
Opening ticket MV8713...
Downloading images for MV8713...
Waiting for ticket detail for MV8713...
Found 14 ticket item card(s).
Uploaded MV8713_02_2_Copper.jpg to val/2_Copper/ and all_by_ticket/MV8713/ using Direct Image Src
Uploaded MV8713_01_2_Copper.jpg to train/2_Copper/ and all_by_ticket/MV8713/ using Direct Image Src
Uploaded MV8713_03_1_Copper.jpg to train/1_Copper/ and all_by_ticket/MV8713/ using Direct Image Src
Uploaded MV8713_04_BareBright.jpg to train/BareBright/ and all_by_ticket/MV8713/ using Direct Image Src
Uploaded MV8713_10_Irony_Aluminum.jpg to train/Irony_Aluminum/ and all_by_ticket/MV8713/ using Direct Image Src
Uploaded MV8713_09_Irony_SS.jpg to val/Irony_SS/ and all_by_ticket/MV8713/ using Direct Image Src
Uploaded MV8713_11_Sheet_Iron.jpg to train/Sheet_Iron/ and all_by_ticket/MV8713/ using Direct Image Src
Uploaded MV8713_12_Electric_Motor.jpg to test/Electric_Motor/ and all_by_ticket/MV8713/ using Direct Image Src
Uploaded MV8713_05_Dirty_Brass.jpg to train/Dirty_Brass/ and all_by_ticket/MV8713/ using Direct Image Src
Uploaded MV8713_06_Aluminum_Rim_Clean.jpg to train/Aluminum_Rim_Clean/ and all_by_ticket/MV8713/ using Direct Image Src
Uploaded MV8713_07_304.jpg to val/304/ and all_by_ticket/MV8713/ using Direct Image Src
Uploaded MV8713_08_Cat_56.jpg to train/Cat_56/ and all_by_ticket/MV8713/ using Direct Image Src
Uploaded MV8713_13_Cat_56.jpg to train/Cat_56/ and all_by_ticket/MV8713/ using Direct Image Src
Uploaded MV8713_14_Cat_56.jpg to train/Cat_56/ and all_by_ticket/MV8713/ using Direct Image Src
Uploaded 14 image(s) for MV8713
Opening ticket MV8712...
Downloading images for MV8712...
Waiting for ticket detail for MV8712...
Found 2 ticket item card(s).
Uploaded MV8712_02_Aluminum_Rim_Clean.jpg to train/Aluminum_Rim_Clean/ and all_by_ticket/MV8712/ using Direct Image Src
Uploaded MV8712_01_Chrome_Rims.jpg to val/Chrome_Rims/ and all_by_ticket/MV8712/ using Direct Image Src
Uploaded 2 image(s) for MV8712
Opening ticket MV8711...
Downloading images for MV8711...
Waiting for ticket detail for MV8711...
Found 4 ticket item card(s).
Uploaded MV8711_02_2_Copper.jpg to train/2_Copper/ and all_by_ticket/MV8711/ using Direct Image Src
Uploaded MV8711_01_Dirty_Brass.jpg to train/Dirty_Brass/ and all_by_ticket/MV8711/ using Direct Image Src
Uploaded MV8711_03_Low_Grade_Insulated_Wire.jpg to train/Low_Grade_Insulated_Wire/ and all_by_ticket/MV8711/ using Direct Image Src
Uploaded MV8711_04_Sheet_Iron.jpg to train/Sheet_Iron/ and all_by_ticket/MV8711/ using Direct Image Src
Uploaded 4 image(s) for MV8711
Opening ticket MV8710...
Downloading images for MV8710...
Waiting for ticket detail for MV8710...
Found 3 ticket item card(s).
Uploaded MV8710_02_Dirty_Brass.jpg to train/Dirty_Brass/ and all_by_ticket/MV8710/ using Direct Image Src
Uploaded MV8710_01_Irony_Aluminum.jpg to train/Irony_Aluminum/ and all_by_ticket/MV8710/ using Direct Image Src
Uploaded MV8710_03_Yellow_Brass_Clean.jpg to train/Yellow_Brass_Clean/ and all_by_ticket/MV8710/ using Direct Image Src
Uploaded 3 image(s) for MV8710
Opening ticket MV8709...
Downloading images for MV8709...
Waiting for ticket detail for MV8709...
Found 1 ticket item card(s).
No direct full-size image URL found for MV8709 item 1 (Sheet Iron).
Skipping ticket MV8709: no usable image tasks found.
Uploaded 0 image(s) for MV8709
Pagination before click: 251 - 260 of 280
Pagination after click: 261 - 270 of 280

Processing results page 27...
Scraping ticket numbers from current page...
Waiting for search results...
Skipping ticket MV8721 due to status: VOID
Found 9 ticket(s) on this page after status filtering: ['MV8728', 'MV8727', 'MV8726', 'MV8725', 'MV8724', 'MV8723', 'MV8722', 'MV8720', 'MV8719']
Opening ticket MV8728...
Downloading images for MV8728...
Waiting for ticket detail for MV8728...
Found 2 ticket item card(s).
No direct full-size image URL found for MV8728 item 1 (Sheet Iron).
Uploaded MV8728_02_2_Insulated_Wire.jpg to val/2_Insulated_Wire/ and all_by_ticket/MV8728/ using Direct Image Src
Uploaded 1 image(s) for MV8728
Opening ticket MV8727...
Downloading images for MV8727...
Waiting for ticket detail for MV8727...
Found 8 ticket item card(s).
Uploaded MV8727_01_Auto_Batteries.jpg to train/Auto_Batteries/ and all_by_ticket/MV8727/ using Direct Image Src
Uploaded MV8727_02_2_Copper.jpg to train/2_Copper/ and all_by_ticket/MV8727/ using Direct Image Src
Uploaded MV8727_03_Cast_Aluminum.jpg to train/Cast_Aluminum/ and all_by_ticket/MV8727/ using Direct Image Src
Uploaded MV8727_04_Irony_Aluminum.jpg to train/Irony_Aluminum/ and all_by_ticket/MV8727/ using Direct Image Src
Uploaded MV8727_05_2_Insulated_Wire.jpg to train/2_Insulated_Wire/ and all_by_ticket/MV8727/ using Direct Image Src
Uploaded MV8727_07_Sheet_Iron.jpg to train/Sheet_Iron/ and all_by_ticket/MV8727/ using Direct Image Src
Uploaded MV8727_06_Sheet_Iron.jpg to test/Sheet_Iron/ and all_by_ticket/MV8727/ using Direct Image Src
Uploaded MV8727_08_2_Insulated_Wire.jpg to val/2_Insulated_Wire/ and all_by_ticket/MV8727/ using Direct Image Src
Uploaded 8 image(s) for MV8727
Opening ticket MV8726...
Downloading images for MV8726...
Waiting for ticket detail for MV8726...
Found 6 ticket item card(s).
No direct full-size image URL found for MV8726 item 1 (Sheet Iron).
Uploaded MV8726_02_Auto_Batteries.jpg to train/Auto_Batteries/ and all_by_ticket/MV8726/ using Direct Image Src
Uploaded MV8726_05_Cast_Aluminum.jpg to train/Cast_Aluminum/ and all_by_ticket/MV8726/ using Direct Image Src
Uploaded MV8726_03_Acr_Radiator_Ends.jpg to train/Acr_Radiator_Ends/ and all_by_ticket/MV8726/ using Direct Image Src
Uploaded MV8726_06_2_Copper.jpg to train/2_Copper/ and all_by_ticket/MV8726/ using Direct Image Src
Uploaded MV8726_04_Irony_Aluminum.jpg to train/Irony_Aluminum/ and all_by_ticket/MV8726/ using Direct Image Src
Uploaded 5 image(s) for MV8726
Opening ticket MV8725...
Downloading images for MV8725...
Waiting for ticket detail for MV8725...
Found 5 ticket item card(s).
No direct full-size image URL found for MV8725 item 1 (Sheet Iron).
Uploaded MV8725_03_2_Copper.jpg to train/2_Copper/ and all_by_ticket/MV8725/ using Direct Image Src
Uploaded MV8725_04_Irony_ACR_Radiators.jpg to val/Irony_ACR_Radiators/ and all_by_ticket/MV8725/ using Direct Image Src
Uploaded MV8725_05_Low_Grade_Insulated_Wire.jpg to train/Low_Grade_Insulated_Wire/ and all_by_ticket/MV8725/ using Direct Image Src
Uploaded MV8725_02_Irony_Aluminum.jpg to train/Irony_Aluminum/ and all_by_ticket/MV8725/ using Direct Image Src
Uploaded 4 image(s) for MV8725
Opening ticket MV8724...
Downloading images for MV8724...
Waiting for ticket detail for MV8724...
Found 10 ticket item card(s).
Uploaded MV8724_07_Dirty_Brass.jpg to train/Dirty_Brass/ and all_by_ticket/MV8724/ using Direct Image Src
Uploaded MV8724_01_Irony_Aluminum.jpg to val/Irony_Aluminum/ and all_by_ticket/MV8724/ using Direct Image Src
Uploaded MV8724_02_2_Copper.jpg to test/2_Copper/ and all_by_ticket/MV8724/ using Direct Image Src
Uploaded MV8724_05_Cast_Aluminum.jpg to train/Cast_Aluminum/ and all_by_ticket/MV8724/ using Direct Image Src
Uploaded MV8724_06_Yellow_Brass_Clean.jpg to train/Yellow_Brass_Clean/ and all_by_ticket/MV8724/ using Direct Image Src
Uploaded MV8724_04_2_Insulated_Wire.jpg to train/2_Insulated_Wire/ and all_by_ticket/MV8724/ using Direct Image Src
Uploaded MV8724_03_2_Insulated_Wire.jpg to val/2_Insulated_Wire/ and all_by_ticket/MV8724/ using Direct Image Src
Uploaded MV8724_08_Sealed_Units.jpg to train/Sealed_Units/ and all_by_ticket/MV8724/ using Direct Image Src
Uploaded MV8724_09_Electric_Motor.jpg to test/Electric_Motor/ and all_by_ticket/MV8724/ using Direct Image Src
Uploaded MV8724_10_Irony_SS.jpg to train/Irony_SS/ and all_by_ticket/MV8724/ using Direct Image Src
Uploaded 10 image(s) for MV8724
Opening ticket MV8723...
Downloading images for MV8723...
Waiting for ticket detail for MV8723...
Found 1 ticket item card(s).
Uploaded MV8723_01_Dirty_Brass.jpg to train/Dirty_Brass/ and all_by_ticket/MV8723/ using Direct Image Src
Uploaded 1 image(s) for MV8723
Opening ticket MV8722...
Downloading images for MV8722...
Waiting for ticket detail for MV8722...
Found 2 ticket item card(s).
Uploaded MV8722_01_Aluminum_Rim_Clean.jpg to train/Aluminum_Rim_Clean/ and all_by_ticket/MV8722/ using Direct Image Src
Uploaded MV8722_02_Irony_Aluminum.jpg to train/Irony_Aluminum/ and all_by_ticket/MV8722/ using Direct Image Src
Uploaded 2 image(s) for MV8722
Opening ticket MV8720...
Downloading images for MV8720...
Waiting for ticket detail for MV8720...
Found 1 ticket item card(s).
Uploaded MV8720_01_Aluminum_Cans.jpg to train/Aluminum_Cans/ and all_by_ticket/MV8720/ using Direct Image Src
Uploaded 1 image(s) for MV8720
Opening ticket MV8719...
Downloading images for MV8719...
Waiting for ticket detail for MV8719...
Found 2 ticket item card(s).
Uploaded MV8719_02_Dirty_Brass.jpg to train/Dirty_Brass/ and all_by_ticket/MV8719/ using Direct Image Src
Uploaded MV8719_01_Cast_Aluminum.jpg to train/Cast_Aluminum/ and all_by_ticket/MV8719/ using Direct Image Src
Uploaded 2 image(s) for MV8719
Pagination before click: 261 - 270 of 280
Pagination after click: 271 - 280 of 280

Processing results page 28...
Scraping ticket numbers from current page...
Waiting for search results...
Found 10 ticket(s) on this page after status filtering: ['MV8738', 'MV8737', 'MV8736', 'MV8735', 'MV8734', 'MV8733', 'MV8732', 'MV8731', 'MV8730', 'MV8729']
Opening ticket MV8738...
Downloading images for MV8738...
Waiting for ticket detail for MV8738...
Found 1 ticket item card(s).
No direct full-size image URL found for MV8738 item 1 (Sheet Iron).
Skipping ticket MV8738: no usable image tasks found.
Uploaded 0 image(s) for MV8738
Opening ticket MV8737...
Downloading images for MV8737...
Waiting for ticket detail for MV8737...
Found 1 ticket item card(s).
Uploaded MV8737_01_Aluminum_Rim_Clean.jpg to train/Aluminum_Rim_Clean/ and all_by_ticket/MV8737/ using Direct Image Src
Uploaded 1 image(s) for MV8737
Opening ticket MV8736...
Downloading images for MV8736...
Waiting for ticket detail for MV8736...
Found 2 ticket item card(s).
No direct full-size image URL found for MV8736 item 2 (Sheet Iron).
Uploaded MV8736_01_Sealed_Units.jpg to train/Sealed_Units/ and all_by_ticket/MV8736/ using Direct Image Src
Uploaded 1 image(s) for MV8736
Opening ticket MV8735...
Downloading images for MV8735...
Waiting for ticket detail for MV8735...
Found 2 ticket item card(s).
No direct full-size image URL found for MV8735 item 1 (Sheet Iron).
Uploaded MV8735_02_2_Copper.jpg to train/2_Copper/ and all_by_ticket/MV8735/ using Direct Image Src
Uploaded 1 image(s) for MV8735
Opening ticket MV8734...
Downloading images for MV8734...
Waiting for ticket detail for MV8734...
Found 1 ticket item card(s).
Uploaded MV8734_01_2_Copper.jpg to test/2_Copper/ and all_by_ticket/MV8734/ using Direct Image Src
Uploaded 1 image(s) for MV8734
Opening ticket MV8733...
Downloading images for MV8733...
Waiting for ticket detail for MV8733...
Found 1 ticket item card(s).
Uploaded MV8733_01_2_Copper.jpg to train/2_Copper/ and all_by_ticket/MV8733/ using Direct Image Src
Uploaded 1 image(s) for MV8733
Opening ticket MV8732...
Downloading images for MV8732...
Waiting for ticket detail for MV8732...
Found 5 ticket item card(s).
Uploaded MV8732_01_Sheet_Aluminum.jpg to test/Sheet_Aluminum/ and all_by_ticket/MV8732/ using Direct Image Src
Uploaded MV8732_03_Irony_Aluminum.jpg to test/Irony_Aluminum/ and all_by_ticket/MV8732/ using Direct Image Src
Uploaded MV8732_02_Sealed_Units.jpg to train/Sealed_Units/ and all_by_ticket/MV8732/ using Direct Image Src
Uploaded MV8732_04_Sealed_Units.jpg to train/Sealed_Units/ and all_by_ticket/MV8732/ using Direct Image Src
Uploaded MV8732_05_Sheet_Iron.jpg to test/Sheet_Iron/ and all_by_ticket/MV8732/ using Direct Image Src
Uploaded 5 image(s) for MV8732
Opening ticket MV8731...
Downloading images for MV8731...
Waiting for ticket detail for MV8731...
Found 2 ticket item card(s).
No direct full-size image URL found for MV8731 item 1 (Sheet Iron).
No direct full-size image URL found for MV8731 item 2 (Sheet Iron).
Skipping ticket MV8731: no usable image tasks found.
Uploaded 0 image(s) for MV8731
Opening ticket MV8730...
Downloading images for MV8730...
Waiting for ticket detail for MV8730...
Found 2 ticket item card(s).
Uploaded MV8730_02_Aluminum_Cans.jpg to train/Aluminum_Cans/ and all_by_ticket/MV8730/ using Direct Image Src
Uploaded MV8730_01_1_Copper.jpg to train/1_Copper/ and all_by_ticket/MV8730/ using Direct Image Src
Uploaded 2 image(s) for MV8730
Opening ticket MV8729...
Downloading images for MV8729...
Waiting for ticket detail for MV8729...
Found 2 ticket item card(s).
Uploaded MV8729_01_2_Copper.jpg to test/2_Copper/ and all_by_ticket/MV8729/ using Direct Image Src
Uploaded MV8729_02_2_Insulated_Wire.jpg to val/2_Insulated_Wire/ and all_by_ticket/MV8729/ using Direct Image Src
Uploaded 2 image(s) for MV8729
Reached last page.

Finished scraping and uploading images.
S3 bucket used: mvmr-scrapright-images-ojanama
Dataset structure used: train/<label>/, val/<label>/, test/<label>/, all_by_ticket/<ticket_number>/
Scraper returned cleanly.
Scraper finished with exit code 0. Stopping instance...
Stopping i-0cea2f3cf1a36acbb in us-east-2...
{
    "StoppingInstances": [
        {
            "InstanceId": "i-0cea2f3cf1a36acbb",
            "CurrentState": {
                "Code": 64,
                "Name": "stopping"
            },
            "PreviousState": {
                "Code": 16,
                "Name": "running"
            }
        }
    ]
}
