Starting weekly scrape at 2026-08-16T04:02:05+00:00...
Resolved date range: 08/09/2026 -> 08/15/2026
Valid ticket prefixes: ['MV']
Logging into ScrapRight...
Login submitted.
Waiting for login to complete in the browser...
Login detected. Continuing automatically...
Opening TRANSACTIONS menu...
Selecting Date Range...
Date Range selected.
Filling date range: 08/09/2026 -> 08/15/2026
Start date entered: 08092026
End date entered:   08152026
Clicking search...

Processing results page 1...
Scraping ticket numbers from current page...
Waiting for search results...
Skipping ticket MV7411 due to status: VOID
Skipping ticket MV7410 due to status: VOID
Skipping ticket MV7408 due to status: VOID
Skipping ticket MV7406 due to status: CANCEL
Found 6 ticket(s) on this page after status filtering: ['MV7415', 'MV7414', 'MV7413', 'MV7412', 'MV7409', 'MV7407']
Opening ticket MV7415...
Downloading images for MV7415...
Waiting for ticket detail for MV7415...
Found 6 ticket item card(s).
Uploaded MV7415_05_Irony_Aluminum.jpg to train/Irony_Aluminum/ and all_by_ticket/MV7415/ using Direct Image Src
Uploaded MV7415_03_Low_Grade_Insulated_Wire.jpg to train/Low_Grade_Insulated_Wire/ and all_by_ticket/MV7415/ using Direct Image Src
Uploaded MV7415_04_BareBright.jpg to train/BareBright/ and all_by_ticket/MV7415/ using Direct Image Src
Uploaded MV7415_01_Sheet_Iron.jpg to train/Sheet_Iron/ and all_by_ticket/MV7415/ using Direct Image Src
Uploaded MV7415_06_Dirty_Brass.jpg to train/Dirty_Brass/ and all_by_ticket/MV7415/ using Direct Image Src
Uploaded MV7415_02_Yellow_Brass_Clean.jpg to train/Yellow_Brass_Clean/ and all_by_ticket/MV7415/ using Direct Image Src
Uploaded 6 image(s) for MV7415
Opening ticket MV7414...
Downloading images for MV7414...
Waiting for ticket detail for MV7414...
Found 1 ticket item card(s).
Uploaded MV7414_01_Sheet_Iron.jpg to train/Sheet_Iron/ and all_by_ticket/MV7414/ using Direct Image Src
Uploaded 1 image(s) for MV7414
Opening ticket MV7413...
Downloading images for MV7413...
Waiting for ticket detail for MV7413...
Found 1 ticket item card(s).
Uploaded MV7413_01_Sheet_Iron.jpg to train/Sheet_Iron/ and all_by_ticket/MV7413/ using Direct Image Src
Uploaded 1 image(s) for MV7413
Opening ticket MV7412...
Downloading images for MV7412...
Waiting for ticket detail for MV7412...
Found 2 ticket item card(s).
Uploaded MV7412_01_Carbide.jpg to val/Carbide/ and all_by_ticket/MV7412/ using Direct Image Src
Uploaded MV7412_02_Yellow_Brass_Clean.jpg to train/Yellow_Brass_Clean/ and all_by_ticket/MV7412/ using Direct Image Src
Uploaded 2 image(s) for MV7412
Opening ticket MV7409...
Downloading images for MV7409...
Waiting for ticket detail for MV7409...
Found 1 ticket item card(s).
No direct full-size image URL found for MV7409 item 1 (Test).
Skipping ticket MV7409: no usable image tasks found.
Uploaded 0 image(s) for MV7409
Opening ticket MV7407...
Downloading images for MV7407...
Waiting for ticket detail for MV7407...
Found 2 ticket item card(s).
Uploaded MV7407_02_Auto_Batteries.jpg to train/Auto_Batteries/ and all_by_ticket/MV7407/ using Direct Image Src
Uploaded MV7407_01_Sheet_Iron.jpg to train/Sheet_Iron/ and all_by_ticket/MV7407/ using Direct Image Src
Uploaded 2 image(s) for MV7407
Pagination before click: 1 - 10 of 268
Pagination after click: 11 - 20 of 268

Processing results page 2...
Scraping ticket numbers from current page...
Waiting for search results...
Skipping ticket MV7416 due to status: VOID
Found 9 ticket(s) on this page after status filtering: ['MV7425', 'MV7424', 'MV7423', 'MV7422', 'MV7421', 'MV7420', 'MV7419', 'MV7418', 'MV7417']
Opening ticket MV7425...
Downloading images for MV7425...
Waiting for ticket detail for MV7425...
Found 1 ticket item card(s).
Uploaded MV7425_01_Sheet_Iron.jpg to train/Sheet_Iron/ and all_by_ticket/MV7425/ using Direct Image Src
Uploaded 1 image(s) for MV7425
Opening ticket MV7424...
Downloading images for MV7424...
Waiting for ticket detail for MV7424...
Found 1 ticket item card(s).
Uploaded MV7424_01_Sheet_Iron.jpg to train/Sheet_Iron/ and all_by_ticket/MV7424/ using Direct Image Src
Uploaded 1 image(s) for MV7424
Opening ticket MV7423...
Downloading images for MV7423...
Waiting for ticket detail for MV7423...
Found 4 ticket item card(s).
Uploaded MV7423_01_Aluminum_Wire_Insulated.jpg to train/Aluminum_Wire_Insulated/ and all_by_ticket/MV7423/ using Direct Image Src
Uploaded MV7423_02_1_Insulated_Wire.jpg to train/1_Insulated_Wire/ and all_by_ticket/MV7423/ using Direct Image Src
Uploaded MV7423_03_Romex.jpg to val/Romex/ and all_by_ticket/MV7423/ using Direct Image Src
Uploaded MV7423_04_Harness_Wire.jpg to val/Harness_Wire/ and all_by_ticket/MV7423/ using Direct Image Src
Uploaded 4 image(s) for MV7423
Opening ticket MV7422...
Downloading images for MV7422...
Waiting for ticket detail for MV7422...
Found 3 ticket item card(s).
Uploaded MV7422_02_Yellow_Brass_Clean.jpg to train/Yellow_Brass_Clean/ and all_by_ticket/MV7422/ using Direct Image Src
Uploaded MV7422_01_2_Copper.jpg to train/2_Copper/ and all_by_ticket/MV7422/ using Direct Image Src
Uploaded MV7422_03_Irony_Aluminum.jpg to train/Irony_Aluminum/ and all_by_ticket/MV7422/ using Direct Image Src
Uploaded 3 image(s) for MV7422
Opening ticket MV7421...
Downloading images for MV7421...
Waiting for ticket detail for MV7421...
Found 1 ticket item card(s).
Uploaded MV7421_01_Aluminum_Cans.jpg to train/Aluminum_Cans/ and all_by_ticket/MV7421/ using Direct Image Src
Uploaded 1 image(s) for MV7421
Opening ticket MV7420...
Downloading images for MV7420...
Waiting for ticket detail for MV7420...
Found 1 ticket item card(s).
Uploaded MV7420_01_Sheet_Iron.jpg to train/Sheet_Iron/ and all_by_ticket/MV7420/ using Direct Image Src
Uploaded 1 image(s) for MV7420
Opening ticket MV7419...
Downloading images for MV7419...
Waiting for ticket detail for MV7419...
Found 5 ticket item card(s).
Uploaded MV7419_01_Sheet_Aluminum.jpg to train/Sheet_Aluminum/ and all_by_ticket/MV7419/ using Direct Image Src
Uploaded MV7419_03_2_Copper.jpg to test/2_Copper/ and all_by_ticket/MV7419/ using Direct Image Src
Uploaded MV7419_04_2_Copper.jpg to val/2_Copper/ and all_by_ticket/MV7419/ using Direct Image Src
Uploaded MV7419_02_Cast_Aluminum.jpg to train/Cast_Aluminum/ and all_by_ticket/MV7419/ using Direct Image Src
Uploaded MV7419_05_Yellow_Brass_Clean.jpg to val/Yellow_Brass_Clean/ and all_by_ticket/MV7419/ using Direct Image Src
Uploaded 5 image(s) for MV7419
Opening ticket MV7418...
Downloading images for MV7418...
Waiting for ticket detail for MV7418...
Found 1 ticket item card(s).
Uploaded MV7418_01_Dirty_Brass.jpg to test/Dirty_Brass/ and all_by_ticket/MV7418/ using Direct Image Src
Uploaded 1 image(s) for MV7418
Opening ticket MV7417...
Downloading images for MV7417...
Waiting for ticket detail for MV7417...
Found 8 ticket item card(s).
Uploaded MV7417_05_Electric_Motor.jpg to train/Electric_Motor/ and all_by_ticket/MV7417/ using Direct Image Src
Uploaded MV7417_04_2_Insulated_Wire.jpg to train/2_Insulated_Wire/ and all_by_ticket/MV7417/ using Direct Image Src
Uploaded MV7417_02_Sheet_Iron.jpg to train/Sheet_Iron/ and all_by_ticket/MV7417/ using Direct Image Src
Uploaded MV7417_03_Irony_ACR_Radiators.jpg to train/Irony_ACR_Radiators/ and all_by_ticket/MV7417/ using Direct Image Src
Uploaded MV7417_01_Sheet_Iron.jpg to train/Sheet_Iron/ and all_by_ticket/MV7417/ using Direct Image Src
Uploaded MV7417_08_Sheet_Iron.jpg to train/Sheet_Iron/ and all_by_ticket/MV7417/ using Direct Image Src
Uploaded MV7417_07_Dirty_Brass.jpg to train/Dirty_Brass/ and all_by_ticket/MV7417/ using Direct Image Src
Uploaded MV7417_06_2_Copper.jpg to train/2_Copper/ and all_by_ticket/MV7417/ using Direct Image Src
Uploaded 8 image(s) for MV7417
Pagination before click: 11 - 20 of 268
Pagination after click: 21 - 30 of 268

Processing results page 3...
Scraping ticket numbers from current page...
Waiting for search results...
Skipping ticket MV7428 due to status: CANCEL
Skipping ticket MV7427 due to status: VOID
Skipping ticket MV7426 due to status: CANCEL
Found 7 ticket(s) on this page after status filtering: ['MV7435', 'MV7434', 'MV7433', 'MV7432', 'MV7431', 'MV7430', 'MV7429']
Opening ticket MV7435...
Downloading images for MV7435...
Waiting for ticket detail for MV7435...
Found 1 ticket item card(s).
Uploaded MV7435_01_Catalytic_Converters.jpg to train/Catalytic_Converters/ and all_by_ticket/MV7435/ using Direct Image Src
Uploaded 1 image(s) for MV7435
Opening ticket MV7434...
Downloading images for MV7434...
Waiting for ticket detail for MV7434...
Found 4 ticket item card(s).
Uploaded MV7434_01_Cat_56.jpg to train/Cat_56/ and all_by_ticket/MV7434/ using Direct Image Src
Uploaded MV7434_02_BareBright.jpg to train/BareBright/ and all_by_ticket/MV7434/ using Direct Image Src
Uploaded MV7434_04_2_Copper.jpg to train/2_Copper/ and all_by_ticket/MV7434/ using Direct Image Src
Uploaded MV7434_03_Aluminum_Radiator.jpg to val/Aluminum_Radiator/ and all_by_ticket/MV7434/ using Direct Image Src
Uploaded 4 image(s) for MV7434
Opening ticket MV7433...
Downloading images for MV7433...
Waiting for ticket detail for MV7433...
Found 1 ticket item card(s).
No direct full-size image URL found for MV7433 item 1 (Test).
Skipping ticket MV7433: no usable image tasks found.
Uploaded 0 image(s) for MV7433
Opening ticket MV7432...
Downloading images for MV7432...
Waiting for ticket detail for MV7432...
Found 5 ticket item card(s).
Uploaded MV7432_02_Sheet_Iron.jpg to val/Sheet_Iron/ and all_by_ticket/MV7432/ using Direct Image Src
Uploaded MV7432_01_Sheet_Iron.jpg to val/Sheet_Iron/ and all_by_ticket/MV7432/ using Direct Image Src
Uploaded MV7432_04_Electric_Motor.jpg to test/Electric_Motor/ and all_by_ticket/MV7432/ using Direct Image Src
Uploaded MV7432_03_Gutters_Siding.jpg to train/Gutters_Siding/ and all_by_ticket/MV7432/ using Direct Image Src
Uploaded MV7432_05_Cast_Aluminum.jpg to train/Cast_Aluminum/ and all_by_ticket/MV7432/ using Direct Image Src
Uploaded 5 image(s) for MV7432
Opening ticket MV7431...
Downloading images for MV7431...
Waiting for ticket detail for MV7431...
Found 4 ticket item card(s).
Uploaded MV7431_01_Gutters_Siding.jpg to train/Gutters_Siding/ and all_by_ticket/MV7431/ using Direct Image Src
Uploaded MV7431_02_Yellow_Brass_Clean.jpg to train/Yellow_Brass_Clean/ and all_by_ticket/MV7431/ using Direct Image Src
Uploaded MV7431_04_Extrusion.jpg to train/Extrusion/ and all_by_ticket/MV7431/ using Direct Image Src
Uploaded MV7431_03_Sheet_Iron.jpg to train/Sheet_Iron/ and all_by_ticket/MV7431/ using Direct Image Src
Uploaded 4 image(s) for MV7431
Opening ticket MV7430...
Downloading images for MV7430...
Waiting for ticket detail for MV7430...
Found 2 ticket item card(s).
Uploaded MV7430_01_2_Insulated_Wire.jpg to train/2_Insulated_Wire/ and all_by_ticket/MV7430/ using Direct Image Src
Uploaded MV7430_02_Sheet_Iron.jpg to train/Sheet_Iron/ and all_by_ticket/MV7430/ using Direct Image Src
Uploaded 2 image(s) for MV7430
Opening ticket MV7429...
Downloading images for MV7429...
Waiting for ticket detail for MV7429...
Found 1 ticket item card(s).
Uploaded MV7429_01_Sheet_Iron.jpg to train/Sheet_Iron/ and all_by_ticket/MV7429/ using Direct Image Src
Uploaded 1 image(s) for MV7429
Pagination before click: 21 - 30 of 268
Pagination after click: 31 - 40 of 268

Processing results page 4...
Scraping ticket numbers from current page...
Waiting for search results...
Skipping ticket MV7439 due to status: CANCEL
Found 9 ticket(s) on this page after status filtering: ['MV7445', 'MV7444', 'MV7443', 'MV7442', 'MV7441', 'MV7440', 'MV7438', 'MV7437', 'MV7436']
Opening ticket MV7445...
Downloading images for MV7445...
Waiting for ticket detail for MV7445...
Found 6 ticket item card(s).
Uploaded MV7445_02_2_Copper.jpg to train/2_Copper/ and all_by_ticket/MV7445/ using Direct Image Src
Uploaded MV7445_03_Romex.jpg to train/Romex/ and all_by_ticket/MV7445/ using Direct Image Src
Uploaded MV7445_01_Irony_Aluminum.jpg to test/Irony_Aluminum/ and all_by_ticket/MV7445/ using Direct Image Src
Uploaded MV7445_05_Red_Brass.jpg to train/Red_Brass/ and all_by_ticket/MV7445/ using Direct Image Src
Uploaded MV7445_04_Electric_Motor.jpg to test/Electric_Motor/ and all_by_ticket/MV7445/ using Direct Image Src
Uploaded MV7445_06_Irony_Aluminum.jpg to val/Irony_Aluminum/ and all_by_ticket/MV7445/ using Direct Image Src
Uploaded 6 image(s) for MV7445
Opening ticket MV7444...
Downloading images for MV7444...
Waiting for ticket detail for MV7444...
Found 1 ticket item card(s).
Uploaded MV7444_01_BareBright.jpg to train/BareBright/ and all_by_ticket/MV7444/ using Direct Image Src
Uploaded 1 image(s) for MV7444
Opening ticket MV7443...
Downloading images for MV7443...
Waiting for ticket detail for MV7443...
Found 5 ticket item card(s).
Uploaded MV7443_01_Gutters_Siding.jpg to train/Gutters_Siding/ and all_by_ticket/MV7443/ using Direct Image Src
Uploaded MV7443_05_Copper_Breakage.jpg to train/Copper_Breakage/ and all_by_ticket/MV7443/ using Direct Image Src
Uploaded MV7443_03_Yellow_Brass_Clean.jpg to train/Yellow_Brass_Clean/ and all_by_ticket/MV7443/ using Direct Image Src
Uploaded MV7443_04_Misc_Electronic_Scrap.jpg to train/Misc_Electronic_Scrap/ and all_by_ticket/MV7443/ using Direct Image Src
Uploaded MV7443_02_Low_Grade_Insulated_Wire.jpg to val/Low_Grade_Insulated_Wire/ and all_by_ticket/MV7443/ using Direct Image Src
Uploaded 5 image(s) for MV7443
Opening ticket MV7442...
Downloading images for MV7442...
Waiting for ticket detail for MV7442...
Found 1 ticket item card(s).
Uploaded MV7442_01_Sheet_Iron.jpg to train/Sheet_Iron/ and all_by_ticket/MV7442/ using Direct Image Src
Uploaded 1 image(s) for MV7442
Opening ticket MV7441...
Downloading images for MV7441...
Waiting for ticket detail for MV7441...
Found 4 ticket item card(s).
Uploaded MV7441_01_2_Copper.jpg to test/2_Copper/ and all_by_ticket/MV7441/ using Direct Image Src
Uploaded MV7441_04_2_Copper.jpg to train/2_Copper/ and all_by_ticket/MV7441/ using Direct Image Src
Uploaded MV7441_02_Dirty_Brass.jpg to train/Dirty_Brass/ and all_by_ticket/MV7441/ using Direct Image Src
Uploaded MV7441_03_1_Copper.jpg to train/1_Copper/ and all_by_ticket/MV7441/ using Direct Image Src
Uploaded 4 image(s) for MV7441
Opening ticket MV7440...
Downloading images for MV7440...
Waiting for ticket detail for MV7440...
Found 4 ticket item card(s).
Uploaded MV7440_04_Aluminum_Cans.jpg to train/Aluminum_Cans/ and all_by_ticket/MV7440/ using Direct Image Src
Uploaded MV7440_03_Aluminum_Cans.jpg to val/Aluminum_Cans/ and all_by_ticket/MV7440/ using Direct Image Src
Uploaded MV7440_02_304.jpg to train/304/ and all_by_ticket/MV7440/ using Direct Image Src
Uploaded MV7440_01_Sheet_Iron.jpg to train/Sheet_Iron/ and all_by_ticket/MV7440/ using Direct Image Src
Uploaded 4 image(s) for MV7440
Opening ticket MV7438...
Downloading images for MV7438...
Waiting for ticket detail for MV7438...
Found 7 ticket item card(s).
Uploaded MV7438_03_2_Copper.jpg to val/2_Copper/ and all_by_ticket/MV7438/ using Direct Image Src
Uploaded MV7438_01_Sheet_Iron.jpg to train/Sheet_Iron/ and all_by_ticket/MV7438/ using Direct Image Src
Uploaded MV7438_02_Cat_56.jpg to train/Cat_56/ and all_by_ticket/MV7438/ using Direct Image Src
Uploaded MV7438_05_BareBright.jpg to train/BareBright/ and all_by_ticket/MV7438/ using Direct Image Src
Uploaded MV7438_04_AluminumCopper_Radiator.jpg to train/AluminumCopper_Radiator/ and all_by_ticket/MV7438/ using Direct Image Src
Uploaded MV7438_06_Compressors.jpg to test/Compressors/ and all_by_ticket/MV7438/ using Direct Image Src
Uploaded MV7438_07_Compressors.jpg to train/Compressors/ and all_by_ticket/MV7438/ using Direct Image Src
Uploaded 7 image(s) for MV7438
Opening ticket MV7437...
Downloading images for MV7437...
Waiting for ticket detail for MV7437...
Found 2 ticket item card(s).
Uploaded MV7437_01_Sheet_Iron.jpg to train/Sheet_Iron/ and all_by_ticket/MV7437/ using Direct Image Src
Uploaded MV7437_02_Auto_Batteries.jpg to train/Auto_Batteries/ and all_by_ticket/MV7437/ using Direct Image Src
Uploaded 2 image(s) for MV7437
Opening ticket MV7436...
Downloading images for MV7436...
Waiting for ticket detail for MV7436...
Found 5 ticket item card(s).
Uploaded MV7436_01_Sheet_Iron.jpg to train/Sheet_Iron/ and all_by_ticket/MV7436/ using Direct Image Src
Uploaded MV7436_02_Gutters_Siding.jpg to train/Gutters_Siding/ and all_by_ticket/MV7436/ using Direct Image Src
Uploaded MV7436_03_Gutters_Siding.jpg to test/Gutters_Siding/ and all_by_ticket/MV7436/ using Direct Image Src
Uploaded MV7436_04_Gutters_Siding.jpg to val/Gutters_Siding/ and all_by_ticket/MV7436/ using Direct Image Src
Uploaded MV7436_05_Aluminum_Cans.jpg to train/Aluminum_Cans/ and all_by_ticket/MV7436/ using Direct Image Src
Uploaded 5 image(s) for MV7436
Pagination before click: 31 - 40 of 268
Pagination after click: 41 - 50 of 268

Processing results page 5...
Scraping ticket numbers from current page...
Waiting for search results...
Skipping ticket MV7455 due to status: VOID
Skipping ticket MV7451 due to status: VOID
Skipping ticket MV7450 due to status: VOID
Skipping ticket MV7449 due to status: VOID
Found 6 ticket(s) on this page after status filtering: ['MV7454', 'MV7453', 'MV7452', 'MV7448', 'MV7447', 'MV7446']
Opening ticket MV7454...
Downloading images for MV7454...
Waiting for ticket detail for MV7454...
Found 8 ticket item card(s).
Uploaded MV7454_03_304.jpg to train/304/ and all_by_ticket/MV7454/ using Direct Image Src
Uploaded MV7454_01_304.jpg to train/304/ and all_by_ticket/MV7454/ using Direct Image Src
Uploaded MV7454_04_304.jpg to train/304/ and all_by_ticket/MV7454/ using Direct Image Src
Uploaded MV7454_06_304.jpg to train/304/ and all_by_ticket/MV7454/ using Direct Image Src
Uploaded MV7454_07_304.jpg to train/304/ and all_by_ticket/MV7454/ using Direct Image Src
Uploaded MV7454_02_304.jpg to train/304/ and all_by_ticket/MV7454/ using Direct Image Src
Uploaded MV7454_05_304.jpg to train/304/ and all_by_ticket/MV7454/ using Direct Image Src
Uploaded MV7454_08_304.jpg to train/304/ and all_by_ticket/MV7454/ using Direct Image Src
Uploaded 8 image(s) for MV7454
Opening ticket MV7453...
Downloading images for MV7453...
Waiting for ticket detail for MV7453...
Found 1 ticket item card(s).
Uploaded MV7453_01_2_Copper.jpg to train/2_Copper/ and all_by_ticket/MV7453/ using Direct Image Src
Uploaded 1 image(s) for MV7453
Opening ticket MV7452...
Downloading images for MV7452...
Waiting for ticket detail for MV7452...
Found 1 ticket item card(s).
Uploaded MV7452_01_BareBright.jpg to train/BareBright/ and all_by_ticket/MV7452/ using Direct Image Src
Uploaded 1 image(s) for MV7452
Opening ticket MV7448...
Downloading images for MV7448...
Waiting for ticket detail for MV7448...
Found 4 ticket item card(s).
Uploaded MV7448_04_Compressors.jpg to val/Compressors/ and all_by_ticket/MV7448/ using Direct Image Src
Uploaded MV7448_02_Low_Grade_Insulated_Wire.jpg to train/Low_Grade_Insulated_Wire/ and all_by_ticket/MV7448/ using Direct Image Src
Uploaded MV7448_03_2_Copper.jpg to train/2_Copper/ and all_by_ticket/MV7448/ using Direct Image Src
Uploaded MV7448_01_AluminumCopper_Radiator.jpg to train/AluminumCopper_Radiator/ and all_by_ticket/MV7448/ using Direct Image Src
Uploaded 4 image(s) for MV7448
Opening ticket MV7447...
Downloading images for MV7447...
Waiting for ticket detail for MV7447...
Found 1 ticket item card(s).
Uploaded MV7447_01_BareBright.jpg to train/BareBright/ and all_by_ticket/MV7447/ using Direct Image Src
Uploaded 1 image(s) for MV7447
Opening ticket MV7446...
Downloading images for MV7446...
Waiting for ticket detail for MV7446...
Found 3 ticket item card(s).
Uploaded MV7446_02_1_Copper.jpg to train/1_Copper/ and all_by_ticket/MV7446/ using Direct Image Src
Uploaded MV7446_01_1_Copper.jpg to val/1_Copper/ and all_by_ticket/MV7446/ using Direct Image Src
Uploaded MV7446_03_Dirty_Brass.jpg to train/Dirty_Brass/ and all_by_ticket/MV7446/ using Direct Image Src
Uploaded 3 image(s) for MV7446
Pagination before click: 41 - 50 of 268
Pagination after click: 51 - 60 of 268

Processing results page 6...
Scraping ticket numbers from current page...
Waiting for search results...
Skipping ticket MV7465 due to status: CANCEL
Skipping ticket MV7459 due to status: VOID
Found 8 ticket(s) on this page after status filtering: ['MV7464', 'MV7463', 'MV7462', 'MV7461', 'MV7460', 'MV7458', 'MV7457', 'MV7456']
Opening ticket MV7464...
Downloading images for MV7464...
Waiting for ticket detail for MV7464...
Found 1 ticket item card(s).
Uploaded MV7464_01_Sheet_Iron.jpg to train/Sheet_Iron/ and all_by_ticket/MV7464/ using Direct Image Src
Uploaded 1 image(s) for MV7464
Opening ticket MV7463...
Downloading images for MV7463...
Waiting for ticket detail for MV7463...
Found 2 ticket item card(s).
Uploaded MV7463_01_Extrusion.jpg to val/Extrusion/ and all_by_ticket/MV7463/ using Direct Image Src
Uploaded MV7463_02_2_Insulated_Wire.jpg to train/2_Insulated_Wire/ and all_by_ticket/MV7463/ using Direct Image Src
Uploaded 2 image(s) for MV7463
Opening ticket MV7462...
Downloading images for MV7462...
Waiting for ticket detail for MV7462...
Found 4 ticket item card(s).
Uploaded MV7462_02_AluminumCopper_Radiator.jpg to train/AluminumCopper_Radiator/ and all_by_ticket/MV7462/ using Direct Image Src
Uploaded MV7462_04_Dirty_Brass.jpg to val/Dirty_Brass/ and all_by_ticket/MV7462/ using Direct Image Src
Uploaded MV7462_01_Dirty_Brass.jpg to train/Dirty_Brass/ and all_by_ticket/MV7462/ using Direct Image Src
Uploaded MV7462_03_1_Copper.jpg to train/1_Copper/ and all_by_ticket/MV7462/ using Direct Image Src
Uploaded 4 image(s) for MV7462
Opening ticket MV7461...
Downloading images for MV7461...
Waiting for ticket detail for MV7461...
Found 2 ticket item card(s).
Uploaded MV7461_01_Romex.jpg to train/Romex/ and all_by_ticket/MV7461/ using Direct Image Src
Uploaded MV7461_02_2_Copper.jpg to train/2_Copper/ and all_by_ticket/MV7461/ using Direct Image Src
Uploaded 2 image(s) for MV7461
Opening ticket MV7460...
Downloading images for MV7460...
Waiting for ticket detail for MV7460...
Found 1 ticket item card(s).
No direct full-size image URL found for MV7460 item 1 (Sheet Iron).
Skipping ticket MV7460: no usable image tasks found.
Uploaded 0 image(s) for MV7460
Opening ticket MV7458...
Downloading images for MV7458...
Waiting for ticket detail for MV7458...
Found 1 ticket item card(s).
Uploaded MV7458_01_2_Copper.jpg to train/2_Copper/ and all_by_ticket/MV7458/ using Direct Image Src
Uploaded 1 image(s) for MV7458
Opening ticket MV7457...
Downloading images for MV7457...
Waiting for ticket detail for MV7457...
Found 2 ticket item card(s).
No direct full-size image URL found for MV7457 item 2 (Sheet Iron).
Uploaded MV7457_01_Sheet_Iron.jpg to train/Sheet_Iron/ and all_by_ticket/MV7457/ using Direct Image Src
Uploaded 1 image(s) for MV7457
Opening ticket MV7456...
Downloading images for MV7456...
Waiting for ticket detail for MV7456...
Found 1 ticket item card(s).
Uploaded MV7456_01_2_Insulated_Wire.jpg to train/2_Insulated_Wire/ and all_by_ticket/MV7456/ using Direct Image Src
Uploaded 1 image(s) for MV7456
Pagination before click: 51 - 60 of 268
Pagination after click: 61 - 70 of 268

Processing results page 7...
Scraping ticket numbers from current page...
Waiting for search results...
Found 10 ticket(s) on this page after status filtering: ['MV7475', 'MV7474', 'MV7473', 'MV7472', 'MV7471', 'MV7470', 'MV7469', 'MV7468', 'MV7467', 'MV7466']
Opening ticket MV7475...
Downloading images for MV7475...
Waiting for ticket detail for MV7475...
Found 3 ticket item card(s).
Uploaded MV7475_02_2_Copper.jpg to train/2_Copper/ and all_by_ticket/MV7475/ using Direct Image Src
Uploaded MV7475_01_304.jpg to train/304/ and all_by_ticket/MV7475/ using Direct Image Src
Uploaded MV7475_03_Yellow_Brass_Clean.jpg to train/Yellow_Brass_Clean/ and all_by_ticket/MV7475/ using Direct Image Src
Uploaded 3 image(s) for MV7475
Opening ticket MV7474...
Downloading images for MV7474...
Waiting for ticket detail for MV7474...
Found 2 ticket item card(s).
Uploaded MV7474_02_AluminumCopper_Radiator.jpg to test/AluminumCopper_Radiator/ and all_by_ticket/MV7474/ using Direct Image Src
Uploaded MV7474_01_BareBright.jpg to test/BareBright/ and all_by_ticket/MV7474/ using Direct Image Src
Uploaded 2 image(s) for MV7474
Opening ticket MV7473...
Downloading images for MV7473...
Waiting for ticket detail for MV7473...
Found 2 ticket item card(s).
Uploaded MV7473_01_BareBright.jpg to train/BareBright/ and all_by_ticket/MV7473/ using Direct Image Src
Uploaded MV7473_02_2_Copper.jpg to train/2_Copper/ and all_by_ticket/MV7473/ using Direct Image Src
Uploaded 2 image(s) for MV7473
Opening ticket MV7472...
Downloading images for MV7472...
Waiting for ticket detail for MV7472...
Found 5 ticket item card(s).
Uploaded MV7472_01_Cast_Aluminum.jpg to train/Cast_Aluminum/ and all_by_ticket/MV7472/ using Direct Image Src
Uploaded MV7472_02_Aluminum_Wire_Insulated.jpg to train/Aluminum_Wire_Insulated/ and all_by_ticket/MV7472/ using Direct Image Src
Uploaded MV7472_03_2_Insulated_Wire.jpg to train/2_Insulated_Wire/ and all_by_ticket/MV7472/ using Direct Image Src
Uploaded MV7472_05_2_Copper.jpg to train/2_Copper/ and all_by_ticket/MV7472/ using Direct Image Src
Uploaded MV7472_04_Yellow_Brass_Clean.jpg to train/Yellow_Brass_Clean/ and all_by_ticket/MV7472/ using Direct Image Src
Uploaded 5 image(s) for MV7472
Opening ticket MV7471...
Downloading images for MV7471...
Waiting for ticket detail for MV7471...
Found 1 ticket item card(s).
Uploaded MV7471_01_Sheet_Iron.jpg to train/Sheet_Iron/ and all_by_ticket/MV7471/ using Direct Image Src
Uploaded 1 image(s) for MV7471
Opening ticket MV7470...
Downloading images for MV7470...
Waiting for ticket detail for MV7470...
Found 9 ticket item card(s).
Uploaded MV7470_02_Dirty_Brass.jpg to train/Dirty_Brass/ and all_by_ticket/MV7470/ using Direct Image Src
Uploaded MV7470_04_Dirty_Brass.jpg to train/Dirty_Brass/ and all_by_ticket/MV7470/ using Direct Image Src
Uploaded MV7470_01_Sheet_Iron.jpg to test/Sheet_Iron/ and all_by_ticket/MV7470/ using Direct Image Src
Uploaded MV7470_03_Sheet_Iron.jpg to train/Sheet_Iron/ and all_by_ticket/MV7470/ using Direct Image Src
Uploaded MV7470_05_1_Copper.jpg to train/1_Copper/ and all_by_ticket/MV7470/ using Direct Image Src
Uploaded MV7470_09_Sheet_Iron.jpg to train/Sheet_Iron/ and all_by_ticket/MV7470/ using Direct Image Src
Uploaded MV7470_06_Aluminum_Wire_Insulated.jpg to test/Aluminum_Wire_Insulated/ and all_by_ticket/MV7470/ using Direct Image Src
Uploaded MV7470_07_Aluminum_Wire_Insulated.jpg to train/Aluminum_Wire_Insulated/ and all_by_ticket/MV7470/ using Direct Image Src
Uploaded MV7470_08_2_Insulated_Wire.jpg to val/2_Insulated_Wire/ and all_by_ticket/MV7470/ using Direct Image Src
Uploaded 9 image(s) for MV7470
Opening ticket MV7469...
Downloading images for MV7469...
Waiting for ticket detail for MV7469...
Found 4 ticket item card(s).
Uploaded MV7469_01_2_Copper.jpg to train/2_Copper/ and all_by_ticket/MV7469/ using Direct Image Src
Uploaded MV7469_02_2_Insulated_Wire.jpg to test/2_Insulated_Wire/ and all_by_ticket/MV7469/ using Direct Image Src
Uploaded MV7469_04_Cat_56.jpg to val/Cat_56/ and all_by_ticket/MV7469/ using Direct Image Src
Uploaded MV7469_03_2_Insulated_Wire.jpg to train/2_Insulated_Wire/ and all_by_ticket/MV7469/ using Direct Image Src
Uploaded 4 image(s) for MV7469
Opening ticket MV7468...
Downloading images for MV7468...
Waiting for ticket detail for MV7468...
Found 6 ticket item card(s).
Uploaded MV7468_01_Irony_Brass_50.jpg to val/Irony_Brass_50/ and all_by_ticket/MV7468/ using Direct Image Src
Uploaded MV7468_03_2_Copper.jpg to train/2_Copper/ and all_by_ticket/MV7468/ using Direct Image Src
Uploaded MV7468_04_1_Insulated_Wire.jpg to train/1_Insulated_Wire/ and all_by_ticket/MV7468/ using Direct Image Src
Uploaded MV7468_05_Aluminum_Wire_Insulated.jpg to train/Aluminum_Wire_Insulated/ and all_by_ticket/MV7468/ using Direct Image Src
Uploaded MV7468_06_Irony_Aluminum.jpg to train/Irony_Aluminum/ and all_by_ticket/MV7468/ using Direct Image Src
Uploaded MV7468_02_Dirty_Brass.jpg to train/Dirty_Brass/ and all_by_ticket/MV7468/ using Direct Image Src
Uploaded 6 image(s) for MV7468
Opening ticket MV7467...
Downloading images for MV7467...
Waiting for ticket detail for MV7467...
Found 1 ticket item card(s).
Uploaded MV7467_01_Sheet_Iron.jpg to train/Sheet_Iron/ and all_by_ticket/MV7467/ using Direct Image Src
Uploaded 1 image(s) for MV7467
Opening ticket MV7466...
Downloading images for MV7466...
Waiting for ticket detail for MV7466...
Found 3 ticket item card(s).
Uploaded MV7466_01_BareBright.jpg to train/BareBright/ and all_by_ticket/MV7466/ using Direct Image Src
Uploaded MV7466_02_BareBright.jpg to train/BareBright/ and all_by_ticket/MV7466/ using Direct Image Src
Uploaded MV7466_03_1_Insulated_Wire.jpg to train/1_Insulated_Wire/ and all_by_ticket/MV7466/ using Direct Image Src
Uploaded 3 image(s) for MV7466
Pagination before click: 61 - 70 of 268
Pagination after click: 71 - 80 of 268

Processing results page 8...
Scraping ticket numbers from current page...
Waiting for search results...
Skipping ticket MV7482 due to status: VOID
Skipping ticket MV7481 due to status: VOID
Skipping ticket MV7477 due to status: CANCEL
Skipping ticket MV7476 due to status: VOID
Found 6 ticket(s) on this page after status filtering: ['MV7485', 'MV7484', 'MV7483', 'MV7480', 'MV7479', 'MV7478']
Opening ticket MV7485...
Downloading images for MV7485...
Waiting for ticket detail for MV7485...
Found 8 ticket item card(s).
Uploaded MV7485_03_Low_Grade_Insulated_Wire.jpg to train/Low_Grade_Insulated_Wire/ and all_by_ticket/MV7485/ using Direct Image Src
Uploaded MV7485_04_Low_Grade_Insulated_Wire.jpg to train/Low_Grade_Insulated_Wire/ and all_by_ticket/MV7485/ using Direct Image Src
Uploaded MV7485_02_Yellow_Brass_Clean.jpg to train/Yellow_Brass_Clean/ and all_by_ticket/MV7485/ using Direct Image Src
Uploaded MV7485_06_2_Copper.jpg to val/2_Copper/ and all_by_ticket/MV7485/ using Direct Image Src
Uploaded MV7485_01_Dirty_Brass.jpg to val/Dirty_Brass/ and all_by_ticket/MV7485/ using Direct Image Src
Uploaded MV7485_05_BareBright.jpg to train/BareBright/ and all_by_ticket/MV7485/ using Direct Image Src
Uploaded MV7485_07_Irony_Brass_50.jpg to train/Irony_Brass_50/ and all_by_ticket/MV7485/ using Direct Image Src
Uploaded MV7485_08_Ballast.jpg to val/Ballast/ and all_by_ticket/MV7485/ using Direct Image Src
Uploaded 8 image(s) for MV7485
Opening ticket MV7484...
Downloading images for MV7484...
Waiting for ticket detail for MV7484...
Found 7 ticket item card(s).
Uploaded MV7484_07_Transformer.jpg to train/Transformer/ and all_by_ticket/MV7484/ using Direct Image Src
Uploaded MV7484_02_Sheet_Iron.jpg to train/Sheet_Iron/ and all_by_ticket/MV7484/ using Direct Image Src
Uploaded MV7484_01_Sealed_Units.jpg to train/Sealed_Units/ and all_by_ticket/MV7484/ using Direct Image Src
Uploaded MV7484_03_Low_Grade_Insulated_Wire.jpg to train/Low_Grade_Insulated_Wire/ and all_by_ticket/MV7484/ using Direct Image Src
Uploaded MV7484_06_2_Copper.jpg to train/2_Copper/ and all_by_ticket/MV7484/ using Direct Image Src
Uploaded MV7484_05_Aluminum_Radiator.jpg to val/Aluminum_Radiator/ and all_by_ticket/MV7484/ using Direct Image Src
Uploaded MV7484_04_Irony_ACR_Radiators.jpg to train/Irony_ACR_Radiators/ and all_by_ticket/MV7484/ using Direct Image Src
Uploaded 7 image(s) for MV7484
Opening ticket MV7483...
Downloading images for MV7483...
Waiting for ticket detail for MV7483...
Found 5 ticket item card(s).
Uploaded MV7483_02_Sheet_Aluminum.jpg to test/Sheet_Aluminum/ and all_by_ticket/MV7483/ using Direct Image Src
Uploaded MV7483_01_BareBright.jpg to train/BareBright/ and all_by_ticket/MV7483/ using Direct Image Src
Uploaded MV7483_04_Aluminum_Cans.jpg to train/Aluminum_Cans/ and all_by_ticket/MV7483/ using Direct Image Src
Uploaded MV7483_03_Yellow_Brass_Clean.jpg to train/Yellow_Brass_Clean/ and all_by_ticket/MV7483/ using Direct Image Src
Uploaded MV7483_05_Irony_Aluminum.jpg to train/Irony_Aluminum/ and all_by_ticket/MV7483/ using Direct Image Src
Uploaded 5 image(s) for MV7483
Opening ticket MV7480...
Downloading images for MV7480...
Waiting for ticket detail for MV7480...
Found 2 ticket item card(s).
Uploaded MV7480_01_Lead.jpg to train/Lead/ and all_by_ticket/MV7480/ using Direct Image Src
Uploaded MV7480_02_2_Copper.jpg to train/2_Copper/ and all_by_ticket/MV7480/ using Direct Image Src
Uploaded 2 image(s) for MV7480
Opening ticket MV7479...
Downloading images for MV7479...
Waiting for ticket detail for MV7479...
Found 9 ticket item card(s).
Uploaded MV7479_03_Unclean_Extrusion.jpg to train/Unclean_Extrusion/ and all_by_ticket/MV7479/ using Direct Image Src
Uploaded MV7479_01_Sheet_Iron.jpg to train/Sheet_Iron/ and all_by_ticket/MV7479/ using Direct Image Src
Uploaded MV7479_05_Extrusion.jpg to train/Extrusion/ and all_by_ticket/MV7479/ using Direct Image Src
Uploaded MV7479_02_Extrusion.jpg to test/Extrusion/ and all_by_ticket/MV7479/ using Direct Image Src
Uploaded MV7479_07_Sheet_Aluminum.jpg to train/Sheet_Aluminum/ and all_by_ticket/MV7479/ using Direct Image Src
Uploaded MV7479_04_Irony_Aluminum.jpg to train/Irony_Aluminum/ and all_by_ticket/MV7479/ using Direct Image Src
Uploaded MV7479_08_Dirty_Brass.jpg to train/Dirty_Brass/ and all_by_ticket/MV7479/ using Direct Image Src
Uploaded MV7479_06_2_Insulated_Wire.jpg to val/2_Insulated_Wire/ and all_by_ticket/MV7479/ using Direct Image Src
Uploaded MV7479_09_Electric_Motor.jpg to train/Electric_Motor/ and all_by_ticket/MV7479/ using Direct Image Src
Uploaded 9 image(s) for MV7479
Opening ticket MV7478...
Downloading images for MV7478...
Waiting for ticket detail for MV7478...
Found 3 ticket item card(s).
Uploaded MV7478_02_Dirty_Brass.jpg to train/Dirty_Brass/ and all_by_ticket/MV7478/ using Direct Image Src
Uploaded MV7478_01_2_Copper.jpg to train/2_Copper/ and all_by_ticket/MV7478/ using Direct Image Src
Uploaded MV7478_03_2_Copper.jpg to train/2_Copper/ and all_by_ticket/MV7478/ using Direct Image Src
Uploaded 3 image(s) for MV7478
Pagination before click: 71 - 80 of 268
Pagination after click: 81 - 90 of 268

Processing results page 9...
Scraping ticket numbers from current page...
Waiting for search results...
Found 10 ticket(s) on this page after status filtering: ['MV7495', 'MV7494', 'MV7493', 'MV7492', 'MV7491', 'MV7490', 'MV7489', 'MV7488', 'MV7487', 'MV7486']
Opening ticket MV7495...
Downloading images for MV7495...
Waiting for ticket detail for MV7495...
Found 1 ticket item card(s).
Uploaded MV7495_01_1_Copper.jpg to train/1_Copper/ and all_by_ticket/MV7495/ using Direct Image Src
Uploaded 1 image(s) for MV7495
Opening ticket MV7494...
Downloading images for MV7494...
Waiting for ticket detail for MV7494...
Found 1 ticket item card(s).
Uploaded MV7494_01_Sheet_Iron.jpg to train/Sheet_Iron/ and all_by_ticket/MV7494/ using Direct Image Src
Uploaded 1 image(s) for MV7494
Opening ticket MV7493...
Downloading images for MV7493...
Waiting for ticket detail for MV7493...
Found 3 ticket item card(s).
Uploaded MV7493_01_Catalytic_Converters.jpg to train/Catalytic_Converters/ and all_by_ticket/MV7493/ using Direct Image Src
Uploaded MV7493_02_Sheet_Iron.jpg to val/Sheet_Iron/ and all_by_ticket/MV7493/ using Direct Image Src
Uploaded MV7493_03_Irony_Aluminum.jpg to test/Irony_Aluminum/ and all_by_ticket/MV7493/ using Direct Image Src
Uploaded 3 image(s) for MV7493
Opening ticket MV7492...
Downloading images for MV7492...
Waiting for ticket detail for MV7492...
Found 5 ticket item card(s).
Uploaded MV7492_02_Yellow_Brass_Clean.jpg to train/Yellow_Brass_Clean/ and all_by_ticket/MV7492/ using Direct Image Src
Uploaded MV7492_01_2_Copper.jpg to train/2_Copper/ and all_by_ticket/MV7492/ using Direct Image Src
Uploaded MV7492_03_304.jpg to train/304/ and all_by_ticket/MV7492/ using Direct Image Src
Uploaded MV7492_05_Sheet_Iron.jpg to train/Sheet_Iron/ and all_by_ticket/MV7492/ using Direct Image Src
Uploaded MV7492_04_Irony_Aluminum.jpg to train/Irony_Aluminum/ and all_by_ticket/MV7492/ using Direct Image Src
Uploaded 5 image(s) for MV7492
Opening ticket MV7491...
Downloading images for MV7491...
Waiting for ticket detail for MV7491...
Found 4 ticket item card(s).
Uploaded MV7491_04_Sheet_Iron.jpg to val/Sheet_Iron/ and all_by_ticket/MV7491/ using Direct Image Src
Uploaded MV7491_03_2_Copper.jpg to train/2_Copper/ and all_by_ticket/MV7491/ using Direct Image Src
Uploaded MV7491_01_AluminumCopper_Radiator.jpg to train/AluminumCopper_Radiator/ and all_by_ticket/MV7491/ using Direct Image Src
Uploaded MV7491_02_Dirty_Brass.jpg to train/Dirty_Brass/ and all_by_ticket/MV7491/ using Direct Image Src
Uploaded 4 image(s) for MV7491
Opening ticket MV7490...
Downloading images for MV7490...
Waiting for ticket detail for MV7490...
Found 2 ticket item card(s).
Uploaded MV7490_01_Dirty_Brass.jpg to train/Dirty_Brass/ and all_by_ticket/MV7490/ using Direct Image Src
Uploaded MV7490_02_1_Copper.jpg to train/1_Copper/ and all_by_ticket/MV7490/ using Direct Image Src
Uploaded 2 image(s) for MV7490
Opening ticket MV7489...
Downloading images for MV7489...
Waiting for ticket detail for MV7489...
Found 9 ticket item card(s).
Uploaded MV7489_01_Sheet_Iron.jpg to train/Sheet_Iron/ and all_by_ticket/MV7489/ using Direct Image Src
Uploaded MV7489_05_AluminumCopper_Radiator.jpg to train/AluminumCopper_Radiator/ and all_by_ticket/MV7489/ using Direct Image Src
Uploaded MV7489_02_Aluminum_Cans.jpg to test/Aluminum_Cans/ and all_by_ticket/MV7489/ using Direct Image Src
Uploaded MV7489_03_Irony_Aluminum.jpg to train/Irony_Aluminum/ and all_by_ticket/MV7489/ using Direct Image Src
Uploaded MV7489_04_Sheet_Iron.jpg to train/Sheet_Iron/ and all_by_ticket/MV7489/ using Direct Image Src
Uploaded MV7489_09_2_Copper.jpg to train/2_Copper/ and all_by_ticket/MV7489/ using Direct Image Src
Uploaded MV7489_07_2_Copper.jpg to train/2_Copper/ and all_by_ticket/MV7489/ using Direct Image Src
Uploaded MV7489_08_Electric_Motor.jpg to train/Electric_Motor/ and all_by_ticket/MV7489/ using Direct Image Src
Uploaded MV7489_06_2_Insulated_Wire.jpg to train/2_Insulated_Wire/ and all_by_ticket/MV7489/ using Direct Image Src
Uploaded 9 image(s) for MV7489
Opening ticket MV7488...
Downloading images for MV7488...
Waiting for ticket detail for MV7488...
Found 4 ticket item card(s).
Uploaded MV7488_02_2_Insulated_Wire.jpg to val/2_Insulated_Wire/ and all_by_ticket/MV7488/ using Direct Image Src
Uploaded MV7488_01_Sheet_Iron.jpg to train/Sheet_Iron/ and all_by_ticket/MV7488/ using Direct Image Src
Uploaded MV7488_03_Irony_Aluminum.jpg to test/Irony_Aluminum/ and all_by_ticket/MV7488/ using Direct Image Src
Uploaded MV7488_04_Aluminum_Cans.jpg to train/Aluminum_Cans/ and all_by_ticket/MV7488/ using Direct Image Src
Uploaded 4 image(s) for MV7488
Opening ticket MV7487...
Downloading images for MV7487...
Waiting for ticket detail for MV7487...
Found 1 ticket item card(s).
No direct full-size image URL found for MV7487 item 1 (Test).
Skipping ticket MV7487: no usable image tasks found.
Uploaded 0 image(s) for MV7487
Opening ticket MV7486...
Downloading images for MV7486...
Waiting for ticket detail for MV7486...
Found 6 ticket item card(s).
Uploaded MV7486_02_Yellow_Brass_Clean.jpg to train/Yellow_Brass_Clean/ and all_by_ticket/MV7486/ using Direct Image Src
Uploaded MV7486_03_Irony_Brass_50.jpg to train/Irony_Brass_50/ and all_by_ticket/MV7486/ using Direct Image Src
Uploaded MV7486_05_2_Copper.jpg to val/2_Copper/ and all_by_ticket/MV7486/ using Direct Image Src
Uploaded MV7486_06_Transformer.jpg to train/Transformer/ and all_by_ticket/MV7486/ using Direct Image Src
Uploaded MV7486_01_Sheet_Iron.jpg to train/Sheet_Iron/ and all_by_ticket/MV7486/ using Direct Image Src
Uploaded MV7486_04_Sheet_Iron.jpg to train/Sheet_Iron/ and all_by_ticket/MV7486/ using Direct Image Src
Uploaded 6 image(s) for MV7486
Pagination before click: 81 - 90 of 268
Pagination after click: 91 - 100 of 268

Processing results page 10...
Scraping ticket numbers from current page...
Waiting for search results...
Found 10 ticket(s) on this page after status filtering: ['MV7505', 'MV7504', 'MV7503', 'MV7502', 'MV7501', 'MV7500', 'MV7499', 'MV7498', 'MV7497', 'MV7496']
Opening ticket MV7505...
Downloading images for MV7505...
Waiting for ticket detail for MV7505...
Found 1 ticket item card(s).
Uploaded MV7505_01_2_Copper.jpg to train/2_Copper/ and all_by_ticket/MV7505/ using Direct Image Src
Uploaded 1 image(s) for MV7505
Opening ticket MV7504...
Downloading images for MV7504...
Waiting for ticket detail for MV7504...
Found 6 ticket item card(s).
Uploaded MV7504_05_Extrusion.jpg to test/Extrusion/ and all_by_ticket/MV7504/ using Direct Image Src
Uploaded MV7504_03_Extrusion.jpg to train/Extrusion/ and all_by_ticket/MV7504/ using Direct Image Src
Uploaded MV7504_06_Sheet_Aluminum.jpg to test/Sheet_Aluminum/ and all_by_ticket/MV7504/ using Direct Image Src
Uploaded MV7504_04_Irony_Aluminum.jpg to test/Irony_Aluminum/ and all_by_ticket/MV7504/ using Direct Image Src
Uploaded MV7504_01_Sheet_Iron.jpg to train/Sheet_Iron/ and all_by_ticket/MV7504/ using Direct Image Src
Uploaded MV7504_02_Irony_SS.jpg to test/Irony_SS/ and all_by_ticket/MV7504/ using Direct Image Src
Uploaded 6 image(s) for MV7504
Opening ticket MV7503...
Downloading images for MV7503...
Waiting for ticket detail for MV7503...
Found 2 ticket item card(s).
No direct full-size image URL found for MV7503 item 1 (BareBright).
No direct full-size image URL found for MV7503 item 2 (BareBright).
Skipping ticket MV7503: no usable image tasks found.
Uploaded 0 image(s) for MV7503
Opening ticket MV7502...
Downloading images for MV7502...
Waiting for ticket detail for MV7502...
Found 2 ticket item card(s).
No direct full-size image URL found for MV7502 item 1 (BareBright).
No direct full-size image URL found for MV7502 item 2 (BareBright).
Skipping ticket MV7502: no usable image tasks found.
Uploaded 0 image(s) for MV7502
Opening ticket MV7501...
Downloading images for MV7501...
Waiting for ticket detail for MV7501...
Found 2 ticket item card(s).
No direct full-size image URL found for MV7501 item 1 (BareBright).
No direct full-size image URL found for MV7501 item 2 (BareBright).
Skipping ticket MV7501: no usable image tasks found.
Uploaded 0 image(s) for MV7501
Opening ticket MV7500...
Downloading images for MV7500...
Waiting for ticket detail for MV7500...
Found 2 ticket item card(s).
No direct full-size image URL found for MV7500 item 1 (BareBright).
No direct full-size image URL found for MV7500 item 2 (BareBright).
Skipping ticket MV7500: no usable image tasks found.
Uploaded 0 image(s) for MV7500
Opening ticket MV7499...
Downloading images for MV7499...
Waiting for ticket detail for MV7499...
Found 8 ticket item card(s).
Uploaded MV7499_03_2_Copper.jpg to train/2_Copper/ and all_by_ticket/MV7499/ using Direct Image Src
Uploaded MV7499_01_Dirty_Brass.jpg to train/Dirty_Brass/ and all_by_ticket/MV7499/ using Direct Image Src
Uploaded MV7499_02_Acr_Radiator_Ends.jpg to train/Acr_Radiator_Ends/ and all_by_ticket/MV7499/ using Direct Image Src
Uploaded MV7499_06_Irony_Aluminum.jpg to train/Irony_Aluminum/ and all_by_ticket/MV7499/ using Direct Image Src
Uploaded MV7499_05_Sheet_Iron.jpg to val/Sheet_Iron/ and all_by_ticket/MV7499/ using Direct Image Src
Uploaded MV7499_04_AluminumCopper_Radiator.jpg to train/AluminumCopper_Radiator/ and all_by_ticket/MV7499/ using Direct Image Src
Uploaded MV7499_07_Cast_Aluminum.jpg to test/Cast_Aluminum/ and all_by_ticket/MV7499/ using Direct Image Src
Uploaded MV7499_08_Irony_Aluminum.jpg to val/Irony_Aluminum/ and all_by_ticket/MV7499/ using Direct Image Src
Uploaded 8 image(s) for MV7499
Opening ticket MV7498...
Downloading images for MV7498...
Waiting for ticket detail for MV7498...
Found 3 ticket item card(s).
Uploaded MV7498_03_2_Copper.jpg to train/2_Copper/ and all_by_ticket/MV7498/ using Direct Image Src
Uploaded MV7498_02_Dirty_Brass.jpg to train/Dirty_Brass/ and all_by_ticket/MV7498/ using Direct Image Src
Uploaded MV7498_01_Yellow_Brass_Clean.jpg to train/Yellow_Brass_Clean/ and all_by_ticket/MV7498/ using Direct Image Src
Uploaded 3 image(s) for MV7498
Opening ticket MV7497...
Downloading images for MV7497...
Waiting for ticket detail for MV7497...
Found 2 ticket item card(s).
Uploaded MV7497_01_Low_Grade_Insulated_Wire.jpg to train/Low_Grade_Insulated_Wire/ and all_by_ticket/MV7497/ using Direct Image Src
Uploaded MV7497_02_Aluminum_Cans.jpg to train/Aluminum_Cans/ and all_by_ticket/MV7497/ using Direct Image Src
Uploaded 2 image(s) for MV7497
Opening ticket MV7496...
Downloading images for MV7496...
Waiting for ticket detail for MV7496...
Found 3 ticket item card(s).
Uploaded MV7496_03_Yellow_Brass_Clean.jpg to train/Yellow_Brass_Clean/ and all_by_ticket/MV7496/ using Direct Image Src
Uploaded MV7496_01_2_Copper.jpg to test/2_Copper/ and all_by_ticket/MV7496/ using Direct Image Src
Uploaded MV7496_02_Dirty_Brass.jpg to train/Dirty_Brass/ and all_by_ticket/MV7496/ using Direct Image Src
Uploaded 3 image(s) for MV7496
Pagination before click: 91 - 100 of 268
Pagination after click: 101 - 110 of 268

Processing results page 11...
Scraping ticket numbers from current page...
Waiting for search results...
Skipping ticket MV7511 due to status: CANCEL
Found 9 ticket(s) on this page after status filtering: ['MV7515', 'MV7514', 'MV7513', 'MV7512', 'MV7510', 'MV7509', 'MV7508', 'MV7507', 'MV7506']
Opening ticket MV7515...
Downloading images for MV7515...
Waiting for ticket detail for MV7515...
Found 1 ticket item card(s).
Uploaded MV7515_01_Sheet_Iron.jpg to train/Sheet_Iron/ and all_by_ticket/MV7515/ using Direct Image Src
Uploaded 1 image(s) for MV7515
Opening ticket MV7514...
Downloading images for MV7514...
Waiting for ticket detail for MV7514...
Found 1 ticket item card(s).
Uploaded MV7514_01_Aluminum_Rim_Clean.jpg to train/Aluminum_Rim_Clean/ and all_by_ticket/MV7514/ using Direct Image Src
Uploaded 1 image(s) for MV7514
Opening ticket MV7513...
Downloading images for MV7513...
Waiting for ticket detail for MV7513...
Found 3 ticket item card(s).
Uploaded MV7513_01_2_Copper.jpg to test/2_Copper/ and all_by_ticket/MV7513/ using Direct Image Src
Uploaded MV7513_02_BareBright.jpg to train/BareBright/ and all_by_ticket/MV7513/ using Direct Image Src
Uploaded MV7513_03_Aluminum_Wire_Clean_No_Insulation.jpg to train/Aluminum_Wire_Clean_No_Insulation/ and all_by_ticket/MV7513/ using Direct Image Src
Uploaded 3 image(s) for MV7513
Opening ticket MV7512...
Downloading images for MV7512...
Waiting for ticket detail for MV7512...
Found 2 ticket item card(s).
Uploaded MV7512_01_Sheet_Iron.jpg to train/Sheet_Iron/ and all_by_ticket/MV7512/ using Direct Image Src
Uploaded MV7512_02_Compressors.jpg to test/Compressors/ and all_by_ticket/MV7512/ using Direct Image Src
Uploaded 2 image(s) for MV7512
Opening ticket MV7510...
Downloading images for MV7510...
Waiting for ticket detail for MV7510...
Found 4 ticket item card(s).
Uploaded MV7510_01_BareBright.jpg to train/BareBright/ and all_by_ticket/MV7510/ using Direct Image Src
Uploaded MV7510_03_2_Copper.jpg to test/2_Copper/ and all_by_ticket/MV7510/ using Direct Image Src
Uploaded MV7510_02_2_Copper.jpg to train/2_Copper/ and all_by_ticket/MV7510/ using Direct Image Src
Uploaded MV7510_04_Aluminum_Wire_Insulated.jpg to train/Aluminum_Wire_Insulated/ and all_by_ticket/MV7510/ using Direct Image Src
Uploaded 4 image(s) for MV7510
Opening ticket MV7509...
Downloading images for MV7509...
Waiting for ticket detail for MV7509...
Found 5 ticket item card(s).
Uploaded MV7509_01_2_Insulated_Wire.jpg to train/2_Insulated_Wire/ and all_by_ticket/MV7509/ using Direct Image Src
Uploaded MV7509_02_Aluminum_Cans.jpg to train/Aluminum_Cans/ and all_by_ticket/MV7509/ using Direct Image Src
Uploaded MV7509_04_304.jpg to train/304/ and all_by_ticket/MV7509/ using Direct Image Src
Uploaded MV7509_03_Low_Grade_Insulated_Wire.jpg to train/Low_Grade_Insulated_Wire/ and all_by_ticket/MV7509/ using Direct Image Src
Uploaded MV7509_05_Sheet_Iron.jpg to train/Sheet_Iron/ and all_by_ticket/MV7509/ using Direct Image Src
Uploaded 5 image(s) for MV7509
Opening ticket MV7508...
Downloading images for MV7508...
Waiting for ticket detail for MV7508...
Found 2 ticket item card(s).
Uploaded MV7508_01_Sheet_Copper.jpg to train/Sheet_Copper/ and all_by_ticket/MV7508/ using Direct Image Src
Uploaded MV7508_02_BareBright.jpg to train/BareBright/ and all_by_ticket/MV7508/ using Direct Image Src
Uploaded 2 image(s) for MV7508
Opening ticket MV7507...
Downloading images for MV7507...
Waiting for ticket detail for MV7507...
Found 1 ticket item card(s).
Uploaded MV7507_01_6061_Truck_Wheel.jpg to train/6061_Truck_Wheel/ and all_by_ticket/MV7507/ using Direct Image Src
Uploaded 1 image(s) for MV7507
Opening ticket MV7506...
Downloading images for MV7506...
Waiting for ticket detail for MV7506...
Found 2 ticket item card(s).
Uploaded MV7506_02_Sheet_Iron.jpg to test/Sheet_Iron/ and all_by_ticket/MV7506/ using Direct Image Src
Uploaded MV7506_01_Aluminum_Cans.jpg to train/Aluminum_Cans/ and all_by_ticket/MV7506/ using Direct Image Src
Uploaded 2 image(s) for MV7506
Pagination before click: 101 - 110 of 268
Pagination after click: 111 - 120 of 268

Processing results page 12...
Scraping ticket numbers from current page...
Waiting for search results...
Found 10 ticket(s) on this page after status filtering: ['MV7525', 'MV7524', 'MV7523', 'MV7522', 'MV7521', 'MV7520', 'MV7519', 'MV7518', 'MV7517', 'MV7516']
Opening ticket MV7525...
Downloading images for MV7525...
Waiting for ticket detail for MV7525...
Found 11 ticket item card(s).
Uploaded MV7525_01_Sheet_Iron.jpg to val/Sheet_Iron/ and all_by_ticket/MV7525/ using Direct Image Src
Uploaded MV7525_05_Irony_Aluminum.jpg to train/Irony_Aluminum/ and all_by_ticket/MV7525/ using Direct Image Src
Uploaded MV7525_02_Yellow_Brass_Clean.jpg to train/Yellow_Brass_Clean/ and all_by_ticket/MV7525/ using Direct Image Src
Uploaded MV7525_04_Cat_56.jpg to train/Cat_56/ and all_by_ticket/MV7525/ using Direct Image Src
Uploaded MV7525_03_Dirty_Brass.jpg to val/Dirty_Brass/ and all_by_ticket/MV7525/ using Direct Image Src
Uploaded MV7525_11_Yellow_Brass_Clean.jpg to train/Yellow_Brass_Clean/ and all_by_ticket/MV7525/ using Direct Image Src
Uploaded MV7525_09_2_Insulated_Wire.jpg to val/2_Insulated_Wire/ and all_by_ticket/MV7525/ using Direct Image Src
Uploaded MV7525_10_Transformer.jpg to val/Transformer/ and all_by_ticket/MV7525/ using Direct Image Src
Uploaded MV7525_06_Cast_Aluminum.jpg to train/Cast_Aluminum/ and all_by_ticket/MV7525/ using Direct Image Src
Uploaded MV7525_08_2_Copper.jpg to train/2_Copper/ and all_by_ticket/MV7525/ using Direct Image Src
Uploaded MV7525_07_Circuit_Board_Low_Grade.jpg to train/Circuit_Board_Low_Grade/ and all_by_ticket/MV7525/ using Direct Image Src
Uploaded 11 image(s) for MV7525
Opening ticket MV7524...
Downloading images for MV7524...
Waiting for ticket detail for MV7524...
Found 1 ticket item card(s).
Uploaded MV7524_01_Auto_Batteries.jpg to train/Auto_Batteries/ and all_by_ticket/MV7524/ using Direct Image Src
Uploaded 1 image(s) for MV7524
Opening ticket MV7523...
Downloading images for MV7523...
Waiting for ticket detail for MV7523...
Found 1 ticket item card(s).
Uploaded MV7523_01_Sheet_Iron.jpg to train/Sheet_Iron/ and all_by_ticket/MV7523/ using Direct Image Src
Uploaded 1 image(s) for MV7523
Opening ticket MV7522...
Downloading images for MV7522...
Waiting for ticket detail for MV7522...
Found 4 ticket item card(s).
Uploaded MV7522_04_Electric_Motor.jpg to train/Electric_Motor/ and all_by_ticket/MV7522/ using Direct Image Src
Uploaded MV7522_02_Electric_Motor.jpg to train/Electric_Motor/ and all_by_ticket/MV7522/ using Direct Image Src
Uploaded MV7522_01_Electric_Motor.jpg to train/Electric_Motor/ and all_by_ticket/MV7522/ using Direct Image Src
Uploaded MV7522_03_Electric_Motor.jpg to train/Electric_Motor/ and all_by_ticket/MV7522/ using Direct Image Src
Uploaded 4 image(s) for MV7522
Opening ticket MV7521...
Downloading images for MV7521...
Waiting for ticket detail for MV7521...
Found 4 ticket item card(s).
Uploaded MV7521_02_Aluminum_Radiator.jpg to train/Aluminum_Radiator/ and all_by_ticket/MV7521/ using Direct Image Src
Uploaded MV7521_04_2_Copper.jpg to train/2_Copper/ and all_by_ticket/MV7521/ using Direct Image Src
Uploaded MV7521_03_Dirty_Brass.jpg to train/Dirty_Brass/ and all_by_ticket/MV7521/ using Direct Image Src
Uploaded MV7521_01_AluminumCopper_Radiator.jpg to train/AluminumCopper_Radiator/ and all_by_ticket/MV7521/ using Direct Image Src
Uploaded 4 image(s) for MV7521
Opening ticket MV7520...
Downloading images for MV7520...
Waiting for ticket detail for MV7520...
Found 4 ticket item card(s).
Uploaded MV7520_02_Dirty_Brass.jpg to train/Dirty_Brass/ and all_by_ticket/MV7520/ using Direct Image Src
Uploaded MV7520_03_Irony_Aluminum.jpg to train/Irony_Aluminum/ and all_by_ticket/MV7520/ using Direct Image Src
Uploaded MV7520_04_Sheet_Iron.jpg to train/Sheet_Iron/ and all_by_ticket/MV7520/ using Direct Image Src
Uploaded MV7520_01_Aluminum_Cans.jpg to test/Aluminum_Cans/ and all_by_ticket/MV7520/ using Direct Image Src
Uploaded 4 image(s) for MV7520
Opening ticket MV7519...
Downloading images for MV7519...
Waiting for ticket detail for MV7519...
Found 4 ticket item card(s).
Uploaded MV7519_02_Laptops_Complete.jpg to train/Laptops_Complete/ and all_by_ticket/MV7519/ using Direct Image Src
Uploaded MV7519_03_Hard_Drive.jpg to train/Hard_Drive/ and all_by_ticket/MV7519/ using Direct Image Src
Uploaded MV7519_01_2_Insulated_Wire.jpg to train/2_Insulated_Wire/ and all_by_ticket/MV7519/ using Direct Image Src
Uploaded MV7519_04_Sheet_Aluminum.jpg to val/Sheet_Aluminum/ and all_by_ticket/MV7519/ using Direct Image Src
Uploaded 4 image(s) for MV7519
Opening ticket MV7518...
Downloading images for MV7518...
Waiting for ticket detail for MV7518...
Found 4 ticket item card(s).
Uploaded MV7518_03_2_Insulated_Wire.jpg to train/2_Insulated_Wire/ and all_by_ticket/MV7518/ using Direct Image Src
Uploaded MV7518_01_2_Insulated_Wire.jpg to train/2_Insulated_Wire/ and all_by_ticket/MV7518/ using Direct Image Src
Uploaded MV7518_04_Low_Grade_Insulated_Wire.jpg to test/Low_Grade_Insulated_Wire/ and all_by_ticket/MV7518/ using Direct Image Src
Uploaded MV7518_02_Romex.jpg to train/Romex/ and all_by_ticket/MV7518/ using Direct Image Src
Uploaded 4 image(s) for MV7518
Opening ticket MV7517...
Downloading images for MV7517...
Waiting for ticket detail for MV7517...
Found 1 ticket item card(s).
Uploaded MV7517_01_Sheet_Iron.jpg to train/Sheet_Iron/ and all_by_ticket/MV7517/ using Direct Image Src
Uploaded 1 image(s) for MV7517
Opening ticket MV7516...
Downloading images for MV7516...
Waiting for ticket detail for MV7516...
Found 5 ticket item card(s).
Uploaded MV7516_01_Irony_Aluminum.jpg to train/Irony_Aluminum/ and all_by_ticket/MV7516/ using Direct Image Src
Uploaded MV7516_02_Gutters_Siding.jpg to train/Gutters_Siding/ and all_by_ticket/MV7516/ using Direct Image Src
Uploaded MV7516_04_Irony_Aluminum.jpg to train/Irony_Aluminum/ and all_by_ticket/MV7516/ using Direct Image Src
Uploaded MV7516_03_Extrusion.jpg to train/Extrusion/ and all_by_ticket/MV7516/ using Direct Image Src
Uploaded MV7516_05_Irony_ACR_Radiators.jpg to train/Irony_ACR_Radiators/ and all_by_ticket/MV7516/ using Direct Image Src
Uploaded 5 image(s) for MV7516
Pagination before click: 111 - 120 of 268
Pagination after click: 121 - 130 of 268

Processing results page 13...
Scraping ticket numbers from current page...
Waiting for search results...
Skipping ticket MV7535 due to status: CANCEL
Found 9 ticket(s) on this page after status filtering: ['MV7534', 'MV7533', 'MV7532', 'MV7531', 'MV7530', 'MV7529', 'MV7528', 'MV7527', 'MV7526']
Opening ticket MV7534...
Downloading images for MV7534...
Waiting for ticket detail for MV7534...
Found 13 ticket item card(s).
Uploaded MV7534_02_2_Insulated_Wire.jpg to train/2_Insulated_Wire/ and all_by_ticket/MV7534/ using Direct Image Src
Uploaded MV7534_03_Low_Grade_Insulated_Wire.jpg to train/Low_Grade_Insulated_Wire/ and all_by_ticket/MV7534/ using Direct Image Src
Uploaded MV7534_01_Sheet_Iron.jpg to train/Sheet_Iron/ and all_by_ticket/MV7534/ using Direct Image Src
Uploaded MV7534_04_Sealed_Units.jpg to train/Sealed_Units/ and all_by_ticket/MV7534/ using Direct Image Src
Uploaded MV7534_05_Electric_Motor.jpg to train/Electric_Motor/ and all_by_ticket/MV7534/ using Direct Image Src
Uploaded MV7534_12_Sheet_Iron.jpg to train/Sheet_Iron/ and all_by_ticket/MV7534/ using Direct Image Src
Uploaded MV7534_09_Irony_Aluminum.jpg to train/Irony_Aluminum/ and all_by_ticket/MV7534/ using Direct Image Src
Uploaded MV7534_10_Yellow_Brass_Clean.jpg to train/Yellow_Brass_Clean/ and all_by_ticket/MV7534/ using Direct Image Src
Uploaded MV7534_11_Dirty_Brass.jpg to train/Dirty_Brass/ and all_by_ticket/MV7534/ using Direct Image Src
Uploaded MV7534_13_Gutters_Siding.jpg to val/Gutters_Siding/ and all_by_ticket/MV7534/ using Direct Image Src
Uploaded MV7534_06_Sheet_Iron.jpg to train/Sheet_Iron/ and all_by_ticket/MV7534/ using Direct Image Src
Uploaded MV7534_07_Sheet_Iron.jpg to test/Sheet_Iron/ and all_by_ticket/MV7534/ using Direct Image Src
Uploaded MV7534_08_2_Copper.jpg to train/2_Copper/ and all_by_ticket/MV7534/ using Direct Image Src
Uploaded 13 image(s) for MV7534
Opening ticket MV7533...
Downloading images for MV7533...
Waiting for ticket detail for MV7533...
Found 1 ticket item card(s).
Uploaded MV7533_01_Sheet_Iron.jpg to val/Sheet_Iron/ and all_by_ticket/MV7533/ using Direct Image Src
Uploaded 1 image(s) for MV7533
Opening ticket MV7532...
Downloading images for MV7532...
Waiting for ticket detail for MV7532...
Found 1 ticket item card(s).
Uploaded MV7532_01_2_Copper.jpg to train/2_Copper/ and all_by_ticket/MV7532/ using Direct Image Src
Uploaded 1 image(s) for MV7532
Opening ticket MV7531...
Downloading images for MV7531...
Waiting for ticket detail for MV7531...
Found 1 ticket item card(s).
Uploaded MV7531_01_2_Copper.jpg to train/2_Copper/ and all_by_ticket/MV7531/ using Direct Image Src
Uploaded 1 image(s) for MV7531
Opening ticket MV7530...
Downloading images for MV7530...
Waiting for ticket detail for MV7530...
Found 11 ticket item card(s).
Uploaded MV7530_07_Sealed_Units.jpg to val/Sealed_Units/ and all_by_ticket/MV7530/ using Direct Image Src
Uploaded MV7530_05_2_Copper.jpg to train/2_Copper/ and all_by_ticket/MV7530/ using Direct Image Src
Uploaded MV7530_03_Unclean_Extrusion.jpg to train/Unclean_Extrusion/ and all_by_ticket/MV7530/ using Direct Image Src
Uploaded MV7530_06_Dirty_Brass.jpg to val/Dirty_Brass/ and all_by_ticket/MV7530/ using Direct Image Src
Uploaded MV7530_01_Sheet_Iron.jpg to train/Sheet_Iron/ and all_by_ticket/MV7530/ using Direct Image Src
Uploaded MV7530_04_Irony_Aluminum.jpg to train/Irony_Aluminum/ and all_by_ticket/MV7530/ using Direct Image Src
Uploaded MV7530_08_2_Insulated_Wire.jpg to train/2_Insulated_Wire/ and all_by_ticket/MV7530/ using Direct Image Src
Uploaded MV7530_02_Extrusion.jpg to val/Extrusion/ and all_by_ticket/MV7530/ using Direct Image Src
Uploaded MV7530_09_Aluminum_Wire_Insulated.jpg to train/Aluminum_Wire_Insulated/ and all_by_ticket/MV7530/ using Direct Image Src
Uploaded MV7530_10_Romex.jpg to test/Romex/ and all_by_ticket/MV7530/ using Direct Image Src
Uploaded MV7530_11_2_Insulated_Wire.jpg to train/2_Insulated_Wire/ and all_by_ticket/MV7530/ using Direct Image Src
Uploaded 11 image(s) for MV7530
Opening ticket MV7529...
Downloading images for MV7529...
Waiting for ticket detail for MV7529...
Found 1 ticket item card(s).
Uploaded MV7529_01_Sheet_Iron.jpg to train/Sheet_Iron/ and all_by_ticket/MV7529/ using Direct Image Src
Uploaded 1 image(s) for MV7529
Opening ticket MV7528...
Downloading images for MV7528...
Waiting for ticket detail for MV7528...
Found 1 ticket item card(s).
No direct full-size image URL found for MV7528 item 1 (Aluminum Rim Clean).
Skipping ticket MV7528: no usable image tasks found.
Uploaded 0 image(s) for MV7528
Opening ticket MV7527...
Downloading images for MV7527...
Waiting for ticket detail for MV7527...
Found 9 ticket item card(s).
Uploaded MV7527_05_Irony_Aluminum.jpg to train/Irony_Aluminum/ and all_by_ticket/MV7527/ using Direct Image Src
Uploaded MV7527_01_Copper_Breakage.jpg to train/Copper_Breakage/ and all_by_ticket/MV7527/ using Direct Image Src
Uploaded MV7527_02_2_Copper.jpg to val/2_Copper/ and all_by_ticket/MV7527/ using Direct Image Src
Uploaded MV7527_03_2_Copper.jpg to val/2_Copper/ and all_by_ticket/MV7527/ using Direct Image Src
Uploaded MV7527_07_Cast_Aluminum.jpg to train/Cast_Aluminum/ and all_by_ticket/MV7527/ using Direct Image Src
Uploaded MV7527_08_Low_Grade_Insulated_Wire.jpg to train/Low_Grade_Insulated_Wire/ and all_by_ticket/MV7527/ using Direct Image Src
Uploaded MV7527_04_Yellow_Brass_Clean.jpg to train/Yellow_Brass_Clean/ and all_by_ticket/MV7527/ using Direct Image Src
Uploaded MV7527_06_Dirty_Brass.jpg to train/Dirty_Brass/ and all_by_ticket/MV7527/ using Direct Image Src
Uploaded MV7527_09_Sheet_Iron.jpg to train/Sheet_Iron/ and all_by_ticket/MV7527/ using Direct Image Src
Uploaded 9 image(s) for MV7527
Opening ticket MV7526...
Downloading images for MV7526...
Waiting for ticket detail for MV7526...
Found 5 ticket item card(s).
Uploaded MV7526_02_Irony_ACR_Radiators.jpg to train/Irony_ACR_Radiators/ and all_by_ticket/MV7526/ using Direct Image Src
Uploaded MV7526_01_2_Insulated_Wire.jpg to train/2_Insulated_Wire/ and all_by_ticket/MV7526/ using Direct Image Src
Uploaded MV7526_03_1_Copper.jpg to test/1_Copper/ and all_by_ticket/MV7526/ using Direct Image Src
Uploaded MV7526_05_Sheet_Iron.jpg to train/Sheet_Iron/ and all_by_ticket/MV7526/ using Direct Image Src
Uploaded MV7526_04_Dirty_Brass.jpg to train/Dirty_Brass/ and all_by_ticket/MV7526/ using Direct Image Src
Uploaded 5 image(s) for MV7526
Pagination before click: 121 - 130 of 268
Pagination after click: 131 - 140 of 268

Processing results page 14...
Scraping ticket numbers from current page...
Waiting for search results...
Skipping ticket MV7544 due to status: VOID
Skipping ticket MV7538 due to status: VOID
Skipping ticket MV7536 due to status: CANCEL
Found 7 ticket(s) on this page after status filtering: ['MV7545', 'MV7543', 'MV7542', 'MV7541', 'MV7540', 'MV7539', 'MV7537']
Opening ticket MV7545...
Downloading images for MV7545...
Waiting for ticket detail for MV7545...
Found 2 ticket item card(s).
Uploaded MV7545_02_Sheet_Iron.jpg to val/Sheet_Iron/ and all_by_ticket/MV7545/ using Direct Image Src
Uploaded MV7545_01_Gutters_Siding.jpg to test/Gutters_Siding/ and all_by_ticket/MV7545/ using Direct Image Src
Uploaded 2 image(s) for MV7545
Opening ticket MV7543...
Downloading images for MV7543...
Waiting for ticket detail for MV7543...
Found 3 ticket item card(s).
Uploaded MV7543_03_Motor_Cast_Rotors.jpg to test/Motor_Cast_Rotors/ and all_by_ticket/MV7543/ using Direct Image Src
Uploaded MV7543_02_Starter.jpg to train/Starter/ and all_by_ticket/MV7543/ using Direct Image Src
Uploaded MV7543_01_Sheet_Iron.jpg to train/Sheet_Iron/ and all_by_ticket/MV7543/ using Direct Image Src
Uploaded 3 image(s) for MV7543
Opening ticket MV7542...
Downloading images for MV7542...
Waiting for ticket detail for MV7542...
Found 2 ticket item card(s).
Uploaded MV7542_01_Dirty_Brass.jpg to train/Dirty_Brass/ and all_by_ticket/MV7542/ using Direct Image Src
Uploaded MV7542_02_2_Copper.jpg to train/2_Copper/ and all_by_ticket/MV7542/ using Direct Image Src
Uploaded 2 image(s) for MV7542
Opening ticket MV7541...
Downloading images for MV7541...
Waiting for ticket detail for MV7541...
Found 1 ticket item card(s).
Uploaded MV7541_01_Aluminum_Rim_Clean.jpg to train/Aluminum_Rim_Clean/ and all_by_ticket/MV7541/ using Direct Image Src
Uploaded 1 image(s) for MV7541
Opening ticket MV7540...
Downloading images for MV7540...
Waiting for ticket detail for MV7540...
Found 3 ticket item card(s).
Uploaded MV7540_01_Dirty_Brass.jpg to train/Dirty_Brass/ and all_by_ticket/MV7540/ using Direct Image Src
Uploaded MV7540_03_Sheet_Aluminum.jpg to train/Sheet_Aluminum/ and all_by_ticket/MV7540/ using Direct Image Src
Uploaded MV7540_02_2_Insulated_Wire.jpg to val/2_Insulated_Wire/ and all_by_ticket/MV7540/ using Direct Image Src
Uploaded 3 image(s) for MV7540
Opening ticket MV7539...
Downloading images for MV7539...
Waiting for ticket detail for MV7539...
Found 5 ticket item card(s).
Uploaded MV7539_02_Yellow_Brass_Clean.jpg to val/Yellow_Brass_Clean/ and all_by_ticket/MV7539/ using Direct Image Src
Uploaded MV7539_03_2_Copper.jpg to val/2_Copper/ and all_by_ticket/MV7539/ using Direct Image Src
Uploaded MV7539_01_Dirty_Brass.jpg to train/Dirty_Brass/ and all_by_ticket/MV7539/ using Direct Image Src
Uploaded MV7539_04_Low_Grade_Insulated_Wire.jpg to train/Low_Grade_Insulated_Wire/ and all_by_ticket/MV7539/ using Direct Image Src
Uploaded MV7539_05_Copper_Breakage.jpg to train/Copper_Breakage/ and all_by_ticket/MV7539/ using Direct Image Src
Uploaded 5 image(s) for MV7539
Opening ticket MV7537...
Downloading images for MV7537...
Waiting for ticket detail for MV7537...
Found 14 ticket item card(s).
Uploaded MV7537_02_304.jpg to train/304/ and all_by_ticket/MV7537/ using Direct Image Src
Uploaded MV7537_01_Irony_ACR_Radiators.jpg to train/Irony_ACR_Radiators/ and all_by_ticket/MV7537/ using Direct Image Src
Uploaded MV7537_05_Sheet_Iron.jpg to train/Sheet_Iron/ and all_by_ticket/MV7537/ using Direct Image Src
Uploaded MV7537_03_Auto_Batteries.jpg to train/Auto_Batteries/ and all_by_ticket/MV7537/ using Direct Image Src
Uploaded MV7537_04_Sheet_Iron.jpg to train/Sheet_Iron/ and all_by_ticket/MV7537/ using Direct Image Src
Uploaded MV7537_09_Irony_Aluminum.jpg to val/Irony_Aluminum/ and all_by_ticket/MV7537/ using Direct Image Src
Uploaded MV7537_10_304.jpg to train/304/ and all_by_ticket/MV7537/ using Direct Image Src
Uploaded MV7537_12_Sheet_Aluminum.jpg to train/Sheet_Aluminum/ and all_by_ticket/MV7537/ using Direct Image Src
Uploaded MV7537_13_Irony_Aluminum.jpg to train/Irony_Aluminum/ and all_by_ticket/MV7537/ using Direct Image Src
Uploaded MV7537_06_Sheet_Iron.jpg to test/Sheet_Iron/ and all_by_ticket/MV7537/ using Direct Image Src
Uploaded MV7537_07_Alternator.jpg to train/Alternator/ and all_by_ticket/MV7537/ using Direct Image Src
Uploaded MV7537_08_Electric_Motor.jpg to val/Electric_Motor/ and all_by_ticket/MV7537/ using Direct Image Src
Uploaded MV7537_11_AluminumCopper_Radiator.jpg to val/AluminumCopper_Radiator/ and all_by_ticket/MV7537/ using Direct Image Src
Uploaded MV7537_14_Sheet_Iron.jpg to train/Sheet_Iron/ and all_by_ticket/MV7537/ using Direct Image Src
Uploaded 14 image(s) for MV7537
Pagination before click: 131 - 140 of 268
Pagination after click: 141 - 150 of 268

Processing results page 15...
Scraping ticket numbers from current page...
Waiting for search results...
Skipping ticket MV7554 due to status: VOID
Skipping ticket MV7553 due to status: VOID
Skipping ticket MV7551 due to status: VOID
Skipping ticket MV7550 due to status: VOID
Found 6 ticket(s) on this page after status filtering: ['MV7555', 'MV7552', 'MV7549', 'MV7548', 'MV7547', 'MV7546']
Opening ticket MV7555...
Downloading images for MV7555...
Waiting for ticket detail for MV7555...
Found 2 ticket item card(s).
Uploaded MV7555_01_Hard_Drive.jpg to train/Hard_Drive/ and all_by_ticket/MV7555/ using Direct Image Src
Uploaded MV7555_02_Electric_Motor.jpg to val/Electric_Motor/ and all_by_ticket/MV7555/ using Direct Image Src
Uploaded 2 image(s) for MV7555
Opening ticket MV7552...
Downloading images for MV7552...
Waiting for ticket detail for MV7552...
Found 6 ticket item card(s).
Uploaded MV7552_02_Sheet_Aluminum.jpg to train/Sheet_Aluminum/ and all_by_ticket/MV7552/ using Direct Image Src
Uploaded MV7552_04_BareBright.jpg to train/BareBright/ and all_by_ticket/MV7552/ using Direct Image Src
Uploaded MV7552_05_Aluminum_Radiator.jpg to test/Aluminum_Radiator/ and all_by_ticket/MV7552/ using Direct Image Src
Uploaded MV7552_03_Irony_Aluminum.jpg to train/Irony_Aluminum/ and all_by_ticket/MV7552/ using Direct Image Src
Uploaded MV7552_06_2_Copper.jpg to train/2_Copper/ and all_by_ticket/MV7552/ using Direct Image Src
Uploaded MV7552_01_Aluminum_Radiator.jpg to train/Aluminum_Radiator/ and all_by_ticket/MV7552/ using Direct Image Src
Uploaded 6 image(s) for MV7552
Opening ticket MV7549...
Downloading images for MV7549...
Waiting for ticket detail for MV7549...
Found 6 ticket item card(s).
Uploaded MV7549_01_AluminumCopper_Radiator.jpg to train/AluminumCopper_Radiator/ and all_by_ticket/MV7549/ using Direct Image Src
Uploaded MV7549_05_Electric_Motor.jpg to train/Electric_Motor/ and all_by_ticket/MV7549/ using Direct Image Src
Uploaded MV7549_06_Irony_Aluminum.jpg to train/Irony_Aluminum/ and all_by_ticket/MV7549/ using Direct Image Src
Uploaded MV7549_04_2_Insulated_Wire.jpg to train/2_Insulated_Wire/ and all_by_ticket/MV7549/ using Direct Image Src
Uploaded MV7549_02_2_Copper.jpg to train/2_Copper/ and all_by_ticket/MV7549/ using Direct Image Src
Uploaded MV7549_03_BareBright.jpg to test/BareBright/ and all_by_ticket/MV7549/ using Direct Image Src
Uploaded 6 image(s) for MV7549
Opening ticket MV7548...
Downloading images for MV7548...
Waiting for ticket detail for MV7548...
Found 7 ticket item card(s).
Uploaded MV7548_03_Sheet_Iron.jpg to train/Sheet_Iron/ and all_by_ticket/MV7548/ using Direct Image Src
Uploaded MV7548_05_Aluminum_Wire_Clean_No_Insulation.jpg to train/Aluminum_Wire_Clean_No_Insulation/ and all_by_ticket/MV7548/ using Direct Image Src
Uploaded MV7548_01_Sheet_Iron.jpg to train/Sheet_Iron/ and all_by_ticket/MV7548/ using Direct Image Src
Uploaded MV7548_06_AluminumCopper_Radiator.jpg to test/AluminumCopper_Radiator/ and all_by_ticket/MV7548/ using Direct Image Src
Uploaded MV7548_02_Sheet_Iron.jpg to train/Sheet_Iron/ and all_by_ticket/MV7548/ using Direct Image Src
Uploaded MV7548_04_Irony_Aluminum.jpg to train/Irony_Aluminum/ and all_by_ticket/MV7548/ using Direct Image Src
Uploaded MV7548_07_Dirty_Brass.jpg to train/Dirty_Brass/ and all_by_ticket/MV7548/ using Direct Image Src
Uploaded 7 image(s) for MV7548
Opening ticket MV7547...
Downloading images for MV7547...
Waiting for ticket detail for MV7547...
Found 1 ticket item card(s).
Uploaded MV7547_01_Sheet_Iron.jpg to train/Sheet_Iron/ and all_by_ticket/MV7547/ using Direct Image Src
Uploaded 1 image(s) for MV7547
Opening ticket MV7546...
Downloading images for MV7546...
Waiting for ticket detail for MV7546...
Found 2 ticket item card(s).
Uploaded MV7546_02_Circuit_Board_Low_Grade.jpg to train/Circuit_Board_Low_Grade/ and all_by_ticket/MV7546/ using Direct Image Src
Uploaded MV7546_01_Power_Supply.jpg to train/Power_Supply/ and all_by_ticket/MV7546/ using Direct Image Src
Uploaded 2 image(s) for MV7546
Pagination before click: 141 - 150 of 268
Pagination after click: 151 - 160 of 268

Processing results page 16...
Scraping ticket numbers from current page...
Waiting for search results...
Skipping ticket MV7564 due to status: CANCEL
Skipping ticket MV7558 due to status: VOID
Found 8 ticket(s) on this page after status filtering: ['MV7565', 'MV7563', 'MV7562', 'MV7561', 'MV7560', 'MV7559', 'MV7557', 'MV7556']
Opening ticket MV7565...
Downloading images for MV7565...
Waiting for ticket detail for MV7565...
Found 1 ticket item card(s).
Uploaded MV7565_01_BareBright.jpg to train/BareBright/ and all_by_ticket/MV7565/ using Direct Image Src
Uploaded 1 image(s) for MV7565
Opening ticket MV7563...
Downloading images for MV7563...
Waiting for ticket detail for MV7563...
Found 1 ticket item card(s).
Uploaded MV7563_01_2_Insulated_Wire.jpg to val/2_Insulated_Wire/ and all_by_ticket/MV7563/ using Direct Image Src
Uploaded 1 image(s) for MV7563
Opening ticket MV7562...
Downloading images for MV7562...
Waiting for ticket detail for MV7562...
Found 4 ticket item card(s).
Uploaded MV7562_04_2_Copper.jpg to train/2_Copper/ and all_by_ticket/MV7562/ using Direct Image Src
Uploaded MV7562_02_2_Insulated_Wire.jpg to train/2_Insulated_Wire/ and all_by_ticket/MV7562/ using Direct Image Src
Uploaded MV7562_03_BareBright.jpg to test/BareBright/ and all_by_ticket/MV7562/ using Direct Image Src
Uploaded MV7562_01_Aluminum_Radiator.jpg to train/Aluminum_Radiator/ and all_by_ticket/MV7562/ using Direct Image Src
Uploaded 4 image(s) for MV7562
Opening ticket MV7561...
Downloading images for MV7561...
Waiting for ticket detail for MV7561...
Found 5 ticket item card(s).
Uploaded MV7561_03_2_Insulated_Wire.jpg to train/2_Insulated_Wire/ and all_by_ticket/MV7561/ using Direct Image Src
Uploaded MV7561_02_2_Copper.jpg to train/2_Copper/ and all_by_ticket/MV7561/ using Direct Image Src
Uploaded MV7561_04_Sealed_Units.jpg to val/Sealed_Units/ and all_by_ticket/MV7561/ using Direct Image Src
Uploaded MV7561_01_Dirty_Brass.jpg to train/Dirty_Brass/ and all_by_ticket/MV7561/ using Direct Image Src
Uploaded MV7561_05_Irony_Aluminum.jpg to test/Irony_Aluminum/ and all_by_ticket/MV7561/ using Direct Image Src
Uploaded 5 image(s) for MV7561
Opening ticket MV7560...
Downloading images for MV7560...
Waiting for ticket detail for MV7560...
Found 6 ticket item card(s).
Uploaded MV7560_03_AluminumCopper_Radiator.jpg to train/AluminumCopper_Radiator/ and all_by_ticket/MV7560/ using Direct Image Src
Uploaded MV7560_02_Yellow_Brass_Clean.jpg to train/Yellow_Brass_Clean/ and all_by_ticket/MV7560/ using Direct Image Src
Uploaded MV7560_04_2_Copper.jpg to train/2_Copper/ and all_by_ticket/MV7560/ using Direct Image Src
Uploaded MV7560_01_Dirty_Brass.jpg to test/Dirty_Brass/ and all_by_ticket/MV7560/ using Direct Image Src
Uploaded MV7560_06_Irony_Aluminum.jpg to train/Irony_Aluminum/ and all_by_ticket/MV7560/ using Direct Image Src
Uploaded MV7560_05_2_Copper.jpg to train/2_Copper/ and all_by_ticket/MV7560/ using Direct Image Src
Uploaded 6 image(s) for MV7560
Opening ticket MV7559...
Downloading images for MV7559...
Waiting for ticket detail for MV7559...
Found 2 ticket item card(s).
Uploaded MV7559_01_2_Copper.jpg to val/2_Copper/ and all_by_ticket/MV7559/ using Direct Image Src
Uploaded MV7559_02_1_Copper.jpg to val/1_Copper/ and all_by_ticket/MV7559/ using Direct Image Src
Uploaded 2 image(s) for MV7559
Opening ticket MV7557...
Downloading images for MV7557...
Waiting for ticket detail for MV7557...
Found 6 ticket item card(s).
Uploaded MV7557_02_Low_Grade_Insulated_Wire.jpg to train/Low_Grade_Insulated_Wire/ and all_by_ticket/MV7557/ using Direct Image Src
Uploaded MV7557_01_BareBright.jpg to train/BareBright/ and all_by_ticket/MV7557/ using Direct Image Src
Uploaded MV7557_03_Cat_56.jpg to train/Cat_56/ and all_by_ticket/MV7557/ using Direct Image Src
Uploaded MV7557_04_Cat_56.jpg to train/Cat_56/ and all_by_ticket/MV7557/ using Direct Image Src
Uploaded MV7557_06_1_Insulated_Wire.jpg to test/1_Insulated_Wire/ and all_by_ticket/MV7557/ using Direct Image Src
Uploaded MV7557_05_Cat_56.jpg to test/Cat_56/ and all_by_ticket/MV7557/ using Direct Image Src
Uploaded 6 image(s) for MV7557
Opening ticket MV7556...
Downloading images for MV7556...
Waiting for ticket detail for MV7556...
Found 8 ticket item card(s).
Uploaded MV7556_03_Low_Grade_Insulated_Wire.jpg to train/Low_Grade_Insulated_Wire/ and all_by_ticket/MV7556/ using Direct Image Src
Uploaded MV7556_04_2_Copper.jpg to train/2_Copper/ and all_by_ticket/MV7556/ using Direct Image Src
Uploaded MV7556_01_Sheet_Iron.jpg to val/Sheet_Iron/ and all_by_ticket/MV7556/ using Direct Image Src
Uploaded MV7556_05_Aluminum_Radiator.jpg to train/Aluminum_Radiator/ and all_by_ticket/MV7556/ using Direct Image Src
Uploaded MV7556_02_BareBright.jpg to train/BareBright/ and all_by_ticket/MV7556/ using Direct Image Src
Uploaded MV7556_06_Sealed_Units.jpg to val/Sealed_Units/ and all_by_ticket/MV7556/ using Direct Image Src
Uploaded MV7556_07_Auto_Batteries.jpg to train/Auto_Batteries/ and all_by_ticket/MV7556/ using Direct Image Src
Uploaded MV7556_08_Aluminum_Rim_Clean.jpg to train/Aluminum_Rim_Clean/ and all_by_ticket/MV7556/ using Direct Image Src
Uploaded 8 image(s) for MV7556
Pagination before click: 151 - 160 of 268
Pagination after click: 161 - 170 of 268

Processing results page 17...
Scraping ticket numbers from current page...
Waiting for search results...
Skipping ticket MV7575 due to status: VOID
Skipping ticket MV7574 due to status: CANCEL
Found 8 ticket(s) on this page after status filtering: ['MV7573', 'MV7572', 'MV7571', 'MV7570', 'MV7569', 'MV7568', 'MV7567', 'MV7566']
Opening ticket MV7573...
Downloading images for MV7573...
Waiting for ticket detail for MV7573...
Found 1 ticket item card(s).
Uploaded MV7573_01_Sheet_Aluminum.jpg to train/Sheet_Aluminum/ and all_by_ticket/MV7573/ using Direct Image Src
Uploaded 1 image(s) for MV7573
Opening ticket MV7572...
Downloading images for MV7572...
Waiting for ticket detail for MV7572...
Found 1 ticket item card(s).
Uploaded MV7572_01_Aluminum_Cans.jpg to val/Aluminum_Cans/ and all_by_ticket/MV7572/ using Direct Image Src
Uploaded 1 image(s) for MV7572
Opening ticket MV7571...
Downloading images for MV7571...
Waiting for ticket detail for MV7571...
Found 1 ticket item card(s).
Uploaded MV7571_01_Sheet_Iron.jpg to train/Sheet_Iron/ and all_by_ticket/MV7571/ using Direct Image Src
Uploaded 1 image(s) for MV7571
Opening ticket MV7570...
Downloading images for MV7570...
Waiting for ticket detail for MV7570...
Found 9 ticket item card(s).
Uploaded MV7570_02_Extrusion.jpg to val/Extrusion/ and all_by_ticket/MV7570/ using Direct Image Src
Uploaded MV7570_03_Sheet_Aluminum.jpg to train/Sheet_Aluminum/ and all_by_ticket/MV7570/ using Direct Image Src
Uploaded MV7570_05_2_Copper.jpg to train/2_Copper/ and all_by_ticket/MV7570/ using Direct Image Src
Uploaded MV7570_06_Romex.jpg to train/Romex/ and all_by_ticket/MV7570/ using Direct Image Src
Uploaded MV7570_08_Dirty_Brass.jpg to test/Dirty_Brass/ and all_by_ticket/MV7570/ using Direct Image Src
Uploaded MV7570_01_Aluminum_Wire_Insulated.jpg to val/Aluminum_Wire_Insulated/ and all_by_ticket/MV7570/ using Direct Image Src
Uploaded MV7570_09_Irony_Aluminum.jpg to train/Irony_Aluminum/ and all_by_ticket/MV7570/ using Direct Image Src
Uploaded MV7570_04_Dirty_Brass.jpg to train/Dirty_Brass/ and all_by_ticket/MV7570/ using Direct Image Src
Uploaded MV7570_07_2_Insulated_Wire.jpg to train/2_Insulated_Wire/ and all_by_ticket/MV7570/ using Direct Image Src
Uploaded 9 image(s) for MV7570
Opening ticket MV7569...
Downloading images for MV7569...
Waiting for ticket detail for MV7569...
Found 1 ticket item card(s).
No direct full-size image URL found for MV7569 item 1 (AL 3003).
Skipping ticket MV7569: no usable image tasks found.
Uploaded 0 image(s) for MV7569
Opening ticket MV7568...
Downloading images for MV7568...
Waiting for ticket detail for MV7568...
Found 7 ticket item card(s).
Uploaded MV7568_02_Gutters_Siding.jpg to train/Gutters_Siding/ and all_by_ticket/MV7568/ using Direct Image Src
Uploaded MV7568_03_2_Insulated_Wire.jpg to train/2_Insulated_Wire/ and all_by_ticket/MV7568/ using Direct Image Src
Uploaded MV7568_07_2_Insulated_Wire.jpg to val/2_Insulated_Wire/ and all_by_ticket/MV7568/ using Direct Image Src
Uploaded MV7568_01_Sheet_Iron.jpg to train/Sheet_Iron/ and all_by_ticket/MV7568/ using Direct Image Src
Uploaded MV7568_05_AluminumCopper_Radiator.jpg to train/AluminumCopper_Radiator/ and all_by_ticket/MV7568/ using Direct Image Src
Uploaded MV7568_06_Electric_Motor.jpg to train/Electric_Motor/ and all_by_ticket/MV7568/ using Direct Image Src
Uploaded MV7568_04_2_Copper.jpg to val/2_Copper/ and all_by_ticket/MV7568/ using Direct Image Src
Uploaded 7 image(s) for MV7568
Opening ticket MV7567...
Downloading images for MV7567...
Waiting for ticket detail for MV7567...
Found 1 ticket item card(s).
No direct full-size image URL found for MV7567 item 1 (Laptops - Complete).
Skipping ticket MV7567: no usable image tasks found.
Uploaded 0 image(s) for MV7567
Opening ticket MV7566...
Downloading images for MV7566...
Waiting for ticket detail for MV7566...
Found 4 ticket item card(s).
Uploaded MV7566_02_Aluminum_Cans.jpg to train/Aluminum_Cans/ and all_by_ticket/MV7566/ using Direct Image Src
Uploaded MV7566_01_Irony_Aluminum.jpg to val/Irony_Aluminum/ and all_by_ticket/MV7566/ using Direct Image Src
Uploaded MV7566_03_Auto_Batteries.jpg to train/Auto_Batteries/ and all_by_ticket/MV7566/ using Direct Image Src
Uploaded MV7566_04_Transformer.jpg to train/Transformer/ and all_by_ticket/MV7566/ using Direct Image Src
Uploaded 4 image(s) for MV7566
Pagination before click: 161 - 170 of 268
Pagination after click: 171 - 180 of 268

Processing results page 18...
Scraping ticket numbers from current page...
Waiting for search results...
Skipping ticket MV7577 due to status: VOID
Found 9 ticket(s) on this page after status filtering: ['MV7585', 'MV7584', 'MV7583', 'MV7582', 'MV7581', 'MV7580', 'MV7579', 'MV7578', 'MV7576']
Opening ticket MV7585...
Downloading images for MV7585...
Waiting for ticket detail for MV7585...
Found 3 ticket item card(s).
Uploaded MV7585_02_Extrusion.jpg to test/Extrusion/ and all_by_ticket/MV7585/ using Direct Image Src
Uploaded MV7585_01_Sheet_Iron.jpg to train/Sheet_Iron/ and all_by_ticket/MV7585/ using Direct Image Src
Uploaded MV7585_03_2_Insulated_Wire.jpg to train/2_Insulated_Wire/ and all_by_ticket/MV7585/ using Direct Image Src
Uploaded 3 image(s) for MV7585
Opening ticket MV7584...
Downloading images for MV7584...
Waiting for ticket detail for MV7584...
Found 3 ticket item card(s).
Uploaded MV7584_02_DIECAST.jpg to train/DIECAST/ and all_by_ticket/MV7584/ using Direct Image Src
Uploaded MV7584_01_Sheet_Iron.jpg to train/Sheet_Iron/ and all_by_ticket/MV7584/ using Direct Image Src
Uploaded MV7584_03_BareBright.jpg to train/BareBright/ and all_by_ticket/MV7584/ using Direct Image Src
Uploaded 3 image(s) for MV7584
Opening ticket MV7583...
Downloading images for MV7583...
Waiting for ticket detail for MV7583...
Found 2 ticket item card(s).
Uploaded MV7583_02_Irony_Aluminum_Radiators.jpg to train/Irony_Aluminum_Radiators/ and all_by_ticket/MV7583/ using Direct Image Src
Uploaded MV7583_01_Sheet_Iron.jpg to train/Sheet_Iron/ and all_by_ticket/MV7583/ using Direct Image Src
Uploaded 2 image(s) for MV7583
Opening ticket MV7582...
Downloading images for MV7582...
Waiting for ticket detail for MV7582...
Found 1 ticket item card(s).
Uploaded MV7582_01_Gutters_Siding.jpg to val/Gutters_Siding/ and all_by_ticket/MV7582/ using Direct Image Src
Uploaded 1 image(s) for MV7582
Opening ticket MV7581...
Downloading images for MV7581...
Waiting for ticket detail for MV7581...
Found 4 ticket item card(s).
Uploaded MV7581_02_1_Copper.jpg to val/1_Copper/ and all_by_ticket/MV7581/ using Direct Image Src
Uploaded MV7581_01_BareBright.jpg to train/BareBright/ and all_by_ticket/MV7581/ using Direct Image Src
Uploaded MV7581_03_2_Copper.jpg to train/2_Copper/ and all_by_ticket/MV7581/ using Direct Image Src
Uploaded MV7581_04_MC_Metal_Shield.jpg to train/MC_Metal_Shield/ and all_by_ticket/MV7581/ using Direct Image Src
Uploaded 4 image(s) for MV7581
Opening ticket MV7580...
Downloading images for MV7580...
Waiting for ticket detail for MV7580...
Found 4 ticket item card(s).
Uploaded MV7580_01_Irony_Aluminum_Radiators.jpg to train/Irony_Aluminum_Radiators/ and all_by_ticket/MV7580/ using Direct Image Src
Uploaded MV7580_04_2_Insulated_Wire.jpg to train/2_Insulated_Wire/ and all_by_ticket/MV7580/ using Direct Image Src
Uploaded MV7580_03_Unclean_Extrusion.jpg to train/Unclean_Extrusion/ and all_by_ticket/MV7580/ using Direct Image Src
Uploaded MV7580_02_Sheet_Iron.jpg to train/Sheet_Iron/ and all_by_ticket/MV7580/ using Direct Image Src
Uploaded 4 image(s) for MV7580
Opening ticket MV7579...
Downloading images for MV7579...
Waiting for ticket detail for MV7579...
Found 1 ticket item card(s).
No direct full-size image URL found for MV7579 item 1 (Test).
Skipping ticket MV7579: no usable image tasks found.
Uploaded 0 image(s) for MV7579
Opening ticket MV7578...
Downloading images for MV7578...
Waiting for ticket detail for MV7578...
Found 1 ticket item card(s).
Uploaded MV7578_01_Sheet_Iron.jpg to train/Sheet_Iron/ and all_by_ticket/MV7578/ using Direct Image Src
Uploaded 1 image(s) for MV7578
Opening ticket MV7576...
Downloading images for MV7576...
Waiting for ticket detail for MV7576...
Found 1 ticket item card(s).
Uploaded MV7576_01_Aluminum_Cans.jpg to train/Aluminum_Cans/ and all_by_ticket/MV7576/ using Direct Image Src
Uploaded 1 image(s) for MV7576
Pagination before click: 171 - 180 of 268
Pagination after click: 181 - 190 of 268

Processing results page 19...
Scraping ticket numbers from current page...
Waiting for search results...
Skipping ticket MV7595 due to status: CANCEL
Found 9 ticket(s) on this page after status filtering: ['MV7594', 'MV7593', 'MV7592', 'MV7591', 'MV7590', 'MV7589', 'MV7588', 'MV7587', 'MV7586']
Opening ticket MV7594...
Downloading images for MV7594...
Waiting for ticket detail for MV7594...
Found 13 ticket item card(s).
Uploaded MV7594_03_Cast_Aluminum.jpg to train/Cast_Aluminum/ and all_by_ticket/MV7594/ using Direct Image Src
Uploaded MV7594_04_Sheet_Aluminum.jpg to train/Sheet_Aluminum/ and all_by_ticket/MV7594/ using Direct Image Src
Uploaded MV7594_02_Irony_Aluminum.jpg to train/Irony_Aluminum/ and all_by_ticket/MV7594/ using Direct Image Src
Uploaded MV7594_01_Sheet_Iron.jpg to train/Sheet_Iron/ and all_by_ticket/MV7594/ using Direct Image Src
Uploaded MV7594_09_Sealed_Units.jpg to train/Sealed_Units/ and all_by_ticket/MV7594/ using Direct Image Src
Uploaded MV7594_10_Electric_Motor.jpg to train/Electric_Motor/ and all_by_ticket/MV7594/ using Direct Image Src
Uploaded MV7594_11_Motor_Cast_Rotors.jpg to train/Motor_Cast_Rotors/ and all_by_ticket/MV7594/ using Direct Image Src
Uploaded MV7594_05_304.jpg to train/304/ and all_by_ticket/MV7594/ using Direct Image Src
Uploaded MV7594_12_Dirty_Brass.jpg to train/Dirty_Brass/ and all_by_ticket/MV7594/ using Direct Image Src
Uploaded MV7594_06_Irony_Aluminum.jpg to train/Irony_Aluminum/ and all_by_ticket/MV7594/ using Direct Image Src
Uploaded MV7594_13_2_Copper.jpg to test/2_Copper/ and all_by_ticket/MV7594/ using Direct Image Src
Uploaded MV7594_08_AluminumCopper_Radiator.jpg to train/AluminumCopper_Radiator/ and all_by_ticket/MV7594/ using Direct Image Src
Uploaded MV7594_07_2_Insulated_Wire.jpg to val/2_Insulated_Wire/ and all_by_ticket/MV7594/ using Direct Image Src
Uploaded 13 image(s) for MV7594
Opening ticket MV7593...
Downloading images for MV7593...
Waiting for ticket detail for MV7593...
Found 6 ticket item card(s).
Uploaded MV7593_03_Ballast.jpg to train/Ballast/ and all_by_ticket/MV7593/ using Direct Image Src
Uploaded MV7593_02_2_Copper.jpg to train/2_Copper/ and all_by_ticket/MV7593/ using Direct Image Src
Uploaded MV7593_04_Low_Grade_Insulated_Wire.jpg to train/Low_Grade_Insulated_Wire/ and all_by_ticket/MV7593/ using Direct Image Src
Uploaded MV7593_01_Cast_Aluminum.jpg to train/Cast_Aluminum/ and all_by_ticket/MV7593/ using Direct Image Src
Uploaded MV7593_06_Irony_Aluminum.jpg to train/Irony_Aluminum/ and all_by_ticket/MV7593/ using Direct Image Src
Uploaded MV7593_05_2_Copper.jpg to test/2_Copper/ and all_by_ticket/MV7593/ using Direct Image Src
Uploaded 6 image(s) for MV7593
Opening ticket MV7592...
Downloading images for MV7592...
Waiting for ticket detail for MV7592...
Found 1 ticket item card(s).
Uploaded MV7592_01_304.jpg to train/304/ and all_by_ticket/MV7592/ using Direct Image Src
Uploaded 1 image(s) for MV7592
Opening ticket MV7591...
Downloading images for MV7591...
Waiting for ticket detail for MV7591...
Found 1 ticket item card(s).
Uploaded MV7591_01_Auto_Batteries.jpg to val/Auto_Batteries/ and all_by_ticket/MV7591/ using Direct Image Src
Uploaded 1 image(s) for MV7591
Opening ticket MV7590...
Downloading images for MV7590...
Waiting for ticket detail for MV7590...
Found 5 ticket item card(s).
Uploaded MV7590_05_Aluminum_Cans.jpg to train/Aluminum_Cans/ and all_by_ticket/MV7590/ using Direct Image Src
Uploaded MV7590_01_Aluminum_Radiator.jpg to test/Aluminum_Radiator/ and all_by_ticket/MV7590/ using Direct Image Src
Uploaded MV7590_03_304.jpg to train/304/ and all_by_ticket/MV7590/ using Direct Image Src
Uploaded MV7590_04_Irony_SS.jpg to test/Irony_SS/ and all_by_ticket/MV7590/ using Direct Image Src
Uploaded MV7590_02_Alternator.jpg to test/Alternator/ and all_by_ticket/MV7590/ using Direct Image Src
Uploaded 5 image(s) for MV7590
Opening ticket MV7589...
Downloading images for MV7589...
Waiting for ticket detail for MV7589...
Found 1 ticket item card(s).
Uploaded MV7589_01_Sheet_Iron.jpg to test/Sheet_Iron/ and all_by_ticket/MV7589/ using Direct Image Src
Uploaded 1 image(s) for MV7589
Opening ticket MV7588...
Downloading images for MV7588...
Waiting for ticket detail for MV7588...
Found 1 ticket item card(s).
Uploaded MV7588_01_Sheet_Iron.jpg to train/Sheet_Iron/ and all_by_ticket/MV7588/ using Direct Image Src
Uploaded 1 image(s) for MV7588
Opening ticket MV7587...
Downloading images for MV7587...
Waiting for ticket detail for MV7587...
Found 2 ticket item card(s).
Uploaded MV7587_02_2_Insulated_Wire.jpg to train/2_Insulated_Wire/ and all_by_ticket/MV7587/ using Direct Image Src
Uploaded MV7587_01_BareBright.jpg to train/BareBright/ and all_by_ticket/MV7587/ using Direct Image Src
Uploaded 2 image(s) for MV7587
Opening ticket MV7586...
Downloading images for MV7586...
Waiting for ticket detail for MV7586...
Found 4 ticket item card(s).
Uploaded MV7586_01_Yellow_Brass_Clean.jpg to train/Yellow_Brass_Clean/ and all_by_ticket/MV7586/ using Direct Image Src
Uploaded MV7586_03_AluminumCopper_Radiator.jpg to train/AluminumCopper_Radiator/ and all_by_ticket/MV7586/ using Direct Image Src
Uploaded MV7586_02_2_Copper.jpg to train/2_Copper/ and all_by_ticket/MV7586/ using Direct Image Src
Uploaded MV7586_04_Dirty_Brass.jpg to train/Dirty_Brass/ and all_by_ticket/MV7586/ using Direct Image Src
Uploaded 4 image(s) for MV7586
Pagination before click: 181 - 190 of 268
Pagination after click: 191 - 200 of 268

Processing results page 20...
Scraping ticket numbers from current page...
Waiting for search results...
Skipping ticket MV7600 due to status: CANCEL
Found 9 ticket(s) on this page after status filtering: ['MV7605', 'MV7604', 'MV7603', 'MV7602', 'MV7601', 'MV7599', 'MV7598', 'MV7597', 'MV7596']
Opening ticket MV7605...
Downloading images for MV7605...
Waiting for ticket detail for MV7605...
Found 3 ticket item card(s).
Uploaded MV7605_02_2_Copper.jpg to test/2_Copper/ and all_by_ticket/MV7605/ using Direct Image Src
Uploaded MV7605_03_Cast_Aluminum.jpg to train/Cast_Aluminum/ and all_by_ticket/MV7605/ using Direct Image Src
Uploaded MV7605_01_2_Insulated_Wire.jpg to train/2_Insulated_Wire/ and all_by_ticket/MV7605/ using Direct Image Src
Uploaded 3 image(s) for MV7605
Opening ticket MV7604...
Downloading images for MV7604...
Waiting for ticket detail for MV7604...
Found 1 ticket item card(s).
Uploaded MV7604_01_Sheet_Iron.jpg to train/Sheet_Iron/ and all_by_ticket/MV7604/ using Direct Image Src
Uploaded 1 image(s) for MV7604
Opening ticket MV7603...
Downloading images for MV7603...
Waiting for ticket detail for MV7603...
Found 2 ticket item card(s).
Uploaded MV7603_02_Aluminum_Rim_Clean.jpg to train/Aluminum_Rim_Clean/ and all_by_ticket/MV7603/ using Direct Image Src
Uploaded MV7603_01_Chrome_Rims.jpg to test/Chrome_Rims/ and all_by_ticket/MV7603/ using Direct Image Src
Uploaded 2 image(s) for MV7603
Opening ticket MV7602...
Downloading images for MV7602...
Waiting for ticket detail for MV7602...
Found 3 ticket item card(s).
Uploaded MV7602_03_Dirty_Brass.jpg to train/Dirty_Brass/ and all_by_ticket/MV7602/ using Direct Image Src
Uploaded MV7602_02_2_Copper.jpg to train/2_Copper/ and all_by_ticket/MV7602/ using Direct Image Src
Uploaded MV7602_01_BareBright.jpg to train/BareBright/ and all_by_ticket/MV7602/ using Direct Image Src
Uploaded 3 image(s) for MV7602
Opening ticket MV7601...
Downloading images for MV7601...
Waiting for ticket detail for MV7601...
Found 3 ticket item card(s).
Uploaded MV7601_02_2_Insulated_Wire.jpg to train/2_Insulated_Wire/ and all_by_ticket/MV7601/ using Direct Image Src
Uploaded MV7601_03_2_Copper.jpg to test/2_Copper/ and all_by_ticket/MV7601/ using Direct Image Src
Uploaded MV7601_01_2_Insulated_Wire.jpg to train/2_Insulated_Wire/ and all_by_ticket/MV7601/ using Direct Image Src
Uploaded 3 image(s) for MV7601
Opening ticket MV7599...
Downloading images for MV7599...
Waiting for ticket detail for MV7599...
Found 3 ticket item card(s).
Uploaded MV7599_03_2_Copper.jpg to test/2_Copper/ and all_by_ticket/MV7599/ using Direct Image Src
Uploaded MV7599_01_BareBright.jpg to test/BareBright/ and all_by_ticket/MV7599/ using Direct Image Src
Uploaded MV7599_02_Dirty_Brass.jpg to train/Dirty_Brass/ and all_by_ticket/MV7599/ using Direct Image Src
Uploaded 3 image(s) for MV7599
Opening ticket MV7598...
Downloading images for MV7598...
Waiting for ticket detail for MV7598...
Found 1 ticket item card(s).
Uploaded MV7598_01_Sheet_Iron.jpg to val/Sheet_Iron/ and all_by_ticket/MV7598/ using Direct Image Src
Uploaded 1 image(s) for MV7598
Opening ticket MV7597...
Downloading images for MV7597...
Waiting for ticket detail for MV7597...
Found 1 ticket item card(s).
Uploaded MV7597_01_1_Copper.jpg to train/1_Copper/ and all_by_ticket/MV7597/ using Direct Image Src
Uploaded 1 image(s) for MV7597
Opening ticket MV7596...
Downloading images for MV7596...
Waiting for ticket detail for MV7596...
Found 2 ticket item card(s).
Uploaded MV7596_01_Irony_Aluminum.jpg to train/Irony_Aluminum/ and all_by_ticket/MV7596/ using Direct Image Src
Uploaded MV7596_02_Aluminum_Cans.jpg to train/Aluminum_Cans/ and all_by_ticket/MV7596/ using Direct Image Src
Uploaded 2 image(s) for MV7596
Pagination before click: 191 - 200 of 268
Pagination after click: 201 - 210 of 268

Processing results page 21...
Scraping ticket numbers from current page...
Waiting for search results...
Found 10 ticket(s) on this page after status filtering: ['MV7615', 'MV7614', 'MV7613', 'MV7612', 'MV7611', 'MV7610', 'MV7609', 'MV7608', 'MV7607', 'MV7606']
Opening ticket MV7615...
Downloading images for MV7615...
Waiting for ticket detail for MV7615...
Found 3 ticket item card(s).
Uploaded MV7615_02_AluminumCopper_Radiator.jpg to train/AluminumCopper_Radiator/ and all_by_ticket/MV7615/ using Direct Image Src
Uploaded MV7615_01_Compressors.jpg to test/Compressors/ and all_by_ticket/MV7615/ using Direct Image Src
Uploaded MV7615_03_2_Copper.jpg to test/2_Copper/ and all_by_ticket/MV7615/ using Direct Image Src
Uploaded 3 image(s) for MV7615
Opening ticket MV7614...
Downloading images for MV7614...
Waiting for ticket detail for MV7614...
Found 4 ticket item card(s).
Uploaded MV7614_01_Aluminum_Cans.jpg to train/Aluminum_Cans/ and all_by_ticket/MV7614/ using Direct Image Src
Uploaded MV7614_03_Electric_Motor.jpg to train/Electric_Motor/ and all_by_ticket/MV7614/ using Direct Image Src
Uploaded MV7614_02_2_Insulated_Wire.jpg to train/2_Insulated_Wire/ and all_by_ticket/MV7614/ using Direct Image Src
Uploaded MV7614_04_Sheet_Iron.jpg to test/Sheet_Iron/ and all_by_ticket/MV7614/ using Direct Image Src
Uploaded 4 image(s) for MV7614
Opening ticket MV7613...
Downloading images for MV7613...
Waiting for ticket detail for MV7613...
Found 1 ticket item card(s).
Uploaded MV7613_01_Cat_56.jpg to train/Cat_56/ and all_by_ticket/MV7613/ using Direct Image Src
Uploaded 1 image(s) for MV7613
Opening ticket MV7612...
Downloading images for MV7612...
Waiting for ticket detail for MV7612...
Found 2 ticket item card(s).
Uploaded MV7612_01_2_Copper.jpg to test/2_Copper/ and all_by_ticket/MV7612/ using Direct Image Src
Uploaded MV7612_02_Dirty_Brass.jpg to test/Dirty_Brass/ and all_by_ticket/MV7612/ using Direct Image Src
Uploaded 2 image(s) for MV7612
Opening ticket MV7611...
Downloading images for MV7611...
Waiting for ticket detail for MV7611...
Found 7 ticket item card(s).
Uploaded MV7611_04_2_Insulated_Wire.jpg to train/2_Insulated_Wire/ and all_by_ticket/MV7611/ using Direct Image Src
Uploaded MV7611_03_2_Copper.jpg to val/2_Copper/ and all_by_ticket/MV7611/ using Direct Image Src
Uploaded MV7611_02_BareBright.jpg to test/BareBright/ and all_by_ticket/MV7611/ using Direct Image Src
Uploaded MV7611_01_Sheet_Iron.jpg to train/Sheet_Iron/ and all_by_ticket/MV7611/ using Direct Image Src
Uploaded MV7611_05_2_Insulated_Wire.jpg to train/2_Insulated_Wire/ and all_by_ticket/MV7611/ using Direct Image Src
Uploaded MV7611_06_Yellow_Brass_Clean.jpg to train/Yellow_Brass_Clean/ and all_by_ticket/MV7611/ using Direct Image Src
Uploaded MV7611_07_Sheet_Aluminum.jpg to train/Sheet_Aluminum/ and all_by_ticket/MV7611/ using Direct Image Src
Uploaded 7 image(s) for MV7611
Opening ticket MV7610...
Downloading images for MV7610...
Waiting for ticket detail for MV7610...
Found 3 ticket item card(s).
Uploaded MV7610_02_Sheet_Iron.jpg to train/Sheet_Iron/ and all_by_ticket/MV7610/ using Direct Image Src
Uploaded MV7610_01_2_Copper.jpg to train/2_Copper/ and all_by_ticket/MV7610/ using Direct Image Src
Uploaded MV7610_03_Dirty_Brass.jpg to train/Dirty_Brass/ and all_by_ticket/MV7610/ using Direct Image Src
Uploaded 3 image(s) for MV7610
Opening ticket MV7609...
Downloading images for MV7609...
Waiting for ticket detail for MV7609...
Found 2 ticket item card(s).
Uploaded MV7609_01_Sheet_Iron.jpg to train/Sheet_Iron/ and all_by_ticket/MV7609/ using Direct Image Src
Uploaded MV7609_02_AluminumCopper_Radiator.jpg to train/AluminumCopper_Radiator/ and all_by_ticket/MV7609/ using Direct Image Src
Uploaded 2 image(s) for MV7609
Opening ticket MV7608...
Downloading images for MV7608...
Waiting for ticket detail for MV7608...
Found 8 ticket item card(s).
Uploaded MV7608_01_Irony_Aluminum.jpg to val/Irony_Aluminum/ and all_by_ticket/MV7608/ using Direct Image Src
Uploaded MV7608_07_Unclean_Extrusion.jpg to train/Unclean_Extrusion/ and all_by_ticket/MV7608/ using Direct Image Src
Uploaded MV7608_02_2_Copper.jpg to test/2_Copper/ and all_by_ticket/MV7608/ using Direct Image Src
Uploaded MV7608_06_Aluminum_Radiator.jpg to train/Aluminum_Radiator/ and all_by_ticket/MV7608/ using Direct Image Src
Uploaded MV7608_05_Low_Grade_Insulated_Wire.jpg to train/Low_Grade_Insulated_Wire/ and all_by_ticket/MV7608/ using Direct Image Src
Uploaded MV7608_03_Sheet_Iron.jpg to train/Sheet_Iron/ and all_by_ticket/MV7608/ using Direct Image Src
Uploaded MV7608_04_Electric_Motor.jpg to train/Electric_Motor/ and all_by_ticket/MV7608/ using Direct Image Src
Uploaded MV7608_08_Sheet_Aluminum.jpg to train/Sheet_Aluminum/ and all_by_ticket/MV7608/ using Direct Image Src
Uploaded 8 image(s) for MV7608
Opening ticket MV7607...
Downloading images for MV7607...
Waiting for ticket detail for MV7607...
Found 3 ticket item card(s).
Uploaded MV7607_02_2_Copper.jpg to train/2_Copper/ and all_by_ticket/MV7607/ using Direct Image Src
Uploaded MV7607_01_Dirty_Brass.jpg to train/Dirty_Brass/ and all_by_ticket/MV7607/ using Direct Image Src
Uploaded MV7607_03_1_Copper.jpg to train/1_Copper/ and all_by_ticket/MV7607/ using Direct Image Src
Uploaded 3 image(s) for MV7607
Opening ticket MV7606...
Downloading images for MV7606...
Waiting for ticket detail for MV7606...
Found 1 ticket item card(s).
Uploaded MV7606_01_Sheet_Iron.jpg to train/Sheet_Iron/ and all_by_ticket/MV7606/ using Direct Image Src
Uploaded 1 image(s) for MV7606
Pagination before click: 201 - 210 of 268
Pagination after click: 211 - 220 of 268

Processing results page 22...
Scraping ticket numbers from current page...
Waiting for search results...
Found 10 ticket(s) on this page after status filtering: ['MV7625', 'MV7624', 'MV7623', 'MV7622', 'MV7621', 'MV7620', 'MV7619', 'MV7618', 'MV7617', 'MV7616']
Opening ticket MV7625...
Downloading images for MV7625...
Waiting for ticket detail for MV7625...
Found 4 ticket item card(s).
Uploaded MV7625_01_Aluminum_Rim_Clean.jpg to train/Aluminum_Rim_Clean/ and all_by_ticket/MV7625/ using Direct Image Src
Uploaded MV7625_04_Irony_ACR_Radiators.jpg to val/Irony_ACR_Radiators/ and all_by_ticket/MV7625/ using Direct Image Src
Uploaded MV7625_02_2_Copper.jpg to train/2_Copper/ and all_by_ticket/MV7625/ using Direct Image Src
Uploaded MV7625_03_Chrome_Rims.jpg to train/Chrome_Rims/ and all_by_ticket/MV7625/ using Direct Image Src
Uploaded 4 image(s) for MV7625
Opening ticket MV7624...
Downloading images for MV7624...
Waiting for ticket detail for MV7624...
Found 1 ticket item card(s).
Uploaded MV7624_01_Sheet_Iron.jpg to train/Sheet_Iron/ and all_by_ticket/MV7624/ using Direct Image Src
Uploaded 1 image(s) for MV7624
Opening ticket MV7623...
Downloading images for MV7623...
Waiting for ticket detail for MV7623...
Found 4 ticket item card(s).
Uploaded MV7623_01_2_Copper.jpg to train/2_Copper/ and all_by_ticket/MV7623/ using Direct Image Src
Uploaded MV7623_04_BareBright.jpg to val/BareBright/ and all_by_ticket/MV7623/ using Direct Image Src
Uploaded MV7623_02_2_Insulated_Wire.jpg to train/2_Insulated_Wire/ and all_by_ticket/MV7623/ using Direct Image Src
Uploaded MV7623_03_1_Insulated_Wire.jpg to train/1_Insulated_Wire/ and all_by_ticket/MV7623/ using Direct Image Src
Uploaded 4 image(s) for MV7623
Opening ticket MV7622...
Downloading images for MV7622...
Waiting for ticket detail for MV7622...
Found 2 ticket item card(s).
Uploaded MV7622_01_2_Insulated_Wire.jpg to train/2_Insulated_Wire/ and all_by_ticket/MV7622/ using Direct Image Src
Uploaded MV7622_02_Sheet_Aluminum.jpg to train/Sheet_Aluminum/ and all_by_ticket/MV7622/ using Direct Image Src
Uploaded 2 image(s) for MV7622
Opening ticket MV7621...
Downloading images for MV7621...
Waiting for ticket detail for MV7621...
Found 5 ticket item card(s).
Uploaded MV7621_03_Yellow_Brass_Clean.jpg to train/Yellow_Brass_Clean/ and all_by_ticket/MV7621/ using Direct Image Src
Uploaded MV7621_04_1_Insulated_Wire.jpg to train/1_Insulated_Wire/ and all_by_ticket/MV7621/ using Direct Image Src
Uploaded MV7621_02_2_Copper.jpg to val/2_Copper/ and all_by_ticket/MV7621/ using Direct Image Src
Uploaded MV7621_01_Sheet_Iron.jpg to train/Sheet_Iron/ and all_by_ticket/MV7621/ using Direct Image Src
Uploaded MV7621_05_Gutters_Siding.jpg to train/Gutters_Siding/ and all_by_ticket/MV7621/ using Direct Image Src
Uploaded 5 image(s) for MV7621
Opening ticket MV7620...
Downloading images for MV7620...
Waiting for ticket detail for MV7620...
Found 6 ticket item card(s).
Uploaded MV7620_01_Sheet_Iron.jpg to train/Sheet_Iron/ and all_by_ticket/MV7620/ using Direct Image Src
Uploaded MV7620_04_Extrusion.jpg to test/Extrusion/ and all_by_ticket/MV7620/ using Direct Image Src
Uploaded MV7620_02_2_Insulated_Wire.jpg to train/2_Insulated_Wire/ and all_by_ticket/MV7620/ using Direct Image Src
Uploaded MV7620_03_Gutters_Siding.jpg to train/Gutters_Siding/ and all_by_ticket/MV7620/ using Direct Image Src
Uploaded MV7620_05_2_Insulated_Wire.jpg to train/2_Insulated_Wire/ and all_by_ticket/MV7620/ using Direct Image Src
Uploaded MV7620_06_Aluminum_Cans.jpg to train/Aluminum_Cans/ and all_by_ticket/MV7620/ using Direct Image Src
Uploaded 6 image(s) for MV7620
Opening ticket MV7619...
Downloading images for MV7619...
Waiting for ticket detail for MV7619...
Found 3 ticket item card(s).
Uploaded MV7619_01_2_Copper.jpg to train/2_Copper/ and all_by_ticket/MV7619/ using Direct Image Src
Uploaded MV7619_02_AluminumCopper_Radiator.jpg to train/AluminumCopper_Radiator/ and all_by_ticket/MV7619/ using Direct Image Src
Uploaded MV7619_03_Dirty_Brass.jpg to test/Dirty_Brass/ and all_by_ticket/MV7619/ using Direct Image Src
Uploaded 3 image(s) for MV7619
Opening ticket MV7618...
Downloading images for MV7618...
Waiting for ticket detail for MV7618...
Found 3 ticket item card(s).
Uploaded MV7618_01_AluminumCopper_Radiator.jpg to train/AluminumCopper_Radiator/ and all_by_ticket/MV7618/ using Direct Image Src
Uploaded MV7618_03_Yellow_Brass_Clean.jpg to train/Yellow_Brass_Clean/ and all_by_ticket/MV7618/ using Direct Image Src
Uploaded MV7618_02_2_Copper.jpg to train/2_Copper/ and all_by_ticket/MV7618/ using Direct Image Src
Uploaded 3 image(s) for MV7618
Opening ticket MV7617...
Downloading images for MV7617...
Waiting for ticket detail for MV7617...
Found 2 ticket item card(s).
Uploaded MV7617_02_Yellow_Brass_Clean.jpg to train/Yellow_Brass_Clean/ and all_by_ticket/MV7617/ using Direct Image Src
Uploaded MV7617_01_BareBright.jpg to train/BareBright/ and all_by_ticket/MV7617/ using Direct Image Src
Uploaded 2 image(s) for MV7617
Opening ticket MV7616...
Downloading images for MV7616...
Waiting for ticket detail for MV7616...
Found 8 ticket item card(s).
Uploaded MV7616_05_Dirty_Brass.jpg to train/Dirty_Brass/ and all_by_ticket/MV7616/ using Direct Image Src
Uploaded MV7616_06_Copper_Breakage.jpg to val/Copper_Breakage/ and all_by_ticket/MV7616/ using Direct Image Src
Uploaded MV7616_01_2_Copper.jpg to train/2_Copper/ and all_by_ticket/MV7616/ using Direct Image Src
Uploaded MV7616_02_BareBright.jpg to train/BareBright/ and all_by_ticket/MV7616/ using Direct Image Src
Uploaded MV7616_03_Irony_SS.jpg to val/Irony_SS/ and all_by_ticket/MV7616/ using Direct Image Src
Uploaded MV7616_04_2_Insulated_Wire.jpg to val/2_Insulated_Wire/ and all_by_ticket/MV7616/ using Direct Image Src
Uploaded MV7616_08_2_Copper.jpg to train/2_Copper/ and all_by_ticket/MV7616/ using Direct Image Src
Uploaded MV7616_07_Unclean_Extrusion.jpg to train/Unclean_Extrusion/ and all_by_ticket/MV7616/ using Direct Image Src
Uploaded 8 image(s) for MV7616
Pagination before click: 211 - 220 of 268
Pagination after click: 221 - 230 of 268

Processing results page 23...
Scraping ticket numbers from current page...
Waiting for search results...
Skipping ticket MV7635 due to status: VOID
Skipping ticket MV7631 due to status: CANCEL
Found 8 ticket(s) on this page after status filtering: ['MV7634', 'MV7633', 'MV7632', 'MV7630', 'MV7629', 'MV7628', 'MV7627', 'MV7626']
Opening ticket MV7634...
Downloading images for MV7634...
Waiting for ticket detail for MV7634...
Found 1 ticket item card(s).
Uploaded MV7634_01_Sheet_Iron.jpg to val/Sheet_Iron/ and all_by_ticket/MV7634/ using Direct Image Src
Uploaded 1 image(s) for MV7634
Opening ticket MV7633...
Downloading images for MV7633...
Waiting for ticket detail for MV7633...
Found 2 ticket item card(s).
Uploaded MV7633_01_Sheet_Aluminum.jpg to train/Sheet_Aluminum/ and all_by_ticket/MV7633/ using Direct Image Src
Uploaded MV7633_02_Motor_Cast_Rotors.jpg to train/Motor_Cast_Rotors/ and all_by_ticket/MV7633/ using Direct Image Src
Uploaded 2 image(s) for MV7633
Opening ticket MV7632...
Downloading images for MV7632...
Waiting for ticket detail for MV7632...
Found 3 ticket item card(s).
Uploaded MV7632_01_Romex.jpg to train/Romex/ and all_by_ticket/MV7632/ using Direct Image Src
Uploaded MV7632_03_Cat_56.jpg to train/Cat_56/ and all_by_ticket/MV7632/ using Direct Image Src
Uploaded MV7632_02_Sheet_Iron.jpg to train/Sheet_Iron/ and all_by_ticket/MV7632/ using Direct Image Src
Uploaded 3 image(s) for MV7632
Opening ticket MV7630...
Downloading images for MV7630...
Waiting for ticket detail for MV7630...
Found 5 ticket item card(s).
Uploaded MV7630_01_Sheet_Aluminum.jpg to train/Sheet_Aluminum/ and all_by_ticket/MV7630/ using Direct Image Src
Uploaded MV7630_05_Carbide.jpg to val/Carbide/ and all_by_ticket/MV7630/ using Direct Image Src
Uploaded MV7630_03_Yellow_Brass_Clean.jpg to train/Yellow_Brass_Clean/ and all_by_ticket/MV7630/ using Direct Image Src
Uploaded MV7630_04_304.jpg to train/304/ and all_by_ticket/MV7630/ using Direct Image Src
Uploaded MV7630_02_2_Copper.jpg to test/2_Copper/ and all_by_ticket/MV7630/ using Direct Image Src
Uploaded 5 image(s) for MV7630
Opening ticket MV7629...
Downloading images for MV7629...
Waiting for ticket detail for MV7629...
Found 1 ticket item card(s).
Uploaded MV7629_01_Sheet_Iron.jpg to train/Sheet_Iron/ and all_by_ticket/MV7629/ using Direct Image Src
Uploaded 1 image(s) for MV7629
Opening ticket MV7628...
Downloading images for MV7628...
Waiting for ticket detail for MV7628...
Found 1 ticket item card(s).
Uploaded MV7628_01_BareBright.jpg to train/BareBright/ and all_by_ticket/MV7628/ using Direct Image Src
Uploaded 1 image(s) for MV7628
Opening ticket MV7627...
Downloading images for MV7627...
Waiting for ticket detail for MV7627...
Found 1 ticket item card(s).
Uploaded MV7627_01_Sheet_Iron.jpg to train/Sheet_Iron/ and all_by_ticket/MV7627/ using Direct Image Src
Uploaded 1 image(s) for MV7627
Opening ticket MV7626...
Downloading images for MV7626...
Waiting for ticket detail for MV7626...
Found 3 ticket item card(s).
Uploaded MV7626_01_Extrusion.jpg to train/Extrusion/ and all_by_ticket/MV7626/ using Direct Image Src
Uploaded MV7626_03_2_Insulated_Wire.jpg to train/2_Insulated_Wire/ and all_by_ticket/MV7626/ using Direct Image Src
Uploaded MV7626_02_Cat_56.jpg to train/Cat_56/ and all_by_ticket/MV7626/ using Direct Image Src
Uploaded 3 image(s) for MV7626
Pagination before click: 221 - 230 of 268
Pagination after click: 231 - 240 of 268

Processing results page 24...
Scraping ticket numbers from current page...
Waiting for search results...
Skipping ticket MV7641 due to status: VOID
Skipping ticket MV7639 due to status: VOID
Skipping ticket MV7637 due to status: VOID
Found 7 ticket(s) on this page after status filtering: ['MV7645', 'MV7644', 'MV7643', 'MV7642', 'MV7640', 'MV7638', 'MV7636']
Opening ticket MV7645...
Downloading images for MV7645...
Waiting for ticket detail for MV7645...
Found 1 ticket item card(s).
No direct full-size image URL found for MV7645 item 1 (Test).
Skipping ticket MV7645: no usable image tasks found.
Uploaded 0 image(s) for MV7645
Opening ticket MV7644...
Downloading images for MV7644...
Waiting for ticket detail for MV7644...
Found 5 ticket item card(s).
Uploaded MV7644_02_Auto_Batteries.jpg to test/Auto_Batteries/ and all_by_ticket/MV7644/ using Direct Image Src
Uploaded MV7644_01_Aluminum_Rim_Clean.jpg to train/Aluminum_Rim_Clean/ and all_by_ticket/MV7644/ using Direct Image Src
Uploaded MV7644_03_Sheet_Aluminum.jpg to val/Sheet_Aluminum/ and all_by_ticket/MV7644/ using Direct Image Src
Uploaded MV7644_04_2_Insulated_Wire.jpg to train/2_Insulated_Wire/ and all_by_ticket/MV7644/ using Direct Image Src
Uploaded MV7644_05_Dirty_Brass.jpg to train/Dirty_Brass/ and all_by_ticket/MV7644/ using Direct Image Src
Uploaded 5 image(s) for MV7644
Opening ticket MV7643...
Downloading images for MV7643...
Waiting for ticket detail for MV7643...
Found 4 ticket item card(s).
Uploaded MV7643_02_Cast_Aluminum.jpg to train/Cast_Aluminum/ and all_by_ticket/MV7643/ using Direct Image Src
Uploaded MV7643_04_Sheet_Copper.jpg to train/Sheet_Copper/ and all_by_ticket/MV7643/ using Direct Image Src
Uploaded MV7643_01_Sheet_Iron.jpg to val/Sheet_Iron/ and all_by_ticket/MV7643/ using Direct Image Src
Uploaded MV7643_03_BareBright.jpg to test/BareBright/ and all_by_ticket/MV7643/ using Direct Image Src
Uploaded 4 image(s) for MV7643
Opening ticket MV7642...
Downloading images for MV7642...
Waiting for ticket detail for MV7642...
Found 3 ticket item card(s).
Uploaded MV7642_01_BareBright.jpg to train/BareBright/ and all_by_ticket/MV7642/ using Direct Image Src
Uploaded MV7642_02_1_Insulated_Wire.jpg to train/1_Insulated_Wire/ and all_by_ticket/MV7642/ using Direct Image Src
Uploaded MV7642_03_1_Copper.jpg to train/1_Copper/ and all_by_ticket/MV7642/ using Direct Image Src
Uploaded 3 image(s) for MV7642
Opening ticket MV7640...
Downloading images for MV7640...
Waiting for ticket detail for MV7640...
Found 3 ticket item card(s).
Uploaded MV7640_01_Aluminum_Radiator.jpg to train/Aluminum_Radiator/ and all_by_ticket/MV7640/ using Direct Image Src
Uploaded MV7640_02_DIECAST.jpg to val/DIECAST/ and all_by_ticket/MV7640/ using Direct Image Src
Uploaded MV7640_03_Aluminum_Rim_Clean.jpg to train/Aluminum_Rim_Clean/ and all_by_ticket/MV7640/ using Direct Image Src
Uploaded 3 image(s) for MV7640
Opening ticket MV7638...
Downloading images for MV7638...
Waiting for ticket detail for MV7638...
Found 4 ticket item card(s).
No direct full-size image URL found for MV7638 item 4 (#2 Copper).
Uploaded MV7638_03_Aluminum_Cans.jpg to test/Aluminum_Cans/ and all_by_ticket/MV7638/ using Direct Image Src
Uploaded MV7638_02_Sheet_Aluminum.jpg to train/Sheet_Aluminum/ and all_by_ticket/MV7638/ using Direct Image Src
Uploaded MV7638_01_Sheet_Iron.jpg to train/Sheet_Iron/ and all_by_ticket/MV7638/ using Direct Image Src
Uploaded 3 image(s) for MV7638
Opening ticket MV7636...
Downloading images for MV7636...
Waiting for ticket detail for MV7636...
Found 8 ticket item card(s).
Uploaded MV7636_04_Irony_Aluminum.jpg to train/Irony_Aluminum/ and all_by_ticket/MV7636/ using Direct Image Src
Uploaded MV7636_02_Gutters_Siding.jpg to val/Gutters_Siding/ and all_by_ticket/MV7636/ using Direct Image Src
Uploaded MV7636_01_Sheet_Iron.jpg to train/Sheet_Iron/ and all_by_ticket/MV7636/ using Direct Image Src
Uploaded MV7636_05_Unclean_Extrusion.jpg to train/Unclean_Extrusion/ and all_by_ticket/MV7636/ using Direct Image Src
Uploaded MV7636_03_Irony_SS.jpg to train/Irony_SS/ and all_by_ticket/MV7636/ using Direct Image Src
Uploaded MV7636_06_AluminumCopper_Radiator.jpg to train/AluminumCopper_Radiator/ and all_by_ticket/MV7636/ using Direct Image Src
Uploaded MV7636_08_Compressors.jpg to train/Compressors/ and all_by_ticket/MV7636/ using Direct Image Src
Uploaded MV7636_07_2_Copper.jpg to train/2_Copper/ and all_by_ticket/MV7636/ using Direct Image Src
Uploaded 8 image(s) for MV7636
Pagination before click: 231 - 240 of 268
Pagination after click: 241 - 250 of 268

Processing results page 25...
Scraping ticket numbers from current page...
Waiting for search results...
Skipping ticket MV7651 due to status: CANCEL
Found 9 ticket(s) on this page after status filtering: ['MV7655', 'MV7654', 'MV7653', 'MV7652', 'MV7650', 'MV7649', 'MV7648', 'MV7647', 'MV7646']
Opening ticket MV7655...
Downloading images for MV7655...
Waiting for ticket detail for MV7655...
Found 1 ticket item card(s).
Uploaded MV7655_01_Sheet_Iron.jpg to train/Sheet_Iron/ and all_by_ticket/MV7655/ using Direct Image Src
Uploaded 1 image(s) for MV7655
Opening ticket MV7654...
Downloading images for MV7654...
Waiting for ticket detail for MV7654...
Found 9 ticket item card(s).
Uploaded MV7654_05_Red_Brass.jpg to train/Red_Brass/ and all_by_ticket/MV7654/ using Direct Image Src
Uploaded MV7654_06_Yellow_Brass_Clean.jpg to train/Yellow_Brass_Clean/ and all_by_ticket/MV7654/ using Direct Image Src
Uploaded MV7654_02_2_Insulated_Wire.jpg to train/2_Insulated_Wire/ and all_by_ticket/MV7654/ using Direct Image Src
Uploaded MV7654_04_1_Copper.jpg to train/1_Copper/ and all_by_ticket/MV7654/ using Direct Image Src
Uploaded MV7654_03_Sheet_Aluminum.jpg to test/Sheet_Aluminum/ and all_by_ticket/MV7654/ using Direct Image Src
Uploaded MV7654_08_Irony_Aluminum.jpg to train/Irony_Aluminum/ and all_by_ticket/MV7654/ using Direct Image Src
Uploaded MV7654_01_Sheet_Aluminum.jpg to train/Sheet_Aluminum/ and all_by_ticket/MV7654/ using Direct Image Src
Uploaded MV7654_07_Dirty_Brass.jpg to train/Dirty_Brass/ and all_by_ticket/MV7654/ using Direct Image Src
Uploaded MV7654_09_Dirty_Brass.jpg to test/Dirty_Brass/ and all_by_ticket/MV7654/ using Direct Image Src
Uploaded 9 image(s) for MV7654
Opening ticket MV7653...
Downloading images for MV7653...
Waiting for ticket detail for MV7653...
Found 5 ticket item card(s).
Uploaded MV7653_01_Lead.jpg to train/Lead/ and all_by_ticket/MV7653/ using Direct Image Src
Uploaded MV7653_02_BareBright.jpg to train/BareBright/ and all_by_ticket/MV7653/ using Direct Image Src
Uploaded MV7653_03_2_Copper.jpg to train/2_Copper/ and all_by_ticket/MV7653/ using Direct Image Src
Uploaded MV7653_05_AluminumCopper_Radiator.jpg to train/AluminumCopper_Radiator/ and all_by_ticket/MV7653/ using Direct Image Src
Uploaded MV7653_04_Yellow_Brass_Clean.jpg to val/Yellow_Brass_Clean/ and all_by_ticket/MV7653/ using Direct Image Src
Uploaded 5 image(s) for MV7653
Opening ticket MV7652...
Downloading images for MV7652...
Waiting for ticket detail for MV7652...
Found 7 ticket item card(s).
Uploaded MV7652_02_2_Copper.jpg to train/2_Copper/ and all_by_ticket/MV7652/ using Direct Image Src
Uploaded MV7652_01_1_Copper.jpg to val/1_Copper/ and all_by_ticket/MV7652/ using Direct Image Src
Uploaded MV7652_05_Electric_Motor.jpg to test/Electric_Motor/ and all_by_ticket/MV7652/ using Direct Image Src
Uploaded MV7652_03_Sheet_Aluminum.jpg to train/Sheet_Aluminum/ and all_by_ticket/MV7652/ using Direct Image Src
Uploaded MV7652_07_Low_Grade_Insulated_Wire.jpg to train/Low_Grade_Insulated_Wire/ and all_by_ticket/MV7652/ using Direct Image Src
Uploaded MV7652_06_Aluminum_Cans.jpg to train/Aluminum_Cans/ and all_by_ticket/MV7652/ using Direct Image Src
Uploaded MV7652_04_Compressors.jpg to train/Compressors/ and all_by_ticket/MV7652/ using Direct Image Src
Uploaded 7 image(s) for MV7652
Opening ticket MV7650...
Downloading images for MV7650...
Waiting for ticket detail for MV7650...
Found 2 ticket item card(s).
Uploaded MV7650_01_Yellow_Brass_Clean.jpg to train/Yellow_Brass_Clean/ and all_by_ticket/MV7650/ using Direct Image Src
Uploaded MV7650_02_Dirty_Brass.jpg to train/Dirty_Brass/ and all_by_ticket/MV7650/ using Direct Image Src
Uploaded 2 image(s) for MV7650
Opening ticket MV7649...
Downloading images for MV7649...
Waiting for ticket detail for MV7649...
Found 3 ticket item card(s).
Uploaded MV7649_01_Aluminum_Cans.jpg to train/Aluminum_Cans/ and all_by_ticket/MV7649/ using Direct Image Src
Uploaded MV7649_03_Aluminum_Rim_Clean.jpg to train/Aluminum_Rim_Clean/ and all_by_ticket/MV7649/ using Direct Image Src
Uploaded MV7649_02_Gutters_Siding.jpg to train/Gutters_Siding/ and all_by_ticket/MV7649/ using Direct Image Src
Uploaded 3 image(s) for MV7649
Opening ticket MV7648...
Downloading images for MV7648...
Waiting for ticket detail for MV7648...
Found 1 ticket item card(s).
Uploaded MV7648_01_Aluminum_Cans.jpg to train/Aluminum_Cans/ and all_by_ticket/MV7648/ using Direct Image Src
Uploaded 1 image(s) for MV7648
Opening ticket MV7647...
Downloading images for MV7647...
Waiting for ticket detail for MV7647...
Found 2 ticket item card(s).
Uploaded MV7647_01_Sheet_Iron.jpg to train/Sheet_Iron/ and all_by_ticket/MV7647/ using Direct Image Src
Uploaded MV7647_02_Sheet_Iron.jpg to train/Sheet_Iron/ and all_by_ticket/MV7647/ using Direct Image Src
Uploaded 2 image(s) for MV7647
Opening ticket MV7646...
Downloading images for MV7646...
Waiting for ticket detail for MV7646...
Found 8 ticket item card(s).
Uploaded MV7646_07_1_Copper.jpg to train/1_Copper/ and all_by_ticket/MV7646/ using Direct Image Src
Uploaded MV7646_05_Red_Brass.jpg to train/Red_Brass/ and all_by_ticket/MV7646/ using Direct Image Src
Uploaded MV7646_01_Irony_Aluminum.jpg to train/Irony_Aluminum/ and all_by_ticket/MV7646/ using Direct Image Src
Uploaded MV7646_06_Yellow_Brass_Clean.jpg to train/Yellow_Brass_Clean/ and all_by_ticket/MV7646/ using Direct Image Src
Uploaded MV7646_04_2_Copper.jpg to val/2_Copper/ and all_by_ticket/MV7646/ using Direct Image Src
Uploaded MV7646_02_Sheet_Aluminum.jpg to train/Sheet_Aluminum/ and all_by_ticket/MV7646/ using Direct Image Src
Uploaded MV7646_08_Low_Grade_Insulated_Wire.jpg to train/Low_Grade_Insulated_Wire/ and all_by_ticket/MV7646/ using Direct Image Src
Uploaded MV7646_03_AluminumCopper_Radiator.jpg to val/AluminumCopper_Radiator/ and all_by_ticket/MV7646/ using Direct Image Src
Uploaded 8 image(s) for MV7646
Pagination before click: 241 - 250 of 268
Pagination after click: 251 - 260 of 268

Processing results page 26...
Scraping ticket numbers from current page...
Waiting for search results...
Skipping ticket MV7661 due to status: CANCEL
Skipping ticket MV7660 due to status: CANCEL
Found 8 ticket(s) on this page after status filtering: ['MV7665', 'MV7664', 'MV7663', 'MV7662', 'MV7659', 'MV7658', 'MV7657', 'MV7656']
Opening ticket MV7665...
Downloading images for MV7665...
Waiting for ticket detail for MV7665...
Found 1 ticket item card(s).
No direct full-size image URL found for MV7665 item 1 (Test).
Skipping ticket MV7665: no usable image tasks found.
Uploaded 0 image(s) for MV7665
Opening ticket MV7664...
Downloading images for MV7664...
Waiting for ticket detail for MV7664...
Found 1 ticket item card(s).
Uploaded MV7664_01_Sheet_Iron.jpg to train/Sheet_Iron/ and all_by_ticket/MV7664/ using Direct Image Src
Uploaded 1 image(s) for MV7664
Opening ticket MV7663...
Downloading images for MV7663...
Waiting for ticket detail for MV7663...
Found 7 ticket item card(s).
Uploaded MV7663_01_1_Copper.jpg to train/1_Copper/ and all_by_ticket/MV7663/ using Direct Image Src
Uploaded MV7663_04_BareBright.jpg to test/BareBright/ and all_by_ticket/MV7663/ using Direct Image Src
Uploaded MV7663_07_Aluminum_Wire_Insulated.jpg to train/Aluminum_Wire_Insulated/ and all_by_ticket/MV7663/ using Direct Image Src
Uploaded MV7663_06_Romex.jpg to train/Romex/ and all_by_ticket/MV7663/ using Direct Image Src
Uploaded MV7663_02_2_Copper.jpg to train/2_Copper/ and all_by_ticket/MV7663/ using Direct Image Src
Uploaded MV7663_05_Sheet_Aluminum.jpg to train/Sheet_Aluminum/ and all_by_ticket/MV7663/ using Direct Image Src
Uploaded MV7663_03_Yellow_Brass_Clean.jpg to test/Yellow_Brass_Clean/ and all_by_ticket/MV7663/ using Direct Image Src
Uploaded 7 image(s) for MV7663
Opening ticket MV7662...
Downloading images for MV7662...
Waiting for ticket detail for MV7662...
Found 6 ticket item card(s).
Uploaded MV7662_03_Unclean_Extrusion.jpg to train/Unclean_Extrusion/ and all_by_ticket/MV7662/ using Direct Image Src
Uploaded MV7662_05_Yellow_Brass_Clean.jpg to test/Yellow_Brass_Clean/ and all_by_ticket/MV7662/ using Direct Image Src
Uploaded MV7662_02_2_Copper.jpg to train/2_Copper/ and all_by_ticket/MV7662/ using Direct Image Src
Uploaded MV7662_01_1_Copper.jpg to val/1_Copper/ and all_by_ticket/MV7662/ using Direct Image Src
Uploaded MV7662_06_Dirty_Brass.jpg to train/Dirty_Brass/ and all_by_ticket/MV7662/ using Direct Image Src
Uploaded MV7662_04_Romex.jpg to val/Romex/ and all_by_ticket/MV7662/ using Direct Image Src
Uploaded 6 image(s) for MV7662
Opening ticket MV7659...
Downloading images for MV7659...
Waiting for ticket detail for MV7659...
Found 5 ticket item card(s).
Uploaded MV7659_02_Aluminum_Wire_Clean_No_Insulation.jpg to val/Aluminum_Wire_Clean_No_Insulation/ and all_by_ticket/MV7659/ using Direct Image Src
Uploaded MV7659_03_Circuit_Board_Low_Grade.jpg to train/Circuit_Board_Low_Grade/ and all_by_ticket/MV7659/ using Direct Image Src
Uploaded MV7659_04_1_Copper.jpg to train/1_Copper/ and all_by_ticket/MV7659/ using Direct Image Src
Uploaded MV7659_01_Aluminum_Cans.jpg to train/Aluminum_Cans/ and all_by_ticket/MV7659/ using Direct Image Src
Uploaded MV7659_05_Aluminum_Wire_Clean_No_Insulation.jpg to test/Aluminum_Wire_Clean_No_Insulation/ and all_by_ticket/MV7659/ using Direct Image Src
Uploaded 5 image(s) for MV7659
Opening ticket MV7658...
Downloading images for MV7658...
Waiting for ticket detail for MV7658...
Found 5 ticket item card(s).
Uploaded MV7658_03_Low_Grade_Insulated_Wire.jpg to test/Low_Grade_Insulated_Wire/ and all_by_ticket/MV7658/ using Direct Image Src
Uploaded MV7658_04_Dirty_Brass.jpg to train/Dirty_Brass/ and all_by_ticket/MV7658/ using Direct Image Src
Uploaded MV7658_05_Sheet_Iron.jpg to test/Sheet_Iron/ and all_by_ticket/MV7658/ using Direct Image Src
Uploaded MV7658_02_Irony_Aluminum.jpg to train/Irony_Aluminum/ and all_by_ticket/MV7658/ using Direct Image Src
Uploaded MV7658_01_Sheet_Iron.jpg to train/Sheet_Iron/ and all_by_ticket/MV7658/ using Direct Image Src
Uploaded 5 image(s) for MV7658
Opening ticket MV7657...
Downloading images for MV7657...
Waiting for ticket detail for MV7657...
Found 4 ticket item card(s).
Uploaded MV7657_04_2_Copper.jpg to train/2_Copper/ and all_by_ticket/MV7657/ using Direct Image Src
Uploaded MV7657_01_Electric_Motor.jpg to train/Electric_Motor/ and all_by_ticket/MV7657/ using Direct Image Src
Uploaded MV7657_02_AluminumCopper_Radiator.jpg to train/AluminumCopper_Radiator/ and all_by_ticket/MV7657/ using Direct Image Src
Uploaded MV7657_03_DIECAST.jpg to test/DIECAST/ and all_by_ticket/MV7657/ using Direct Image Src
Uploaded 4 image(s) for MV7657
Opening ticket MV7656...
Downloading images for MV7656...
Waiting for ticket detail for MV7656...
Found 7 ticket item card(s).
Uploaded MV7656_05_Sheet_Aluminum.jpg to train/Sheet_Aluminum/ and all_by_ticket/MV7656/ using Direct Image Src
Uploaded MV7656_01_2_Insulated_Wire.jpg to train/2_Insulated_Wire/ and all_by_ticket/MV7656/ using Direct Image Src
Uploaded MV7656_03_1_Copper.jpg to train/1_Copper/ and all_by_ticket/MV7656/ using Direct Image Src
Uploaded MV7656_06_Sheet_Aluminum.jpg to train/Sheet_Aluminum/ and all_by_ticket/MV7656/ using Direct Image Src
Uploaded MV7656_07_Sheet_Iron.jpg to train/Sheet_Iron/ and all_by_ticket/MV7656/ using Direct Image Src
Uploaded MV7656_02_Irony_Aluminum.jpg to train/Irony_Aluminum/ and all_by_ticket/MV7656/ using Direct Image Src
Uploaded MV7656_04_Yellow_Brass_Clean.jpg to train/Yellow_Brass_Clean/ and all_by_ticket/MV7656/ using Direct Image Src
Uploaded 7 image(s) for MV7656
Pagination before click: 251 - 260 of 268
Pagination after click: 261 - 268 of 268

Processing results page 27...
Scraping ticket numbers from current page...
Waiting for search results...
Skipping ticket MV7671 due to status: CANCEL
Found 7 ticket(s) on this page after status filtering: ['MV7673', 'MV7672', 'MV7670', 'MV7669', 'MV7668', 'MV7667', 'MV7666']
Opening ticket MV7673...
Downloading images for MV7673...
Waiting for ticket detail for MV7673...
Found 1 ticket item card(s).
No direct full-size image URL found for MV7673 item 1 (Advance).
Skipping ticket MV7673: no usable image tasks found.
Uploaded 0 image(s) for MV7673
Opening ticket MV7672...
Downloading images for MV7672...
Waiting for ticket detail for MV7672...
Found 4 ticket item card(s).
Uploaded MV7672_03_2_Copper.jpg to train/2_Copper/ and all_by_ticket/MV7672/ using Direct Image Src
Uploaded MV7672_01_AluminumCopper_Radiator.jpg to train/AluminumCopper_Radiator/ and all_by_ticket/MV7672/ using Direct Image Src
Uploaded MV7672_04_Sheet_Iron.jpg to train/Sheet_Iron/ and all_by_ticket/MV7672/ using Direct Image Src
Uploaded MV7672_02_Low_Grade_Insulated_Wire.jpg to train/Low_Grade_Insulated_Wire/ and all_by_ticket/MV7672/ using Direct Image Src
Uploaded 4 image(s) for MV7672
Opening ticket MV7670...
Downloading images for MV7670...
Waiting for ticket detail for MV7670...
Found 1 ticket item card(s).
Uploaded MV7670_01_BareBright.jpg to train/BareBright/ and all_by_ticket/MV7670/ using Direct Image Src
Uploaded 1 image(s) for MV7670
Opening ticket MV7669...
Downloading images for MV7669...
Waiting for ticket detail for MV7669...
Found 3 ticket item card(s).
Uploaded MV7669_01_AluminumCopper_Radiator.jpg to test/AluminumCopper_Radiator/ and all_by_ticket/MV7669/ using Direct Image Src
Uploaded MV7669_03_Aluminum_Rim_Clean.jpg to train/Aluminum_Rim_Clean/ and all_by_ticket/MV7669/ using Direct Image Src
Uploaded MV7669_02_2_Copper.jpg to train/2_Copper/ and all_by_ticket/MV7669/ using Direct Image Src
Uploaded 3 image(s) for MV7669
Opening ticket MV7668...
Downloading images for MV7668...
Waiting for ticket detail for MV7668...
Found 1 ticket item card(s).
Uploaded MV7668_01_Yellow_Brass_Clean.jpg to train/Yellow_Brass_Clean/ and all_by_ticket/MV7668/ using Direct Image Src
Uploaded 1 image(s) for MV7668
Opening ticket MV7667...
Downloading images for MV7667...
Waiting for ticket detail for MV7667...
Found 1 ticket item card(s).
Uploaded MV7667_01_Aluminum_Rim_Clean.jpg to train/Aluminum_Rim_Clean/ and all_by_ticket/MV7667/ using Direct Image Src
Uploaded 1 image(s) for MV7667
Opening ticket MV7666...
Downloading images for MV7666...
Waiting for ticket detail for MV7666...
Found 6 ticket item card(s).
Uploaded MV7666_02_1_Insulated_Wire.jpg to train/1_Insulated_Wire/ and all_by_ticket/MV7666/ using Direct Image Src
Uploaded MV7666_04_2_Insulated_Wire.jpg to train/2_Insulated_Wire/ and all_by_ticket/MV7666/ using Direct Image Src
Uploaded MV7666_03_DIECAST.jpg to train/DIECAST/ and all_by_ticket/MV7666/ using Direct Image Src
Uploaded MV7666_01_BareBright.jpg to test/BareBright/ and all_by_ticket/MV7666/ using Direct Image Src
Uploaded MV7666_05_Aluminum_Wire_Insulated.jpg to train/Aluminum_Wire_Insulated/ and all_by_ticket/MV7666/ using Direct Image Src
Uploaded MV7666_06_Sheet_Iron.jpg to train/Sheet_Iron/ and all_by_ticket/MV7666/ using Direct Image Src
Uploaded 6 image(s) for MV7666
Reached last page.

Finished scraping and uploading images.
S3 bucket used: mvmr-scrapright-images-ojanama
Dataset structure used: train/<label>/, val/<label>/, test/<label>/, all_by_ticket/<ticket_number>/
Scraper returned cleanly.
Scraper finished with exit code 0. Stopping instance...
Stopping i-0cea2f3cf1a36acbb in us-east-2...
{
    "StoppingInstances": [
        {
            "InstanceId": "i-0cea2f3cf1a36acbb",
            "CurrentState": {
                "Code": 64,
                "Name": "stopping"
            },
            "PreviousState": {
                "Code": 16,
                "Name": "running"
            }
        }
    ]
}
