nohup: ignoring input
nohup: failed to run command 'python': No such file or directory
nohup: ignoring input
Resolved date range: 06/14/2026 -> 06/20/2026
Valid ticket prefixes: ['MV']
Logging into ScrapRight...
Login submitted.
Waiting for login to complete in the browser...
Login detected. Continuing automatically...
Opening TRANSACTIONS menu...
Selecting Date Range...
Date Range selected.
Filling date range: 06/14/2026 -> 06/20/2026
Start date entered: 06142026
End date entered:   06202026
Clicking search...

Processing results page 1...
Scraping ticket numbers from current page...
Waiting for search results...
Found 10 ticket(s) on this page after status filtering: ['MV5431', 'MV5430', 'MV5429', 'MV5428', 'MV5427', 'MV5426', 'MV5425', 'MV5424', 'MV5423', 'MV5422']
Opening ticket MV5431...
Downloading images for MV5431...
Waiting for ticket detail for MV5431...
Found 9 ticket item card(s).
Uploaded MV5431_05_Sheet_Iron.jpg to train/Sheet_Iron/ and all_by_ticket/MV5431/ using Direct Image Src
Uploaded MV5431_04_Sheet_Iron.jpg to test/Sheet_Iron/ and all_by_ticket/MV5431/ using Direct Image Src
Uploaded MV5431_07_Sheet_Iron.jpg to train/Sheet_Iron/ and all_by_ticket/MV5431/ using Direct Image Src
Uploaded MV5431_08_Sheet_Iron.jpg to train/Sheet_Iron/ and all_by_ticket/MV5431/ using Direct Image Src
Uploaded MV5431_03_Sheet_Iron.jpg to train/Sheet_Iron/ and all_by_ticket/MV5431/ using Direct Image Src
Uploaded MV5431_01_Sheet_Iron.jpg to train/Sheet_Iron/ and all_by_ticket/MV5431/ using Direct Image Src
Uploaded MV5431_02_Sheet_Iron.jpg to test/Sheet_Iron/ and all_by_ticket/MV5431/ using Direct Image Src
Uploaded MV5431_06_Sheet_Iron.jpg to train/Sheet_Iron/ and all_by_ticket/MV5431/ using Direct Image Src
Uploaded MV5431_09_Sheet_Iron.jpg to train/Sheet_Iron/ and all_by_ticket/MV5431/ using Direct Image Src
Uploaded 9 image(s) for MV5431
Opening ticket MV5430...
Downloading images for MV5430...
Waiting for ticket detail for MV5430...
Found 4 ticket item card(s).
Uploaded MV5430_01_Sealed_Units.jpg to train/Sealed_Units/ and all_by_ticket/MV5430/ using Direct Image Src
Uploaded MV5430_03_2_Copper.jpg to train/2_Copper/ and all_by_ticket/MV5430/ using Direct Image Src
Uploaded MV5430_04_1_Copper.jpg to train/1_Copper/ and all_by_ticket/MV5430/ using Direct Image Src
Uploaded MV5430_02_Auto_Batteries.jpg to train/Auto_Batteries/ and all_by_ticket/MV5430/ using Direct Image Src
Uploaded 4 image(s) for MV5430
Opening ticket MV5429...
Downloading images for MV5429...
Waiting for ticket detail for MV5429...
Found 3 ticket item card(s).
Uploaded MV5429_01_Gutters_Siding.jpg to train/Gutters_Siding/ and all_by_ticket/MV5429/ using Direct Image Src
Uploaded MV5429_03_Irony_Aluminum.jpg to train/Irony_Aluminum/ and all_by_ticket/MV5429/ using Direct Image Src
Uploaded MV5429_02_Extrusion.jpg to train/Extrusion/ and all_by_ticket/MV5429/ using Direct Image Src
Uploaded 3 image(s) for MV5429
Opening ticket MV5428...
Downloading images for MV5428...
Waiting for ticket detail for MV5428...
Found 3 ticket item card(s).
Uploaded MV5428_01_Sheet_Iron.jpg to train/Sheet_Iron/ and all_by_ticket/MV5428/ using Direct Image Src
Uploaded MV5428_03_2_Wire.jpg to train/2_Wire/ and all_by_ticket/MV5428/ using Direct Image Src
Uploaded MV5428_02_Circuit_Board_Low_Grade.jpg to train/Circuit_Board_Low_Grade/ and all_by_ticket/MV5428/ using Direct Image Src
Uploaded 3 image(s) for MV5428
Opening ticket MV5427...
Downloading images for MV5427...
Waiting for ticket detail for MV5427...
Found 7 ticket item card(s).
Uploaded MV5427_04_Sheet_Iron.jpg to train/Sheet_Iron/ and all_by_ticket/MV5427/ using Direct Image Src
Uploaded MV5427_07_Cast_Aluminum.jpg to train/Cast_Aluminum/ and all_by_ticket/MV5427/ using Direct Image Src
Uploaded MV5427_06_Extrusion.jpg to train/Extrusion/ and all_by_ticket/MV5427/ using Direct Image Src
Uploaded MV5427_03_Dirty_Brass.jpg to val/Dirty_Brass/ and all_by_ticket/MV5427/ using Direct Image Src
Uploaded MV5427_01_Gutters_Siding.jpg to train/Gutters_Siding/ and all_by_ticket/MV5427/ using Direct Image Src
Uploaded MV5427_02_1_Copper.jpg to train/1_Copper/ and all_by_ticket/MV5427/ using Direct Image Src
Uploaded MV5427_05_Unclean_Extrusion.jpg to train/Unclean_Extrusion/ and all_by_ticket/MV5427/ using Direct Image Src
Uploaded 7 image(s) for MV5427
Opening ticket MV5426...
Downloading images for MV5426...
Waiting for ticket detail for MV5426...
Found 1 ticket item card(s).
No direct full-size image URL found for MV5426 item 1 (Test).
Skipping ticket MV5426: no usable image tasks found.
Uploaded 0 image(s) for MV5426
Opening ticket MV5425...
Downloading images for MV5425...
Waiting for ticket detail for MV5425...
Found 10 ticket item card(s).
Uploaded MV5425_01_Cast_Aluminum.jpg to train/Cast_Aluminum/ and all_by_ticket/MV5425/ using Direct Image Src
Uploaded MV5425_03_2_Copper.jpg to train/2_Copper/ and all_by_ticket/MV5425/ using Direct Image Src
Uploaded MV5425_07_1_Wire.jpg to test/1_Wire/ and all_by_ticket/MV5425/ using Direct Image Src
Uploaded MV5425_02_Dirty_Brass.jpg to train/Dirty_Brass/ and all_by_ticket/MV5425/ using Direct Image Src
Uploaded MV5425_04_Yellow_Brass_Clean.jpg to val/Yellow_Brass_Clean/ and all_by_ticket/MV5425/ using Direct Image Src
Uploaded MV5425_05_Cast_Aluminum.jpg to train/Cast_Aluminum/ and all_by_ticket/MV5425/ using Direct Image Src
Uploaded MV5425_06_Dirty_Brass.jpg to train/Dirty_Brass/ and all_by_ticket/MV5425/ using Direct Image Src
Uploaded MV5425_08_2_Wire.jpg to val/2_Wire/ and all_by_ticket/MV5425/ using Direct Image Src
Uploaded MV5425_09_Cast_Aluminum.jpg to train/Cast_Aluminum/ and all_by_ticket/MV5425/ using Direct Image Src
Uploaded MV5425_10_Copper_Breakage.jpg to train/Copper_Breakage/ and all_by_ticket/MV5425/ using Direct Image Src
Uploaded 10 image(s) for MV5425
Opening ticket MV5424...
Downloading images for MV5424...
Waiting for ticket detail for MV5424...
Found 2 ticket item card(s).
Uploaded MV5424_01_Gutters_Siding.jpg to train/Gutters_Siding/ and all_by_ticket/MV5424/ using Direct Image Src
Uploaded MV5424_02_Gutters_Siding.jpg to train/Gutters_Siding/ and all_by_ticket/MV5424/ using Direct Image Src
Uploaded 2 image(s) for MV5424
Opening ticket MV5423...
Downloading images for MV5423...
Waiting for ticket detail for MV5423...
Found 5 ticket item card(s).
Uploaded MV5423_03_Sheet_Iron.jpg to train/Sheet_Iron/ and all_by_ticket/MV5423/ using Direct Image Src
Uploaded MV5423_02_Aluminum_Wire_Insulated.jpg to train/Aluminum_Wire_Insulated/ and all_by_ticket/MV5423/ using Direct Image Src
Uploaded MV5423_04_Sheet_Iron.jpg to train/Sheet_Iron/ and all_by_ticket/MV5423/ using Direct Image Src
Uploaded MV5423_01_Gutters_Siding.jpg to train/Gutters_Siding/ and all_by_ticket/MV5423/ using Direct Image Src
Uploaded MV5423_05_Sheet_Iron.jpg to val/Sheet_Iron/ and all_by_ticket/MV5423/ using Direct Image Src
Uploaded 5 image(s) for MV5423
Opening ticket MV5422...
Downloading images for MV5422...
Waiting for ticket detail for MV5422...
Found 1 ticket item card(s).
Uploaded MV5422_01_2_Copper.jpg to val/2_Copper/ and all_by_ticket/MV5422/ using Direct Image Src
Uploaded 1 image(s) for MV5422
Pagination before click: 1 - 10 of 271
Pagination after click: 11 - 20 of 271

Processing results page 2...
Scraping ticket numbers from current page...
Waiting for search results...
Found 10 ticket(s) on this page after status filtering: ['MV5441', 'MV5440', 'MV5439', 'MV5438', 'MV5437', 'MV5436', 'MV5435', 'MV5434', 'MV5433', 'MV5432']
Opening ticket MV5441...
Downloading images for MV5441...
Waiting for ticket detail for MV5441...
Found 1 ticket item card(s).
Uploaded MV5441_01_Sheet_Aluminum.jpg to test/Sheet_Aluminum/ and all_by_ticket/MV5441/ using Direct Image Src
Uploaded 1 image(s) for MV5441
Opening ticket MV5440...
Downloading images for MV5440...
Waiting for ticket detail for MV5440...
Found 1 ticket item card(s).
Uploaded MV5440_01_Aluminum_Rim_Clean.jpg to train/Aluminum_Rim_Clean/ and all_by_ticket/MV5440/ using Direct Image Src
Uploaded 1 image(s) for MV5440
Opening ticket MV5439...
Downloading images for MV5439...
Waiting for ticket detail for MV5439...
Found 4 ticket item card(s).
Uploaded MV5439_01_Aluminum_Rim_Clean.jpg to train/Aluminum_Rim_Clean/ and all_by_ticket/MV5439/ using Direct Image Src
Uploaded MV5439_03_Aluminum_Rim_Clean.jpg to val/Aluminum_Rim_Clean/ and all_by_ticket/MV5439/ using Direct Image Src
Uploaded MV5439_04_Chrome_Rims.jpg to train/Chrome_Rims/ and all_by_ticket/MV5439/ using Direct Image Src
Uploaded MV5439_02_Aluminum_Rim_Clean.jpg to train/Aluminum_Rim_Clean/ and all_by_ticket/MV5439/ using Direct Image Src
Uploaded 4 image(s) for MV5439
Opening ticket MV5438...
Downloading images for MV5438...
Waiting for ticket detail for MV5438...
Found 2 ticket item card(s).
Uploaded MV5438_01_Aluminum_Radiator.jpg to train/Aluminum_Radiator/ and all_by_ticket/MV5438/ using Direct Image Src
Uploaded MV5438_02_Sheet_Iron.jpg to train/Sheet_Iron/ and all_by_ticket/MV5438/ using Direct Image Src
Uploaded 2 image(s) for MV5438
Opening ticket MV5437...
Downloading images for MV5437...
Waiting for ticket detail for MV5437...
Found 4 ticket item card(s).
Uploaded MV5437_03_2_Copper.jpg to train/2_Copper/ and all_by_ticket/MV5437/ using Direct Image Src
Uploaded MV5437_01_AluminumCopper_Radiator.jpg to train/AluminumCopper_Radiator/ and all_by_ticket/MV5437/ using Direct Image Src
Uploaded MV5437_04_Dirty_Brass.jpg to train/Dirty_Brass/ and all_by_ticket/MV5437/ using Direct Image Src
Uploaded MV5437_02_Sheet_Iron.jpg to train/Sheet_Iron/ and all_by_ticket/MV5437/ using Direct Image Src
Uploaded 4 image(s) for MV5437
Opening ticket MV5436...
Downloading images for MV5436...
Waiting for ticket detail for MV5436...
Skipping ticket MV5436: no visible image cards detected after detail page stabilized.
Uploaded 0 image(s) for MV5436
Opening ticket MV5435...
Downloading images for MV5435...
Waiting for ticket detail for MV5435...
Found 1 ticket item card(s).
Uploaded MV5435_01_Sheet_Aluminum.jpg to val/Sheet_Aluminum/ and all_by_ticket/MV5435/ using Direct Image Src
Uploaded 1 image(s) for MV5435
Opening ticket MV5434...
Downloading images for MV5434...
Waiting for ticket detail for MV5434...
Found 5 ticket item card(s).
Uploaded MV5434_01_Aluminum_Wire_Insulated.jpg to train/Aluminum_Wire_Insulated/ and all_by_ticket/MV5434/ using Direct Image Src
Uploaded MV5434_02_1_Wire.jpg to train/1_Wire/ and all_by_ticket/MV5434/ using Direct Image Src
Uploaded MV5434_04_Romex.jpg to train/Romex/ and all_by_ticket/MV5434/ using Direct Image Src
Uploaded MV5434_03_BareBright.jpg to train/BareBright/ and all_by_ticket/MV5434/ using Direct Image Src
Uploaded MV5434_05_MC_Metal_Shield.jpg to test/MC_Metal_Shield/ and all_by_ticket/MV5434/ using Direct Image Src
Uploaded 5 image(s) for MV5434
Opening ticket MV5433...
Downloading images for MV5433...
Waiting for ticket detail for MV5433...
Found 2 ticket item card(s).
Uploaded MV5433_02_Dirty_Brass.jpg to train/Dirty_Brass/ and all_by_ticket/MV5433/ using Direct Image Src
Uploaded MV5433_01_Sheet_Iron.jpg to train/Sheet_Iron/ and all_by_ticket/MV5433/ using Direct Image Src
Uploaded 2 image(s) for MV5433
Opening ticket MV5432...
Downloading images for MV5432...
Waiting for ticket detail for MV5432...
Found 3 ticket item card(s).
Uploaded MV5432_01_Sheet_Iron.jpg to train/Sheet_Iron/ and all_by_ticket/MV5432/ using Direct Image Src
Uploaded MV5432_02_AluminumCopper_Radiator.jpg to test/AluminumCopper_Radiator/ and all_by_ticket/MV5432/ using Direct Image Src
Uploaded MV5432_03_Aluminum_Radiator.jpg to train/Aluminum_Radiator/ and all_by_ticket/MV5432/ using Direct Image Src
Uploaded 3 image(s) for MV5432
Pagination before click: 11 - 20 of 271
Pagination after click: 21 - 30 of 271

Processing results page 3...
Scraping ticket numbers from current page...
Waiting for search results...
Found 10 ticket(s) on this page after status filtering: ['MV5451', 'MV5450', 'MV5449', 'MV5448', 'MV5447', 'MV5446', 'MV5445', 'MV5444', 'MV5443', 'MV5442']
Opening ticket MV5451...
Downloading images for MV5451...
Waiting for ticket detail for MV5451...
Found 1 ticket item card(s).
Uploaded MV5451_01_Aluminum_Cans.jpg to train/Aluminum_Cans/ and all_by_ticket/MV5451/ using Direct Image Src
Uploaded 1 image(s) for MV5451
Opening ticket MV5450...
Downloading images for MV5450...
Waiting for ticket detail for MV5450...
Found 2 ticket item card(s).
Uploaded MV5450_01_1_Copper.jpg to train/1_Copper/ and all_by_ticket/MV5450/ using Direct Image Src
Uploaded MV5450_02_BareBright.jpg to train/BareBright/ and all_by_ticket/MV5450/ using Direct Image Src
Uploaded 2 image(s) for MV5450
Opening ticket MV5449...
Downloading images for MV5449...
Waiting for ticket detail for MV5449...
Found 8 ticket item card(s).
Uploaded MV5449_01_Sheet_Iron.jpg to train/Sheet_Iron/ and all_by_ticket/MV5449/ using Direct Image Src
Uploaded MV5449_02_2_Wire.jpg to train/2_Wire/ and all_by_ticket/MV5449/ using Direct Image Src
Uploaded MV5449_03_Irony_Aluminum.jpg to train/Irony_Aluminum/ and all_by_ticket/MV5449/ using Direct Image Src
Uploaded MV5449_04_Irony_ACR_Radiators.jpg to train/Irony_ACR_Radiators/ and all_by_ticket/MV5449/ using Direct Image Src
Uploaded MV5449_08_2_Copper.jpg to train/2_Copper/ and all_by_ticket/MV5449/ using Direct Image Src
Uploaded MV5449_05_Sealed_Units.jpg to train/Sealed_Units/ and all_by_ticket/MV5449/ using Direct Image Src
Uploaded MV5449_06_Electric_Motor.jpg to train/Electric_Motor/ and all_by_ticket/MV5449/ using Direct Image Src
Uploaded MV5449_07_Transformer.jpg to val/Transformer/ and all_by_ticket/MV5449/ using Direct Image Src
Uploaded 8 image(s) for MV5449
Opening ticket MV5448...
Downloading images for MV5448...
Waiting for ticket detail for MV5448...
Found 6 ticket item card(s).
Uploaded MV5448_03_Yellow_Brass_Clean.jpg to train/Yellow_Brass_Clean/ and all_by_ticket/MV5448/ using Direct Image Src
Uploaded MV5448_01_2_Wire.jpg to train/2_Wire/ and all_by_ticket/MV5448/ using Direct Image Src
Uploaded MV5448_04_Cast_Aluminum.jpg to train/Cast_Aluminum/ and all_by_ticket/MV5448/ using Direct Image Src
Uploaded MV5448_02_1_Copper.jpg to train/1_Copper/ and all_by_ticket/MV5448/ using Direct Image Src
Uploaded MV5448_06_Christmas_Lights.jpg to train/Christmas_Lights/ and all_by_ticket/MV5448/ using Direct Image Src
Uploaded MV5448_05_Irony_Aluminum.jpg to train/Irony_Aluminum/ and all_by_ticket/MV5448/ using Direct Image Src
Uploaded 6 image(s) for MV5448
Opening ticket MV5447...
Downloading images for MV5447...
Waiting for ticket detail for MV5447...
Found 10 ticket item card(s).
Uploaded MV5447_01_Sheet_Iron.jpg to train/Sheet_Iron/ and all_by_ticket/MV5447/ using Direct Image Src
Uploaded MV5447_04_Cast_Aluminum.jpg to train/Cast_Aluminum/ and all_by_ticket/MV5447/ using Direct Image Src
Uploaded MV5447_08_2_Copper.jpg to test/2_Copper/ and all_by_ticket/MV5447/ using Direct Image Src
Uploaded MV5447_06_AluminumCopper_Radiator.jpg to train/AluminumCopper_Radiator/ and all_by_ticket/MV5447/ using Direct Image Src
Uploaded MV5447_03_Sheet_Iron.jpg to train/Sheet_Iron/ and all_by_ticket/MV5447/ using Direct Image Src
Uploaded MV5447_07_Unclean_Extrusion.jpg to val/Unclean_Extrusion/ and all_by_ticket/MV5447/ using Direct Image Src
Uploaded MV5447_05_Irony_SS.jpg to train/Irony_SS/ and all_by_ticket/MV5447/ using Direct Image Src
Uploaded MV5447_02_Cat_56.jpg to train/Cat_56/ and all_by_ticket/MV5447/ using Direct Image Src
Uploaded MV5447_09_Yellow_Brass_Clean.jpg to test/Yellow_Brass_Clean/ and all_by_ticket/MV5447/ using Direct Image Src
Uploaded MV5447_10_Sheet_Copper.jpg to train/Sheet_Copper/ and all_by_ticket/MV5447/ using Direct Image Src
Uploaded 10 image(s) for MV5447
Opening ticket MV5446...
Downloading images for MV5446...
Waiting for ticket detail for MV5446...
Found 2 ticket item card(s).
Uploaded MV5446_02_Sheet_Aluminum.jpg to val/Sheet_Aluminum/ and all_by_ticket/MV5446/ using Direct Image Src
Uploaded MV5446_01_Extrusion.jpg to train/Extrusion/ and all_by_ticket/MV5446/ using Direct Image Src
Uploaded 2 image(s) for MV5446
Opening ticket MV5445...
Downloading images for MV5445...
Waiting for ticket detail for MV5445...
Found 5 ticket item card(s).
Uploaded MV5445_02_Acr_Radiator_Ends.jpg to train/Acr_Radiator_Ends/ and all_by_ticket/MV5445/ using Direct Image Src
Uploaded MV5445_04_Sheet_Iron.jpg to train/Sheet_Iron/ and all_by_ticket/MV5445/ using Direct Image Src
Uploaded MV5445_01_AluminumCopper_Radiator.jpg to train/AluminumCopper_Radiator/ and all_by_ticket/MV5445/ using Direct Image Src
Uploaded MV5445_03_2_Copper.jpg to train/2_Copper/ and all_by_ticket/MV5445/ using Direct Image Src
Uploaded MV5445_05_Sheet_Iron.jpg to train/Sheet_Iron/ and all_by_ticket/MV5445/ using Direct Image Src
Uploaded 5 image(s) for MV5445
Opening ticket MV5444...
Downloading images for MV5444...
Waiting for ticket detail for MV5444...
Found 1 ticket item card(s).
Uploaded MV5444_01_2_Copper.jpg to test/2_Copper/ and all_by_ticket/MV5444/ using Direct Image Src
Uploaded 1 image(s) for MV5444
Opening ticket MV5443...
Downloading images for MV5443...
Waiting for ticket detail for MV5443...
Found 6 ticket item card(s).
Uploaded MV5443_01_1_Copper.jpg to train/1_Copper/ and all_by_ticket/MV5443/ using Direct Image Src
Uploaded MV5443_03_Sheet_Iron.jpg to train/Sheet_Iron/ and all_by_ticket/MV5443/ using Direct Image Src
Uploaded MV5443_02_2_Copper.jpg to train/2_Copper/ and all_by_ticket/MV5443/ using Direct Image Src
Uploaded MV5443_04_Yellow_Brass_Clean.jpg to val/Yellow_Brass_Clean/ and all_by_ticket/MV5443/ using Direct Image Src
Uploaded MV5443_06_Yellow_Brass_Clean.jpg to train/Yellow_Brass_Clean/ and all_by_ticket/MV5443/ using Direct Image Src
Uploaded MV5443_05_Dirty_Brass.jpg to train/Dirty_Brass/ and all_by_ticket/MV5443/ using Direct Image Src
Uploaded 6 image(s) for MV5443
Opening ticket MV5442...
Downloading images for MV5442...
Waiting for ticket detail for MV5442...
Found 2 ticket item card(s).
Uploaded MV5442_01_Extrusion.jpg to train/Extrusion/ and all_by_ticket/MV5442/ using Direct Image Src
Uploaded MV5442_02_Sheet_Iron.jpg to train/Sheet_Iron/ and all_by_ticket/MV5442/ using Direct Image Src
Uploaded 2 image(s) for MV5442
Pagination before click: 21 - 30 of 271
Pagination after click: 31 - 40 of 271

Processing results page 4...
Scraping ticket numbers from current page...
Waiting for search results...
Found 10 ticket(s) on this page after status filtering: ['MV5461', 'MV5460', 'MV5459', 'MV5458', 'MV5457', 'MV5456', 'MV5455', 'MV5454', 'MV5453', 'MV5452']
Opening ticket MV5461...
Downloading images for MV5461...
Waiting for ticket detail for MV5461...
Found 1 ticket item card(s).
Uploaded MV5461_01_Catalytic_Converters.jpg to train/Catalytic_Converters/ and all_by_ticket/MV5461/ using Direct Image Src
Uploaded 1 image(s) for MV5461
Opening ticket MV5460...
Downloading images for MV5460...
Waiting for ticket detail for MV5460...
Found 1 ticket item card(s).
Uploaded MV5460_01_2_Copper.jpg to train/2_Copper/ and all_by_ticket/MV5460/ using Direct Image Src
Uploaded 1 image(s) for MV5460
Opening ticket MV5459...
Downloading images for MV5459...
Waiting for ticket detail for MV5459...
Found 2 ticket item card(s).
Uploaded MV5459_01_BareBright.jpg to train/BareBright/ and all_by_ticket/MV5459/ using Direct Image Src
Uploaded MV5459_02_BareBright.jpg to train/BareBright/ and all_by_ticket/MV5459/ using Direct Image Src
Uploaded 2 image(s) for MV5459
Opening ticket MV5458...
Downloading images for MV5458...
Waiting for ticket detail for MV5458...
Found 1 ticket item card(s).
Uploaded MV5458_01_Aluminum_Cans.jpg to train/Aluminum_Cans/ and all_by_ticket/MV5458/ using Direct Image Src
Uploaded 1 image(s) for MV5458
Opening ticket MV5457...
Downloading images for MV5457...
Waiting for ticket detail for MV5457...
Found 6 ticket item card(s).
Uploaded MV5457_01_Sheet_Iron.jpg to train/Sheet_Iron/ and all_by_ticket/MV5457/ using Direct Image Src
Uploaded MV5457_02_Sheet_Iron.jpg to train/Sheet_Iron/ and all_by_ticket/MV5457/ using Direct Image Src
Uploaded MV5457_05_Sheet_Iron.jpg to train/Sheet_Iron/ and all_by_ticket/MV5457/ using Direct Image Src
Uploaded MV5457_04_Low_Grade.jpg to train/Low_Grade/ and all_by_ticket/MV5457/ using Direct Image Src
Uploaded MV5457_06_Misc_Electronic_Scrap.jpg to train/Misc_Electronic_Scrap/ and all_by_ticket/MV5457/ using Direct Image Src
Uploaded MV5457_03_Sheet_Iron.jpg to test/Sheet_Iron/ and all_by_ticket/MV5457/ using Direct Image Src
Uploaded 6 image(s) for MV5457
Opening ticket MV5456...
Downloading images for MV5456...
Waiting for ticket detail for MV5456...
Found 5 ticket item card(s).
Uploaded MV5456_03_Sheet_Iron.jpg to train/Sheet_Iron/ and all_by_ticket/MV5456/ using Direct Image Src
Uploaded MV5456_01_Sheet_Iron.jpg to train/Sheet_Iron/ and all_by_ticket/MV5456/ using Direct Image Src
Uploaded MV5456_02_Sheet_Iron.jpg to train/Sheet_Iron/ and all_by_ticket/MV5456/ using Direct Image Src
Uploaded MV5456_05_Sheet_Iron.jpg to train/Sheet_Iron/ and all_by_ticket/MV5456/ using Direct Image Src
Uploaded MV5456_04_Sheet_Iron.jpg to test/Sheet_Iron/ and all_by_ticket/MV5456/ using Direct Image Src
Uploaded 5 image(s) for MV5456
Opening ticket MV5455...
Downloading images for MV5455...
Waiting for ticket detail for MV5455...
Found 1 ticket item card(s).
Uploaded MV5455_01_Compressors.jpg to train/Compressors/ and all_by_ticket/MV5455/ using Direct Image Src
Uploaded 1 image(s) for MV5455
Opening ticket MV5454...
Downloading images for MV5454...
Waiting for ticket detail for MV5454...
Found 1 ticket item card(s).
Uploaded MV5454_01_Aluminum_Cans.jpg to train/Aluminum_Cans/ and all_by_ticket/MV5454/ using Direct Image Src
Uploaded 1 image(s) for MV5454
Opening ticket MV5453...
Downloading images for MV5453...
Waiting for ticket detail for MV5453...
Found 1 ticket item card(s).
Uploaded MV5453_01_Aluminum_Cans.jpg to train/Aluminum_Cans/ and all_by_ticket/MV5453/ using Direct Image Src
Uploaded 1 image(s) for MV5453
Opening ticket MV5452...
Downloading images for MV5452...
Waiting for ticket detail for MV5452...
Found 5 ticket item card(s).
Uploaded MV5452_01_Irony_Aluminum.jpg to train/Irony_Aluminum/ and all_by_ticket/MV5452/ using Direct Image Src
Uploaded MV5452_05_Dirty_Brass.jpg to train/Dirty_Brass/ and all_by_ticket/MV5452/ using Direct Image Src
Uploaded MV5452_03_BareBright.jpg to train/BareBright/ and all_by_ticket/MV5452/ using Direct Image Src
Uploaded MV5452_02_2_Copper.jpg to train/2_Copper/ and all_by_ticket/MV5452/ using Direct Image Src
Uploaded MV5452_04_1_Wire.jpg to train/1_Wire/ and all_by_ticket/MV5452/ using Direct Image Src
Uploaded 5 image(s) for MV5452
Pagination before click: 31 - 40 of 271
Pagination after click: 41 - 50 of 271

Processing results page 5...
Scraping ticket numbers from current page...
Waiting for search results...
Found 10 ticket(s) on this page after status filtering: ['MV5471', 'MV5470', 'MV5469', 'MV5468', 'MV5467', 'MV5466', 'MV5465', 'MV5464', 'MV5463', 'MV5462']
Opening ticket MV5471...
Downloading images for MV5471...
Waiting for ticket detail for MV5471...
Found 9 ticket item card(s).
Uploaded MV5471_04_AluminumCopper_Radiator.jpg to train/AluminumCopper_Radiator/ and all_by_ticket/MV5471/ using Direct Image Src
Uploaded MV5471_01_Sheet_Iron.jpg to train/Sheet_Iron/ and all_by_ticket/MV5471/ using Direct Image Src
Uploaded MV5471_02_Gutters_Siding.jpg to train/Gutters_Siding/ and all_by_ticket/MV5471/ using Direct Image Src
Uploaded MV5471_03_Irony_SS.jpg to train/Irony_SS/ and all_by_ticket/MV5471/ using Direct Image Src
Uploaded MV5471_05_Irony_Aluminum.jpg to train/Irony_Aluminum/ and all_by_ticket/MV5471/ using Direct Image Src
Uploaded MV5471_09_2_Copper.jpg to val/2_Copper/ and all_by_ticket/MV5471/ using Direct Image Src
Uploaded MV5471_08_Electric_Motor.jpg to train/Electric_Motor/ and all_by_ticket/MV5471/ using Direct Image Src
Uploaded MV5471_06_1_Wire.jpg to train/1_Wire/ and all_by_ticket/MV5471/ using Direct Image Src
Uploaded MV5471_07_Electric_Motor.jpg to train/Electric_Motor/ and all_by_ticket/MV5471/ using Direct Image Src
Uploaded 9 image(s) for MV5471
Opening ticket MV5470...
Downloading images for MV5470...
Waiting for ticket detail for MV5470...
Found 1 ticket item card(s).
Uploaded MV5470_01_Aluminum_Cans.jpg to test/Aluminum_Cans/ and all_by_ticket/MV5470/ using Direct Image Src
Uploaded 1 image(s) for MV5470
Opening ticket MV5469...
Downloading images for MV5469...
Waiting for ticket detail for MV5469...
Found 1 ticket item card(s).
Uploaded MV5469_01_Sheet_Iron.jpg to train/Sheet_Iron/ and all_by_ticket/MV5469/ using Direct Image Src
Uploaded 1 image(s) for MV5469
Opening ticket MV5468...
Downloading images for MV5468...
Waiting for ticket detail for MV5468...
Found 2 ticket item card(s).
Uploaded MV5468_02_Sheet_Iron.jpg to train/Sheet_Iron/ and all_by_ticket/MV5468/ using Direct Image Src
Uploaded MV5468_01_Sheet_Copper.jpg to test/Sheet_Copper/ and all_by_ticket/MV5468/ using Direct Image Src
Uploaded 2 image(s) for MV5468
Opening ticket MV5467...
Downloading images for MV5467...
Waiting for ticket detail for MV5467...
Found 4 ticket item card(s).
Uploaded MV5467_01_AluminumCopper_Radiator.jpg to train/AluminumCopper_Radiator/ and all_by_ticket/MV5467/ using Direct Image Src
Uploaded MV5467_04_2_Copper.jpg to train/2_Copper/ and all_by_ticket/MV5467/ using Direct Image Src
Uploaded MV5467_03_Acr_Radiator_Ends.jpg to test/Acr_Radiator_Ends/ and all_by_ticket/MV5467/ using Direct Image Src
Uploaded MV5467_02_Aluminum_Radiator.jpg to train/Aluminum_Radiator/ and all_by_ticket/MV5467/ using Direct Image Src
Uploaded 4 image(s) for MV5467
Opening ticket MV5466...
Downloading images for MV5466...
Waiting for ticket detail for MV5466...
Found 1 ticket item card(s).
Uploaded MV5466_01_BareBright.jpg to train/BareBright/ and all_by_ticket/MV5466/ using Direct Image Src
Uploaded 1 image(s) for MV5466
Opening ticket MV5465...
Downloading images for MV5465...
Waiting for ticket detail for MV5465...
Found 1 ticket item card(s).
Uploaded MV5465_01_Sheet_Iron.jpg to train/Sheet_Iron/ and all_by_ticket/MV5465/ using Direct Image Src
Uploaded 1 image(s) for MV5465
Opening ticket MV5464...
Downloading images for MV5464...
Waiting for ticket detail for MV5464...
Found 11 ticket item card(s).
Uploaded MV5464_04_Cast_Aluminum.jpg to test/Cast_Aluminum/ and all_by_ticket/MV5464/ using Direct Image Src
Uploaded MV5464_01_Sheet_Iron.jpg to train/Sheet_Iron/ and all_by_ticket/MV5464/ using Direct Image Src
Uploaded MV5464_03_Christmas_Lights.jpg to train/Christmas_Lights/ and all_by_ticket/MV5464/ using Direct Image Src
Uploaded MV5464_02_AluminumCopper_Radiator.jpg to train/AluminumCopper_Radiator/ and all_by_ticket/MV5464/ using Direct Image Src
Uploaded MV5464_11_Dirty_Brass.jpg to train/Dirty_Brass/ and all_by_ticket/MV5464/ using Direct Image Src
Uploaded MV5464_09_2_Wire.jpg to train/2_Wire/ and all_by_ticket/MV5464/ using Direct Image Src
Uploaded MV5464_10_Ballast.jpg to train/Ballast/ and all_by_ticket/MV5464/ using Direct Image Src
Uploaded MV5464_06_Aluminum_Wire_Insulated.jpg to train/Aluminum_Wire_Insulated/ and all_by_ticket/MV5464/ using Direct Image Src
Uploaded MV5464_08_2_Copper.jpg to train/2_Copper/ and all_by_ticket/MV5464/ using Direct Image Src
Uploaded MV5464_07_Irony_SS.jpg to train/Irony_SS/ and all_by_ticket/MV5464/ using Direct Image Src
Uploaded MV5464_05_Sheet_Aluminum.jpg to train/Sheet_Aluminum/ and all_by_ticket/MV5464/ using Direct Image Src
Uploaded 11 image(s) for MV5464
Opening ticket MV5463...
Downloading images for MV5463...
Waiting for ticket detail for MV5463...
Found 1 ticket item card(s).
No direct full-size image URL found for MV5463 item 1 (Cat 5/6).
Skipping ticket MV5463: no usable image tasks found.
Uploaded 0 image(s) for MV5463
Opening ticket MV5462...
Downloading images for MV5462...
Waiting for ticket detail for MV5462...
Found 4 ticket item card(s).
Uploaded MV5462_01_2_Wire.jpg to train/2_Wire/ and all_by_ticket/MV5462/ using Direct Image Src
Uploaded MV5462_04_Sheet_Iron.jpg to train/Sheet_Iron/ and all_by_ticket/MV5462/ using Direct Image Src
Uploaded MV5462_02_Romex.jpg to val/Romex/ and all_by_ticket/MV5462/ using Direct Image Src
Uploaded MV5462_03_Cast_Aluminum.jpg to train/Cast_Aluminum/ and all_by_ticket/MV5462/ using Direct Image Src
Uploaded 4 image(s) for MV5462
Pagination before click: 41 - 50 of 271
Pagination after click: 51 - 60 of 271

Processing results page 6...
Scraping ticket numbers from current page...
Waiting for search results...
Skipping ticket MV5479 due to status: VOID
Skipping ticket MV5473 due to status: VOID
Found 8 ticket(s) on this page after status filtering: ['MV5481', 'MV5480', 'MV5478', 'MV5477', 'MV5476', 'MV5475', 'MV5474', 'MV5472']
Opening ticket MV5481...
Downloading images for MV5481...
Waiting for ticket detail for MV5481...
Skipping ticket MV5481: no visible image cards detected after detail page stabilized.
Uploaded 0 image(s) for MV5481
Opening ticket MV5480...
Downloading images for MV5480...
Waiting for ticket detail for MV5480...
Found 1 ticket item card(s).
No direct full-size image URL found for MV5480 item 1 (Test).
Skipping ticket MV5480: no usable image tasks found.
Uploaded 0 image(s) for MV5480
Opening ticket MV5478...
Downloading images for MV5478...
Waiting for ticket detail for MV5478...
Found 2 ticket item card(s).
Uploaded MV5478_02_2_Copper.jpg to train/2_Copper/ and all_by_ticket/MV5478/ using Direct Image Src
Uploaded MV5478_01_Sealed_Units.jpg to train/Sealed_Units/ and all_by_ticket/MV5478/ using Direct Image Src
Uploaded 2 image(s) for MV5478
Opening ticket MV5477...
Downloading images for MV5477...
Waiting for ticket detail for MV5477...
Found 3 ticket item card(s).
Uploaded MV5477_02_1_Copper.jpg to train/1_Copper/ and all_by_ticket/MV5477/ using Direct Image Src
Uploaded MV5477_01_BareBright.jpg to train/BareBright/ and all_by_ticket/MV5477/ using Direct Image Src
Uploaded MV5477_03_2_Copper.jpg to train/2_Copper/ and all_by_ticket/MV5477/ using Direct Image Src
Uploaded 3 image(s) for MV5477
Opening ticket MV5476...
Downloading images for MV5476...
Waiting for ticket detail for MV5476...
Found 1 ticket item card(s).
Uploaded MV5476_01_Sheet_Iron.jpg to train/Sheet_Iron/ and all_by_ticket/MV5476/ using Direct Image Src
Uploaded 1 image(s) for MV5476
Opening ticket MV5475...
Downloading images for MV5475...
Waiting for ticket detail for MV5475...
Found 9 ticket item card(s).
Uploaded MV5475_03_Irony_Aluminum.jpg to train/Irony_Aluminum/ and all_by_ticket/MV5475/ using Direct Image Src
Uploaded MV5475_02_Extrusion.jpg to train/Extrusion/ and all_by_ticket/MV5475/ using Direct Image Src
Uploaded MV5475_01_Sheet_Iron.jpg to train/Sheet_Iron/ and all_by_ticket/MV5475/ using Direct Image Src
Uploaded MV5475_09_Low_Grade.jpg to train/Low_Grade/ and all_by_ticket/MV5475/ using Direct Image Src
Uploaded MV5475_06_Yellow_Brass_Clean.jpg to train/Yellow_Brass_Clean/ and all_by_ticket/MV5475/ using Direct Image Src
Uploaded MV5475_05_Dirty_Brass.jpg to train/Dirty_Brass/ and all_by_ticket/MV5475/ using Direct Image Src
Uploaded MV5475_04_Irony_SS.jpg to train/Irony_SS/ and all_by_ticket/MV5475/ using Direct Image Src
Uploaded MV5475_08_2_Copper.jpg to train/2_Copper/ and all_by_ticket/MV5475/ using Direct Image Src
Uploaded MV5475_07_BareBright.jpg to train/BareBright/ and all_by_ticket/MV5475/ using Direct Image Src
Uploaded 9 image(s) for MV5475
Opening ticket MV5474...
Downloading images for MV5474...
Waiting for ticket detail for MV5474...
Found 4 ticket item card(s).
Uploaded MV5474_04_Sheet_Aluminum.jpg to train/Sheet_Aluminum/ and all_by_ticket/MV5474/ using Direct Image Src
Uploaded MV5474_01_Yellow_Brass_Clean.jpg to train/Yellow_Brass_Clean/ and all_by_ticket/MV5474/ using Direct Image Src
Uploaded MV5474_02_2_Copper.jpg to train/2_Copper/ and all_by_ticket/MV5474/ using Direct Image Src
Uploaded MV5474_03_Sheet_Iron.jpg to train/Sheet_Iron/ and all_by_ticket/MV5474/ using Direct Image Src
Uploaded 4 image(s) for MV5474
Opening ticket MV5472...
Downloading images for MV5472...
Waiting for ticket detail for MV5472...
Found 5 ticket item card(s).
Uploaded MV5472_04_Dirty_Brass.jpg to train/Dirty_Brass/ and all_by_ticket/MV5472/ using Direct Image Src
Uploaded MV5472_02_2_Copper.jpg to train/2_Copper/ and all_by_ticket/MV5472/ using Direct Image Src
Uploaded MV5472_01_1_Copper.jpg to train/1_Copper/ and all_by_ticket/MV5472/ using Direct Image Src
Uploaded MV5472_03_Yellow_Brass_Clean.jpg to val/Yellow_Brass_Clean/ and all_by_ticket/MV5472/ using Direct Image Src
Uploaded MV5472_05_Aluminum_Radiator.jpg to train/Aluminum_Radiator/ and all_by_ticket/MV5472/ using Direct Image Src
Uploaded 5 image(s) for MV5472
Pagination before click: 51 - 60 of 271
Pagination after click: 61 - 70 of 271

Processing results page 7...
Scraping ticket numbers from current page...
Waiting for search results...
Found 10 ticket(s) on this page after status filtering: ['MV5491', 'MV5490', 'MV5489', 'MV5488', 'MV5487', 'MV5486', 'MV5485', 'MV5484', 'MV5483', 'MV5482']
Opening ticket MV5491...
Downloading images for MV5491...
Waiting for ticket detail for MV5491...
Found 7 ticket item card(s).
Uploaded MV5491_04_2_Wire.jpg to train/2_Wire/ and all_by_ticket/MV5491/ using Direct Image Src
Uploaded MV5491_02_2_Copper.jpg to train/2_Copper/ and all_by_ticket/MV5491/ using Direct Image Src
Uploaded MV5491_07_304.jpg to train/304/ and all_by_ticket/MV5491/ using Direct Image Src
Uploaded MV5491_03_1_Wire.jpg to train/1_Wire/ and all_by_ticket/MV5491/ using Direct Image Src
Uploaded MV5491_05_Christmas_Lights.jpg to train/Christmas_Lights/ and all_by_ticket/MV5491/ using Direct Image Src
Uploaded MV5491_01_BareBright.jpg to test/BareBright/ and all_by_ticket/MV5491/ using Direct Image Src
Uploaded MV5491_06_Cast_Aluminum.jpg to test/Cast_Aluminum/ and all_by_ticket/MV5491/ using Direct Image Src
Uploaded 7 image(s) for MV5491
Opening ticket MV5490...
Downloading images for MV5490...
Waiting for ticket detail for MV5490...
Found 1 ticket item card(s).
Uploaded MV5490_01_Aluminum_Cans.jpg to train/Aluminum_Cans/ and all_by_ticket/MV5490/ using Direct Image Src
Uploaded 1 image(s) for MV5490
Opening ticket MV5489...
Downloading images for MV5489...
Waiting for ticket detail for MV5489...
Found 1 ticket item card(s).
Uploaded MV5489_01_Irony_Aluminum.jpg to test/Irony_Aluminum/ and all_by_ticket/MV5489/ using Direct Image Src
Uploaded 1 image(s) for MV5489
Opening ticket MV5488...
Downloading images for MV5488...
Waiting for ticket detail for MV5488...
Found 1 ticket item card(s).
Uploaded MV5488_01_Sheet_Iron.jpg to train/Sheet_Iron/ and all_by_ticket/MV5488/ using Direct Image Src
Uploaded 1 image(s) for MV5488
Opening ticket MV5487...
Downloading images for MV5487...
Waiting for ticket detail for MV5487...
Found 2 ticket item card(s).
Uploaded MV5487_02_BareBright.jpg to train/BareBright/ and all_by_ticket/MV5487/ using Direct Image Src
Uploaded MV5487_01_Sheet_Iron.jpg to train/Sheet_Iron/ and all_by_ticket/MV5487/ using Direct Image Src
Uploaded 2 image(s) for MV5487
Opening ticket MV5486...
Downloading images for MV5486...
Waiting for ticket detail for MV5486...
Found 1 ticket item card(s).
Uploaded MV5486_01_Extrusion.jpg to val/Extrusion/ and all_by_ticket/MV5486/ using Direct Image Src
Uploaded 1 image(s) for MV5486
Opening ticket MV5485...
Downloading images for MV5485...
Waiting for ticket detail for MV5485...
Found 9 ticket item card(s).
Uploaded MV5485_02_Dirty_Brass.jpg to train/Dirty_Brass/ and all_by_ticket/MV5485/ using Direct Image Src
Uploaded MV5485_01_Irony_Aluminum.jpg to train/Irony_Aluminum/ and all_by_ticket/MV5485/ using Direct Image Src
Uploaded MV5485_09_2_Wire.jpg to train/2_Wire/ and all_by_ticket/MV5485/ using Direct Image Src
Uploaded MV5485_03_2_Wire.jpg to train/2_Wire/ and all_by_ticket/MV5485/ using Direct Image Src
Uploaded MV5485_06_Yellow_Brass_Clean.jpg to train/Yellow_Brass_Clean/ and all_by_ticket/MV5485/ using Direct Image Src
Uploaded MV5485_08_1_Wire.jpg to train/1_Wire/ and all_by_ticket/MV5485/ using Direct Image Src
Uploaded MV5485_04_Sheet_Iron.jpg to train/Sheet_Iron/ and all_by_ticket/MV5485/ using Direct Image Src
Uploaded MV5485_05_2_Copper.jpg to train/2_Copper/ and all_by_ticket/MV5485/ using Direct Image Src
Uploaded MV5485_07_1_Wire.jpg to train/1_Wire/ and all_by_ticket/MV5485/ using Direct Image Src
Uploaded 9 image(s) for MV5485
Opening ticket MV5484...
Downloading images for MV5484...
Waiting for ticket detail for MV5484...
Found 4 ticket item card(s).
Uploaded MV5484_02_Sheet_Iron.jpg to train/Sheet_Iron/ and all_by_ticket/MV5484/ using Direct Image Src
Uploaded MV5484_01_2_Wire.jpg to train/2_Wire/ and all_by_ticket/MV5484/ using Direct Image Src
Uploaded MV5484_04_2_Copper.jpg to train/2_Copper/ and all_by_ticket/MV5484/ using Direct Image Src
Uploaded MV5484_03_Sheet_Iron.jpg to train/Sheet_Iron/ and all_by_ticket/MV5484/ using Direct Image Src
Uploaded 4 image(s) for MV5484
Opening ticket MV5483...
Downloading images for MV5483...
Waiting for ticket detail for MV5483...
Found 1 ticket item card(s).
Uploaded MV5483_01_Irony_Aluminum.jpg to train/Irony_Aluminum/ and all_by_ticket/MV5483/ using Direct Image Src
Uploaded 1 image(s) for MV5483
Opening ticket MV5482...
Downloading images for MV5482...
Waiting for ticket detail for MV5482...
Found 1 ticket item card(s).
Uploaded MV5482_01_Sheet_Iron.jpg to train/Sheet_Iron/ and all_by_ticket/MV5482/ using Direct Image Src
Uploaded 1 image(s) for MV5482
Pagination before click: 61 - 70 of 271
Pagination after click: 71 - 80 of 271

Processing results page 8...
Scraping ticket numbers from current page...
Waiting for search results...
Skipping ticket MV5495 due to status: CANCEL
Found 9 ticket(s) on this page after status filtering: ['MV5501', 'MV5500', 'MV5499', 'MV5498', 'MV5497', 'MV5496', 'MV5494', 'MV5493', 'MV5492']
Opening ticket MV5501...
Downloading images for MV5501...
Waiting for ticket detail for MV5501...
Found 7 ticket item card(s).
Uploaded MV5501_02_Yellow_Brass_Clean.jpg to train/Yellow_Brass_Clean/ and all_by_ticket/MV5501/ using Direct Image Src
Uploaded MV5501_01_Starter.jpg to train/Starter/ and all_by_ticket/MV5501/ using Direct Image Src
Uploaded MV5501_05_Irony_Aluminum.jpg to test/Irony_Aluminum/ and all_by_ticket/MV5501/ using Direct Image Src
Uploaded MV5501_03_Dirty_Brass.jpg to train/Dirty_Brass/ and all_by_ticket/MV5501/ using Direct Image Src
Uploaded MV5501_07_Electric_Motor.jpg to train/Electric_Motor/ and all_by_ticket/MV5501/ using Direct Image Src
Uploaded MV5501_06_Cast_Aluminum.jpg to train/Cast_Aluminum/ and all_by_ticket/MV5501/ using Direct Image Src
Uploaded MV5501_04_Sheet_Iron.jpg to train/Sheet_Iron/ and all_by_ticket/MV5501/ using Direct Image Src
Uploaded 7 image(s) for MV5501
Opening ticket MV5500...
Downloading images for MV5500...
Waiting for ticket detail for MV5500...
Found 2 ticket item card(s).
Uploaded MV5500_02_MC_Metal_Shield.jpg to train/MC_Metal_Shield/ and all_by_ticket/MV5500/ using Direct Image Src
Uploaded MV5500_01_Aluminum_Wire_Insulated.jpg to train/Aluminum_Wire_Insulated/ and all_by_ticket/MV5500/ using Direct Image Src
Uploaded 2 image(s) for MV5500
Opening ticket MV5499...
Downloading images for MV5499...
Waiting for ticket detail for MV5499...
Found 1 ticket item card(s).
Uploaded MV5499_01_Unclean_Extrusion.jpg to train/Unclean_Extrusion/ and all_by_ticket/MV5499/ using Direct Image Src
Uploaded 1 image(s) for MV5499
Opening ticket MV5498...
Downloading images for MV5498...
Waiting for ticket detail for MV5498...
Found 1 ticket item card(s).
No direct full-size image URL found for MV5498 item 1 (Test).
Skipping ticket MV5498: no usable image tasks found.
Uploaded 0 image(s) for MV5498
Opening ticket MV5497...
Downloading images for MV5497...
Waiting for ticket detail for MV5497...
Found 7 ticket item card(s).
Uploaded MV5497_06_Sheet_Iron.jpg to train/Sheet_Iron/ and all_by_ticket/MV5497/ using Direct Image Src
Uploaded MV5497_04_Cat_56.jpg to val/Cat_56/ and all_by_ticket/MV5497/ using Direct Image Src
Uploaded MV5497_05_Circuit_Board_High_Grade.jpg to train/Circuit_Board_High_Grade/ and all_by_ticket/MV5497/ using Direct Image Src
Uploaded MV5497_07_2_Wire.jpg to train/2_Wire/ and all_by_ticket/MV5497/ using Direct Image Src
Uploaded MV5497_03_Motor_Cast_Rotors.jpg to train/Motor_Cast_Rotors/ and all_by_ticket/MV5497/ using Direct Image Src
Uploaded MV5497_01_Aluminum_Radiator.jpg to train/Aluminum_Radiator/ and all_by_ticket/MV5497/ using Direct Image Src
Uploaded MV5497_02_Aluminum_Rim_Clean.jpg to train/Aluminum_Rim_Clean/ and all_by_ticket/MV5497/ using Direct Image Src
Uploaded 7 image(s) for MV5497
Opening ticket MV5496...
Downloading images for MV5496...
Waiting for ticket detail for MV5496...
Found 3 ticket item card(s).
Uploaded MV5496_01_Dirty_Brass.jpg to train/Dirty_Brass/ and all_by_ticket/MV5496/ using Direct Image Src
Uploaded MV5496_02_2_Copper.jpg to train/2_Copper/ and all_by_ticket/MV5496/ using Direct Image Src
Uploaded MV5496_03_Sheet_Iron.jpg to train/Sheet_Iron/ and all_by_ticket/MV5496/ using Direct Image Src
Uploaded 3 image(s) for MV5496
Opening ticket MV5494...
Downloading images for MV5494...
Waiting for ticket detail for MV5494...
Found 4 ticket item card(s).
Uploaded MV5494_03_1_Wire.jpg to train/1_Wire/ and all_by_ticket/MV5494/ using Direct Image Src
Uploaded MV5494_01_2_Copper.jpg to val/2_Copper/ and all_by_ticket/MV5494/ using Direct Image Src
Uploaded MV5494_02_Copper_Breakage.jpg to train/Copper_Breakage/ and all_by_ticket/MV5494/ using Direct Image Src
Uploaded MV5494_04_Dirty_Brass.jpg to train/Dirty_Brass/ and all_by_ticket/MV5494/ using Direct Image Src
Uploaded 4 image(s) for MV5494
Opening ticket MV5493...
Downloading images for MV5493...
Waiting for ticket detail for MV5493...
Found 3 ticket item card(s).
Uploaded MV5493_02_Yellow_Brass_Clean.jpg to train/Yellow_Brass_Clean/ and all_by_ticket/MV5493/ using Direct Image Src
Uploaded MV5493_03_2_Copper.jpg to train/2_Copper/ and all_by_ticket/MV5493/ using Direct Image Src
Uploaded MV5493_01_AluminumCopper_Radiator.jpg to train/AluminumCopper_Radiator/ and all_by_ticket/MV5493/ using Direct Image Src
Uploaded 3 image(s) for MV5493
Opening ticket MV5492...
Downloading images for MV5492...
Waiting for ticket detail for MV5492...
Found 4 ticket item card(s).
Uploaded MV5492_02_Dirty_Brass.jpg to train/Dirty_Brass/ and all_by_ticket/MV5492/ using Direct Image Src
Uploaded MV5492_04_Irony_Aluminum.jpg to train/Irony_Aluminum/ and all_by_ticket/MV5492/ using Direct Image Src
Uploaded MV5492_01_Sheet_Iron.jpg to train/Sheet_Iron/ and all_by_ticket/MV5492/ using Direct Image Src
Uploaded MV5492_03_Sheet_Iron.jpg to val/Sheet_Iron/ and all_by_ticket/MV5492/ using Direct Image Src
Uploaded 4 image(s) for MV5492
Pagination before click: 71 - 80 of 271
Pagination after click: 81 - 90 of 271

Processing results page 9...
Scraping ticket numbers from current page...
Waiting for search results...
Found 10 ticket(s) on this page after status filtering: ['MV5511', 'MV5510', 'MV5509', 'MV5508', 'MV5507', 'MV5506', 'MV5505', 'MV5504', 'MV5503', 'MV5502']
Opening ticket MV5511...
Downloading images for MV5511...
Waiting for ticket detail for MV5511...
Found 1 ticket item card(s).
Uploaded MV5511_01_Unclean_Extrusion.jpg to train/Unclean_Extrusion/ and all_by_ticket/MV5511/ using Direct Image Src
Uploaded 1 image(s) for MV5511
Opening ticket MV5510...
Downloading images for MV5510...
Waiting for ticket detail for MV5510...
Found 8 ticket item card(s).
Uploaded MV5510_03_AluminumCopper_Radiator.jpg to train/AluminumCopper_Radiator/ and all_by_ticket/MV5510/ using Direct Image Src
Uploaded MV5510_02_Auto_Batteries.jpg to train/Auto_Batteries/ and all_by_ticket/MV5510/ using Direct Image Src
Uploaded MV5510_01_Irony_Aluminum_Radiators.jpg to train/Irony_Aluminum_Radiators/ and all_by_ticket/MV5510/ using Direct Image Src
Uploaded MV5510_04_Irony_Aluminum.jpg to train/Irony_Aluminum/ and all_by_ticket/MV5510/ using Direct Image Src
Uploaded MV5510_06_Irony_Aluminum.jpg to train/Irony_Aluminum/ and all_by_ticket/MV5510/ using Direct Image Src
Uploaded MV5510_05_Irony_Aluminum.jpg to train/Irony_Aluminum/ and all_by_ticket/MV5510/ using Direct Image Src
Uploaded MV5510_08_Aluminum_Cans.jpg to train/Aluminum_Cans/ and all_by_ticket/MV5510/ using Direct Image Src
Uploaded MV5510_07_Irony_Aluminum.jpg to train/Irony_Aluminum/ and all_by_ticket/MV5510/ using Direct Image Src
Uploaded 8 image(s) for MV5510
Opening ticket MV5509...
Downloading images for MV5509...
Waiting for ticket detail for MV5509...
Found 2 ticket item card(s).
Uploaded MV5509_02_Sheet_Iron.jpg to train/Sheet_Iron/ and all_by_ticket/MV5509/ using Direct Image Src
Uploaded MV5509_01_Sheet_Iron.jpg to train/Sheet_Iron/ and all_by_ticket/MV5509/ using Direct Image Src
Uploaded 2 image(s) for MV5509
Opening ticket MV5508...
Downloading images for MV5508...
Waiting for ticket detail for MV5508...
Found 1 ticket item card(s).
Uploaded MV5508_01_Gutters_Siding.jpg to val/Gutters_Siding/ and all_by_ticket/MV5508/ using Direct Image Src
Uploaded 1 image(s) for MV5508
Opening ticket MV5507...
Downloading images for MV5507...
Waiting for ticket detail for MV5507...
Found 10 ticket item card(s).
Uploaded MV5507_01_Sheet_Iron.jpg to train/Sheet_Iron/ and all_by_ticket/MV5507/ using Direct Image Src
Uploaded MV5507_05_Sheet_Iron.jpg to val/Sheet_Iron/ and all_by_ticket/MV5507/ using Direct Image Src
Uploaded MV5507_08_Unclean_Extrusion.jpg to test/Unclean_Extrusion/ and all_by_ticket/MV5507/ using Direct Image Src
Uploaded MV5507_03_Irony_SS.jpg to train/Irony_SS/ and all_by_ticket/MV5507/ using Direct Image Src
Uploaded MV5507_04_2_Copper.jpg to train/2_Copper/ and all_by_ticket/MV5507/ using Direct Image Src
Uploaded MV5507_06_2_Insulated_Wire.jpg to train/2_Insulated_Wire/ and all_by_ticket/MV5507/ using Direct Image Src
Uploaded MV5507_02_Yellow_Brass_Clean.jpg to train/Yellow_Brass_Clean/ and all_by_ticket/MV5507/ using Direct Image Src
Uploaded MV5507_07_Sheet_Iron.jpg to train/Sheet_Iron/ and all_by_ticket/MV5507/ using Direct Image Src
Uploaded MV5507_09_Misc_Electronic_Scrap.jpg to train/Misc_Electronic_Scrap/ and all_by_ticket/MV5507/ using Direct Image Src
Uploaded MV5507_10_Circuit_Board_Mid_Grade.jpg to train/Circuit_Board_Mid_Grade/ and all_by_ticket/MV5507/ using Direct Image Src
Uploaded 10 image(s) for MV5507
Opening ticket MV5506...
Downloading images for MV5506...
Waiting for ticket detail for MV5506...
Found 1 ticket item card(s).
Uploaded MV5506_01_Aluminum_Rim_Clean.jpg to train/Aluminum_Rim_Clean/ and all_by_ticket/MV5506/ using Direct Image Src
Uploaded 1 image(s) for MV5506
Opening ticket MV5505...
Downloading images for MV5505...
Waiting for ticket detail for MV5505...
Found 1 ticket item card(s).
Uploaded MV5505_01_Sealed_Units.jpg to test/Sealed_Units/ and all_by_ticket/MV5505/ using Direct Image Src
Uploaded 1 image(s) for MV5505
Opening ticket MV5504...
Downloading images for MV5504...
Waiting for ticket detail for MV5504...
Found 1 ticket item card(s).
Uploaded MV5504_01_Auto_Batteries.jpg to train/Auto_Batteries/ and all_by_ticket/MV5504/ using Direct Image Src
Uploaded 1 image(s) for MV5504
Opening ticket MV5503...
Downloading images for MV5503...
Waiting for ticket detail for MV5503...
Found 1 ticket item card(s).
Uploaded MV5503_01_1_Copper.jpg to train/1_Copper/ and all_by_ticket/MV5503/ using Direct Image Src
Uploaded 1 image(s) for MV5503
Opening ticket MV5502...
Downloading images for MV5502...
Waiting for ticket detail for MV5502...
Found 1 ticket item card(s).
Uploaded MV5502_01_Chrome_Rims.jpg to val/Chrome_Rims/ and all_by_ticket/MV5502/ using Direct Image Src
Uploaded 1 image(s) for MV5502
Pagination before click: 81 - 90 of 271
Pagination after click: 91 - 100 of 271

Processing results page 10...
Scraping ticket numbers from current page...
Waiting for search results...
Found 10 ticket(s) on this page after status filtering: ['MV5521', 'MV5520', 'MV5519', 'MV5518', 'MV5517', 'MV5516', 'MV5515', 'MV5514', 'MV5513', 'MV5512']
Opening ticket MV5521...
Downloading images for MV5521...
Waiting for ticket detail for MV5521...
Found 1 ticket item card(s).
Uploaded MV5521_01_Sheet_Iron.jpg to train/Sheet_Iron/ and all_by_ticket/MV5521/ using Direct Image Src
Uploaded 1 image(s) for MV5521
Opening ticket MV5520...
Downloading images for MV5520...
Waiting for ticket detail for MV5520...
Found 4 ticket item card(s).
Uploaded MV5520_01_Auto_Batteries.jpg to test/Auto_Batteries/ and all_by_ticket/MV5520/ using Direct Image Src
Uploaded MV5520_03_Dirty_Brass.jpg to train/Dirty_Brass/ and all_by_ticket/MV5520/ using Direct Image Src
Uploaded MV5520_04_Sheet_Iron.jpg to train/Sheet_Iron/ and all_by_ticket/MV5520/ using Direct Image Src
Uploaded MV5520_02_2_Copper.jpg to train/2_Copper/ and all_by_ticket/MV5520/ using Direct Image Src
Uploaded 4 image(s) for MV5520
Opening ticket MV5519...
Downloading images for MV5519...
Waiting for ticket detail for MV5519...
Found 1 ticket item card(s).
No direct full-size image URL found for MV5519 item 1 (Test).
Skipping ticket MV5519: no usable image tasks found.
Uploaded 0 image(s) for MV5519
Opening ticket MV5518...
Downloading images for MV5518...
Waiting for ticket detail for MV5518...
Found 6 ticket item card(s).
Uploaded MV5518_03_Dirty_Brass.jpg to train/Dirty_Brass/ and all_by_ticket/MV5518/ using Direct Image Src
Uploaded MV5518_02_1_Copper.jpg to train/1_Copper/ and all_by_ticket/MV5518/ using Direct Image Src
Uploaded MV5518_01_Sheet_Aluminum.jpg to train/Sheet_Aluminum/ and all_by_ticket/MV5518/ using Direct Image Src
Uploaded MV5518_04_Electric_Motor.jpg to val/Electric_Motor/ and all_by_ticket/MV5518/ using Direct Image Src
Uploaded MV5518_06_Aluminum_Cans.jpg to train/Aluminum_Cans/ and all_by_ticket/MV5518/ using Direct Image Src
Uploaded MV5518_05_2_Insulated_Wire.jpg to train/2_Insulated_Wire/ and all_by_ticket/MV5518/ using Direct Image Src
Uploaded 6 image(s) for MV5518
Opening ticket MV5517...
Downloading images for MV5517...
Waiting for ticket detail for MV5517...
Found 1 ticket item card(s).
No direct full-size image URL found for MV5517 item 1 (Test).
Skipping ticket MV5517: no usable image tasks found.
Uploaded 0 image(s) for MV5517
Opening ticket MV5516...
Downloading images for MV5516...
Waiting for ticket detail for MV5516...
Found 5 ticket item card(s).
Uploaded MV5516_01_Complete_PC.jpg to train/Complete_PC/ and all_by_ticket/MV5516/ using Direct Image Src
Uploaded MV5516_02_Complete_PC.jpg to train/Complete_PC/ and all_by_ticket/MV5516/ using Direct Image Src
Uploaded MV5516_03_Sheet_Iron.jpg to train/Sheet_Iron/ and all_by_ticket/MV5516/ using Direct Image Src
Uploaded MV5516_05_Sheet_Iron.jpg to train/Sheet_Iron/ and all_by_ticket/MV5516/ using Direct Image Src
Uploaded MV5516_04_Sheet_Iron.jpg to val/Sheet_Iron/ and all_by_ticket/MV5516/ using Direct Image Src
Uploaded 5 image(s) for MV5516
Opening ticket MV5515...
Downloading images for MV5515...
Waiting for ticket detail for MV5515...
Found 10 ticket item card(s).
Uploaded MV5515_02_Sheet_Aluminum.jpg to train/Sheet_Aluminum/ and all_by_ticket/MV5515/ using Direct Image Src
Uploaded MV5515_01_Sheet_Iron.jpg to train/Sheet_Iron/ and all_by_ticket/MV5515/ using Direct Image Src
Uploaded MV5515_05_2_Copper.jpg to train/2_Copper/ and all_by_ticket/MV5515/ using Direct Image Src
Uploaded MV5515_04_Electric_Motor.jpg to val/Electric_Motor/ and all_by_ticket/MV5515/ using Direct Image Src
Uploaded MV5515_09_AluminumCopper_Radiator.jpg to train/AluminumCopper_Radiator/ and all_by_ticket/MV5515/ using Direct Image Src
Uploaded MV5515_10_Aluminum_Radiator.jpg to train/Aluminum_Radiator/ and all_by_ticket/MV5515/ using Direct Image Src
Uploaded MV5515_06_Cat_56.jpg to train/Cat_56/ and all_by_ticket/MV5515/ using Direct Image Src
Uploaded MV5515_03_Irony_Aluminum.jpg to train/Irony_Aluminum/ and all_by_ticket/MV5515/ using Direct Image Src
Uploaded MV5515_07_Yellow_Brass_Clean.jpg to train/Yellow_Brass_Clean/ and all_by_ticket/MV5515/ using Direct Image Src
Uploaded MV5515_08_Dirty_Brass.jpg to train/Dirty_Brass/ and all_by_ticket/MV5515/ using Direct Image Src
Uploaded 10 image(s) for MV5515
Opening ticket MV5514...
Downloading images for MV5514...
Waiting for ticket detail for MV5514...
Found 4 ticket item card(s).
Uploaded MV5514_02_Aluminum_Cans.jpg to train/Aluminum_Cans/ and all_by_ticket/MV5514/ using Direct Image Src
Uploaded MV5514_01_Sheet_Iron.jpg to train/Sheet_Iron/ and all_by_ticket/MV5514/ using Direct Image Src
Uploaded MV5514_03_Sheet_Aluminum.jpg to train/Sheet_Aluminum/ and all_by_ticket/MV5514/ using Direct Image Src
Uploaded MV5514_04_Extrusion.jpg to train/Extrusion/ and all_by_ticket/MV5514/ using Direct Image Src
Uploaded 4 image(s) for MV5514
Opening ticket MV5513...
Downloading images for MV5513...
Waiting for ticket detail for MV5513...
Found 1 ticket item card(s).
Uploaded MV5513_01_Auto_Batteries.jpg to train/Auto_Batteries/ and all_by_ticket/MV5513/ using Direct Image Src
Uploaded 1 image(s) for MV5513
Opening ticket MV5512...
Downloading images for MV5512...
Waiting for ticket detail for MV5512...
Found 3 ticket item card(s).
Uploaded MV5512_03_Aluminum_Radiator.jpg to train/Aluminum_Radiator/ and all_by_ticket/MV5512/ using Direct Image Src
Uploaded MV5512_02_Dirty_Brass.jpg to train/Dirty_Brass/ and all_by_ticket/MV5512/ using Direct Image Src
Uploaded MV5512_01_Cat_56.jpg to train/Cat_56/ and all_by_ticket/MV5512/ using Direct Image Src
Uploaded 3 image(s) for MV5512
Pagination before click: 91 - 100 of 271
Pagination after click: 101 - 110 of 271

Processing results page 11...
Scraping ticket numbers from current page...
Waiting for search results...
Skipping ticket MV5524 due to status: VOID
Skipping ticket MV5523 due to status: VOID
Found 8 ticket(s) on this page after status filtering: ['MV5531', 'MV5530', 'MV5529', 'MV5528', 'MV5527', 'MV5526', 'MV5525', 'MV5522']
Opening ticket MV5531...
Downloading images for MV5531...
Waiting for ticket detail for MV5531...
Found 5 ticket item card(s).
Uploaded MV5531_03_2_Copper.jpg to train/2_Copper/ and all_by_ticket/MV5531/ using Direct Image Src
Uploaded MV5531_02_Freight_Charge.jpg to train/Freight_Charge/ and all_by_ticket/MV5531/ using Direct Image Src
Uploaded MV5531_04_BareBright.jpg to train/BareBright/ and all_by_ticket/MV5531/ using Direct Image Src
Uploaded MV5531_01_Sealed_Units.jpg to val/Sealed_Units/ and all_by_ticket/MV5531/ using Direct Image Src
Uploaded MV5531_05_Aluminum_Wire_Insulated.jpg to val/Aluminum_Wire_Insulated/ and all_by_ticket/MV5531/ using Direct Image Src
Uploaded 5 image(s) for MV5531
Opening ticket MV5530...
Downloading images for MV5530...
Waiting for ticket detail for MV5530...
Found 3 ticket item card(s).
Uploaded MV5530_01_Aluminum_Cans.jpg to val/Aluminum_Cans/ and all_by_ticket/MV5530/ using Direct Image Src
Uploaded MV5530_02_BareBright.jpg to train/BareBright/ and all_by_ticket/MV5530/ using Direct Image Src
Uploaded MV5530_03_2_Insulated_Wire.jpg to train/2_Insulated_Wire/ and all_by_ticket/MV5530/ using Direct Image Src
Uploaded 3 image(s) for MV5530
Opening ticket MV5529...
Downloading images for MV5529...
Waiting for ticket detail for MV5529...
Found 1 ticket item card(s).
Uploaded MV5529_01_Dirty_Brass.jpg to train/Dirty_Brass/ and all_by_ticket/MV5529/ using Direct Image Src
Uploaded 1 image(s) for MV5529
Opening ticket MV5528...
Downloading images for MV5528...
Waiting for ticket detail for MV5528...
Found 2 ticket item card(s).
Uploaded MV5528_01_Sheet_Aluminum.jpg to test/Sheet_Aluminum/ and all_by_ticket/MV5528/ using Direct Image Src
Uploaded MV5528_02_Extrusion.jpg to train/Extrusion/ and all_by_ticket/MV5528/ using Direct Image Src
Uploaded 2 image(s) for MV5528
Opening ticket MV5527...
Downloading images for MV5527...
Waiting for ticket detail for MV5527...
Found 4 ticket item card(s).
Uploaded MV5527_03_Yellow_Brass_Clean.jpg to train/Yellow_Brass_Clean/ and all_by_ticket/MV5527/ using Direct Image Src
Uploaded MV5527_01_AluminumCopper_Radiator.jpg to test/AluminumCopper_Radiator/ and all_by_ticket/MV5527/ using Direct Image Src
Uploaded MV5527_04_Sealed_Units.jpg to train/Sealed_Units/ and all_by_ticket/MV5527/ using Direct Image Src
Uploaded MV5527_02_2_Copper.jpg to train/2_Copper/ and all_by_ticket/MV5527/ using Direct Image Src
Uploaded 4 image(s) for MV5527
Opening ticket MV5526...
Downloading images for MV5526...
Waiting for ticket detail for MV5526...
Found 1 ticket item card(s).
Uploaded MV5526_01_BareBright.jpg to train/BareBright/ and all_by_ticket/MV5526/ using Direct Image Src
Uploaded 1 image(s) for MV5526
Opening ticket MV5525...
Downloading images for MV5525...
Waiting for ticket detail for MV5525...
Found 5 ticket item card(s).
Uploaded MV5525_01_Sheet_Aluminum.jpg to train/Sheet_Aluminum/ and all_by_ticket/MV5525/ using Direct Image Src
Uploaded MV5525_04_Sheet_Aluminum.jpg to val/Sheet_Aluminum/ and all_by_ticket/MV5525/ using Direct Image Src
Uploaded MV5525_03_2_Copper.jpg to train/2_Copper/ and all_by_ticket/MV5525/ using Direct Image Src
Uploaded MV5525_02_Sheet_Iron.jpg to test/Sheet_Iron/ and all_by_ticket/MV5525/ using Direct Image Src
Uploaded MV5525_05_Cast_Aluminum.jpg to train/Cast_Aluminum/ and all_by_ticket/MV5525/ using Direct Image Src
Uploaded 5 image(s) for MV5525
Opening ticket MV5522...
Downloading images for MV5522...
Waiting for ticket detail for MV5522...
Found 2 ticket item card(s).
Uploaded MV5522_01_Sheet_Iron.jpg to train/Sheet_Iron/ and all_by_ticket/MV5522/ using Direct Image Src
Uploaded MV5522_02_Sheet_Iron.jpg to test/Sheet_Iron/ and all_by_ticket/MV5522/ using Direct Image Src
Uploaded 2 image(s) for MV5522
Pagination before click: 101 - 110 of 271
Pagination after click: 111 - 120 of 271

Processing results page 12...
Scraping ticket numbers from current page...
Waiting for search results...
Skipping ticket MV5536 due to status: CANCEL
Skipping ticket MV5535 due to status: VOID
Found 8 ticket(s) on this page after status filtering: ['MV5541', 'MV5540', 'MV5539', 'MV5538', 'MV5537', 'MV5534', 'MV5533', 'MV5532']
Opening ticket MV5541...
Downloading images for MV5541...
Waiting for ticket detail for MV5541...
Found 1 ticket item card(s).
Uploaded MV5541_01_Sheet_Iron.jpg to test/Sheet_Iron/ and all_by_ticket/MV5541/ using Direct Image Src
Uploaded 1 image(s) for MV5541
Opening ticket MV5540...
Downloading images for MV5540...
Waiting for ticket detail for MV5540...
Found 1 ticket item card(s).
Uploaded MV5540_01_Aluminum_Cans.jpg to train/Aluminum_Cans/ and all_by_ticket/MV5540/ using Direct Image Src
Uploaded 1 image(s) for MV5540
Opening ticket MV5539...
Downloading images for MV5539...
Waiting for ticket detail for MV5539...
Found 3 ticket item card(s).
Uploaded MV5539_02_Yellow_Brass_Clean.jpg to test/Yellow_Brass_Clean/ and all_by_ticket/MV5539/ using Direct Image Src
Uploaded MV5539_03_2_Insulated_Wire.jpg to train/2_Insulated_Wire/ and all_by_ticket/MV5539/ using Direct Image Src
Uploaded MV5539_01_2_Copper.jpg to train/2_Copper/ and all_by_ticket/MV5539/ using Direct Image Src
Uploaded 3 image(s) for MV5539
Opening ticket MV5538...
Downloading images for MV5538...
Waiting for ticket detail for MV5538...
Found 4 ticket item card(s).
Uploaded MV5538_03_Low_Grade_Insulated_Wire.jpg to train/Low_Grade_Insulated_Wire/ and all_by_ticket/MV5538/ using Direct Image Src
Uploaded MV5538_04_2_Copper.jpg to train/2_Copper/ and all_by_ticket/MV5538/ using Direct Image Src
Uploaded MV5538_02_1_Insulated_Wire.jpg to train/1_Insulated_Wire/ and all_by_ticket/MV5538/ using Direct Image Src
Uploaded MV5538_01_BareBright.jpg to train/BareBright/ and all_by_ticket/MV5538/ using Direct Image Src
Uploaded 4 image(s) for MV5538
Opening ticket MV5537...
Downloading images for MV5537...
Waiting for ticket detail for MV5537...
Found 1 ticket item card(s).
Uploaded MV5537_01_Aluminum_Cans.jpg to train/Aluminum_Cans/ and all_by_ticket/MV5537/ using Direct Image Src
Uploaded 1 image(s) for MV5537
Opening ticket MV5534...
Downloading images for MV5534...
Waiting for ticket detail for MV5534...
Found 3 ticket item card(s).
Uploaded MV5534_03_Cast_Aluminum.jpg to val/Cast_Aluminum/ and all_by_ticket/MV5534/ using Direct Image Src
Uploaded MV5534_01_2_Copper.jpg to train/2_Copper/ and all_by_ticket/MV5534/ using Direct Image Src
Uploaded MV5534_02_Yellow_Brass_Clean.jpg to train/Yellow_Brass_Clean/ and all_by_ticket/MV5534/ using Direct Image Src
Uploaded 3 image(s) for MV5534
Opening ticket MV5533...
Downloading images for MV5533...
Waiting for ticket detail for MV5533...
Found 1 ticket item card(s).
Uploaded MV5533_01_2_Copper.jpg to train/2_Copper/ and all_by_ticket/MV5533/ using Direct Image Src
Uploaded 1 image(s) for MV5533
Opening ticket MV5532...
Downloading images for MV5532...
Waiting for ticket detail for MV5532...
Found 4 ticket item card(s).
Uploaded MV5532_04_Irony_Aluminum.jpg to train/Irony_Aluminum/ and all_by_ticket/MV5532/ using Direct Image Src
Uploaded MV5532_03_2_Insulated_Wire.jpg to train/2_Insulated_Wire/ and all_by_ticket/MV5532/ using Direct Image Src
Uploaded MV5532_02_1_Copper.jpg to train/1_Copper/ and all_by_ticket/MV5532/ using Direct Image Src
Uploaded MV5532_01_1_Insulated_Wire.jpg to train/1_Insulated_Wire/ and all_by_ticket/MV5532/ using Direct Image Src
Uploaded 4 image(s) for MV5532
Pagination before click: 111 - 120 of 271
Pagination after click: 121 - 130 of 271

Processing results page 13...
Scraping ticket numbers from current page...
Waiting for search results...
Skipping ticket MV5548 due to status: VOID
Found 9 ticket(s) on this page after status filtering: ['MV5551', 'MV5550', 'MV5549', 'MV5547', 'MV5546', 'MV5545', 'MV5544', 'MV5543', 'MV5542']
Opening ticket MV5551...
Downloading images for MV5551...
Waiting for ticket detail for MV5551...
Found 1 ticket item card(s).
Uploaded MV5551_01_BareBright.jpg to train/BareBright/ and all_by_ticket/MV5551/ using Direct Image Src
Uploaded 1 image(s) for MV5551
Opening ticket MV5550...
Downloading images for MV5550...
Waiting for ticket detail for MV5550...
Found 1 ticket item card(s).
Uploaded MV5550_01_Sheet_Iron.jpg to train/Sheet_Iron/ and all_by_ticket/MV5550/ using Direct Image Src
Uploaded 1 image(s) for MV5550
Opening ticket MV5549...
Downloading images for MV5549...
Waiting for ticket detail for MV5549...
Found 1 ticket item card(s).
Uploaded MV5549_01_Sheet_Iron.jpg to train/Sheet_Iron/ and all_by_ticket/MV5549/ using Direct Image Src
Uploaded 1 image(s) for MV5549
Opening ticket MV5547...
Downloading images for MV5547...
Waiting for ticket detail for MV5547...
Found 1 ticket item card(s).
Uploaded MV5547_01_1_Insulated_Wire.jpg to train/1_Insulated_Wire/ and all_by_ticket/MV5547/ using Direct Image Src
Uploaded 1 image(s) for MV5547
Opening ticket MV5546...
Downloading images for MV5546...
Waiting for ticket detail for MV5546...
Found 3 ticket item card(s).
Uploaded MV5546_03_Freight_Charge.jpg to train/Freight_Charge/ and all_by_ticket/MV5546/ using Direct Image Src
Uploaded MV5546_01_304.jpg to test/304/ and all_by_ticket/MV5546/ using Direct Image Src
Uploaded MV5546_02_Sheet_Iron.jpg to train/Sheet_Iron/ and all_by_ticket/MV5546/ using Direct Image Src
Uploaded 3 image(s) for MV5546
Opening ticket MV5545...
Downloading images for MV5545...
Waiting for ticket detail for MV5545...
Found 2 ticket item card(s).
Uploaded MV5545_02_Cat_56.jpg to train/Cat_56/ and all_by_ticket/MV5545/ using Direct Image Src
Uploaded MV5545_01_Sheet_Iron.jpg to test/Sheet_Iron/ and all_by_ticket/MV5545/ using Direct Image Src
Uploaded 2 image(s) for MV5545
Opening ticket MV5544...
Downloading images for MV5544...
Waiting for ticket detail for MV5544...
Found 3 ticket item card(s).
Uploaded MV5544_03_2_Insulated_Wire.jpg to train/2_Insulated_Wire/ and all_by_ticket/MV5544/ using Direct Image Src
Uploaded MV5544_02_2_Copper.jpg to val/2_Copper/ and all_by_ticket/MV5544/ using Direct Image Src
Uploaded MV5544_01_BareBright.jpg to train/BareBright/ and all_by_ticket/MV5544/ using Direct Image Src
Uploaded 3 image(s) for MV5544
Opening ticket MV5543...
Downloading images for MV5543...
Waiting for ticket detail for MV5543...
Found 1 ticket item card(s).
Uploaded MV5543_01_Sheet_Iron.jpg to train/Sheet_Iron/ and all_by_ticket/MV5543/ using Direct Image Src
Uploaded 1 image(s) for MV5543
Opening ticket MV5542...
Downloading images for MV5542...
Waiting for ticket detail for MV5542...
Found 1 ticket item card(s).
Uploaded MV5542_01_Aluminum_Cans.jpg to train/Aluminum_Cans/ and all_by_ticket/MV5542/ using Direct Image Src
Uploaded 1 image(s) for MV5542
Pagination before click: 121 - 130 of 271
Pagination after click: 131 - 140 of 271

Processing results page 14...
Scraping ticket numbers from current page...
Waiting for search results...
Skipping ticket MV5554 due to status: CANCEL
Found 9 ticket(s) on this page after status filtering: ['MV5561', 'MV5560', 'MV5559', 'MV5558', 'MV5557', 'MV5556', 'MV5555', 'MV5553', 'MV5552']
Opening ticket MV5561...
Downloading images for MV5561...
Waiting for ticket detail for MV5561...
Found 1 ticket item card(s).
Uploaded MV5561_01_Aluminum_Rim_Clean.jpg to train/Aluminum_Rim_Clean/ and all_by_ticket/MV5561/ using Direct Image Src
Uploaded 1 image(s) for MV5561
Opening ticket MV5560...
Downloading images for MV5560...
Waiting for ticket detail for MV5560...
Found 2 ticket item card(s).
Uploaded MV5560_02_Sheet_Iron.jpg to train/Sheet_Iron/ and all_by_ticket/MV5560/ using Direct Image Src
Uploaded MV5560_01_Low_Grade_Insulated_Wire.jpg to train/Low_Grade_Insulated_Wire/ and all_by_ticket/MV5560/ using Direct Image Src
Uploaded 2 image(s) for MV5560
Opening ticket MV5559...
Downloading images for MV5559...
Waiting for ticket detail for MV5559...
Found 10 ticket item card(s).
Uploaded MV5559_02_Irony_Aluminum.jpg to train/Irony_Aluminum/ and all_by_ticket/MV5559/ using Direct Image Src
Uploaded MV5559_01_Sheet_Iron.jpg to train/Sheet_Iron/ and all_by_ticket/MV5559/ using Direct Image Src
Uploaded MV5559_09_2_Insulated_Wire.jpg to train/2_Insulated_Wire/ and all_by_ticket/MV5559/ using Direct Image Src
Uploaded MV5559_03_Yellow_Brass_Clean.jpg to train/Yellow_Brass_Clean/ and all_by_ticket/MV5559/ using Direct Image Src
Uploaded MV5559_10_Aluminum_Cans.jpg to val/Aluminum_Cans/ and all_by_ticket/MV5559/ using Direct Image Src
Uploaded MV5559_08_316.jpg to val/316/ and all_by_ticket/MV5559/ using Direct Image Src
Uploaded MV5559_06_Sheet_Aluminum.jpg to train/Sheet_Aluminum/ and all_by_ticket/MV5559/ using Direct Image Src
Uploaded MV5559_04_Irony_SS.jpg to train/Irony_SS/ and all_by_ticket/MV5559/ using Direct Image Src
Uploaded MV5559_07_Dirty_Brass.jpg to val/Dirty_Brass/ and all_by_ticket/MV5559/ using Direct Image Src
Uploaded MV5559_05_DIECAST.jpg to train/DIECAST/ and all_by_ticket/MV5559/ using Direct Image Src
Uploaded 10 image(s) for MV5559
Opening ticket MV5558...
Downloading images for MV5558...
Waiting for ticket detail for MV5558...
Found 4 ticket item card(s).
Uploaded MV5558_03_Dirty_Brass.jpg to train/Dirty_Brass/ and all_by_ticket/MV5558/ using Direct Image Src
Uploaded MV5558_02_Sheet_Aluminum.jpg to train/Sheet_Aluminum/ and all_by_ticket/MV5558/ using Direct Image Src
Uploaded MV5558_01_Sheet_Iron.jpg to train/Sheet_Iron/ and all_by_ticket/MV5558/ using Direct Image Src
Uploaded MV5558_04_1_Copper.jpg to train/1_Copper/ and all_by_ticket/MV5558/ using Direct Image Src
Uploaded 4 image(s) for MV5558
Opening ticket MV5557...
Downloading images for MV5557...
Waiting for ticket detail for MV5557...
Found 1 ticket item card(s).
Uploaded MV5557_01_Aluminum_Rim_Clean.jpg to val/Aluminum_Rim_Clean/ and all_by_ticket/MV5557/ using Direct Image Src
Uploaded 1 image(s) for MV5557
Opening ticket MV5556...
Downloading images for MV5556...
Waiting for ticket detail for MV5556...
Found 1 ticket item card(s).
Uploaded MV5556_01_Sheet_Iron.jpg to train/Sheet_Iron/ and all_by_ticket/MV5556/ using Direct Image Src
Uploaded 1 image(s) for MV5556
Opening ticket MV5555...
Downloading images for MV5555...
Waiting for ticket detail for MV5555...
Found 3 ticket item card(s).
Uploaded MV5555_02_Auto_Batteries.jpg to train/Auto_Batteries/ and all_by_ticket/MV5555/ using Direct Image Src
Uploaded MV5555_03_Auto_Batteries.jpg to train/Auto_Batteries/ and all_by_ticket/MV5555/ using Direct Image Src
Uploaded MV5555_01_Auto_Batteries.jpg to train/Auto_Batteries/ and all_by_ticket/MV5555/ using Direct Image Src
Uploaded 3 image(s) for MV5555
Opening ticket MV5553...
Downloading images for MV5553...
Waiting for ticket detail for MV5553...
Found 2 ticket item card(s).
Uploaded MV5553_01_Sheet_Iron.jpg to val/Sheet_Iron/ and all_by_ticket/MV5553/ using Direct Image Src
Uploaded MV5553_02_Electric_Motor.jpg to test/Electric_Motor/ and all_by_ticket/MV5553/ using Direct Image Src
Uploaded 2 image(s) for MV5553
Opening ticket MV5552...
Downloading images for MV5552...
Waiting for ticket detail for MV5552...
Found 2 ticket item card(s).
Uploaded MV5552_01_1_Copper.jpg to train/1_Copper/ and all_by_ticket/MV5552/ using Direct Image Src
Uploaded MV5552_02_Yellow_Brass_Clean.jpg to train/Yellow_Brass_Clean/ and all_by_ticket/MV5552/ using Direct Image Src
Uploaded 2 image(s) for MV5552
Pagination before click: 131 - 140 of 271
Pagination after click: 141 - 150 of 271

Processing results page 15...
Scraping ticket numbers from current page...
Waiting for search results...
Found 10 ticket(s) on this page after status filtering: ['MV5571', 'MV5570', 'MV5569', 'MV5568', 'MV5567', 'MV5566', 'MV5565', 'MV5564', 'MV5563', 'MV5562']
Opening ticket MV5571...
Downloading images for MV5571...
Waiting for ticket detail for MV5571...
Found 2 ticket item card(s).
Uploaded MV5571_01_Sheet_Iron.jpg to train/Sheet_Iron/ and all_by_ticket/MV5571/ using Direct Image Src
Uploaded MV5571_02_Aluminum_Cans.jpg to train/Aluminum_Cans/ and all_by_ticket/MV5571/ using Direct Image Src
Uploaded 2 image(s) for MV5571
Opening ticket MV5570...
Downloading images for MV5570...
Waiting for ticket detail for MV5570...
Found 8 ticket item card(s).
Uploaded MV5570_03_Sealed_Units.jpg to train/Sealed_Units/ and all_by_ticket/MV5570/ using Direct Image Src
Uploaded MV5570_02_Electric_Motor.jpg to val/Electric_Motor/ and all_by_ticket/MV5570/ using Direct Image Src
Uploaded MV5570_01_Sheet_Iron.jpg to train/Sheet_Iron/ and all_by_ticket/MV5570/ using Direct Image Src
Uploaded MV5570_05_2_Insulated_Wire.jpg to train/2_Insulated_Wire/ and all_by_ticket/MV5570/ using Direct Image Src
Uploaded MV5570_07_Yellow_Brass_Clean.jpg to train/Yellow_Brass_Clean/ and all_by_ticket/MV5570/ using Direct Image Src
Uploaded MV5570_08_Unclean_Extrusion.jpg to train/Unclean_Extrusion/ and all_by_ticket/MV5570/ using Direct Image Src
Uploaded MV5570_04_Ac_Coil.jpg to train/Ac_Coil/ and all_by_ticket/MV5570/ using Direct Image Src
Uploaded MV5570_06_2_Copper.jpg to test/2_Copper/ and all_by_ticket/MV5570/ using Direct Image Src
Uploaded 8 image(s) for MV5570
Opening ticket MV5569...
Downloading images for MV5569...
Waiting for ticket detail for MV5569...
Found 2 ticket item card(s).
Uploaded MV5569_02_Irony_ACR_Radiators.jpg to train/Irony_ACR_Radiators/ and all_by_ticket/MV5569/ using Direct Image Src
Uploaded MV5569_01_Sheet_Iron.jpg to train/Sheet_Iron/ and all_by_ticket/MV5569/ using Direct Image Src
Uploaded 2 image(s) for MV5569
Opening ticket MV5568...
Downloading images for MV5568...
Waiting for ticket detail for MV5568...
Found 12 ticket item card(s).
Uploaded MV5568_03_Extrusion.jpg to train/Extrusion/ and all_by_ticket/MV5568/ using Direct Image Src
Uploaded MV5568_05_Aluminum_Wire_Insulated.jpg to test/Aluminum_Wire_Insulated/ and all_by_ticket/MV5568/ using Direct Image Src
Uploaded MV5568_04_Cast_Aluminum.jpg to train/Cast_Aluminum/ and all_by_ticket/MV5568/ using Direct Image Src
Uploaded MV5568_06_2_Insulated_Wire.jpg to test/2_Insulated_Wire/ and all_by_ticket/MV5568/ using Direct Image Src
Uploaded MV5568_08_BareBright.jpg to train/BareBright/ and all_by_ticket/MV5568/ using Direct Image Src
Uploaded MV5568_09_1_Copper.jpg to train/1_Copper/ and all_by_ticket/MV5568/ using Direct Image Src
Uploaded MV5568_01_Sheet_Iron.jpg to train/Sheet_Iron/ and all_by_ticket/MV5568/ using Direct Image Src
Uploaded MV5568_07_1_Insulated_Wire.jpg to train/1_Insulated_Wire/ and all_by_ticket/MV5568/ using Direct Image Src
Uploaded MV5568_02_Sheet_Aluminum.jpg to train/Sheet_Aluminum/ and all_by_ticket/MV5568/ using Direct Image Src
Uploaded MV5568_11_Irony_Aluminum.jpg to train/Irony_Aluminum/ and all_by_ticket/MV5568/ using Direct Image Src
Uploaded MV5568_12_2_Copper.jpg to test/2_Copper/ and all_by_ticket/MV5568/ using Direct Image Src
Uploaded MV5568_10_BareBright.jpg to val/BareBright/ and all_by_ticket/MV5568/ using Direct Image Src
Uploaded 12 image(s) for MV5568
Opening ticket MV5567...
Downloading images for MV5567...
Waiting for ticket detail for MV5567...
Found 1 ticket item card(s).
Uploaded MV5567_01_Sheet_Iron.jpg to test/Sheet_Iron/ and all_by_ticket/MV5567/ using Direct Image Src
Uploaded 1 image(s) for MV5567
Opening ticket MV5566...
Downloading images for MV5566...
Waiting for ticket detail for MV5566...
Found 4 ticket item card(s).
Uploaded MV5566_01_Romex.jpg to train/Romex/ and all_by_ticket/MV5566/ using Direct Image Src
Uploaded MV5566_03_Yellow_Brass_Clean.jpg to train/Yellow_Brass_Clean/ and all_by_ticket/MV5566/ using Direct Image Src
Uploaded MV5566_02_2_Copper.jpg to test/2_Copper/ and all_by_ticket/MV5566/ using Direct Image Src
Uploaded MV5566_04_Dirty_Brass.jpg to train/Dirty_Brass/ and all_by_ticket/MV5566/ using Direct Image Src
Uploaded 4 image(s) for MV5566
Opening ticket MV5565...
Downloading images for MV5565...
Waiting for ticket detail for MV5565...
Found 1 ticket item card(s).
Uploaded MV5565_01_Irony_Aluminum.jpg to train/Irony_Aluminum/ and all_by_ticket/MV5565/ using Direct Image Src
Uploaded 1 image(s) for MV5565
Opening ticket MV5564...
Downloading images for MV5564...
Waiting for ticket detail for MV5564...
Found 6 ticket item card(s).
Uploaded MV5564_05_Sheet_Iron.jpg to train/Sheet_Iron/ and all_by_ticket/MV5564/ using Direct Image Src
Uploaded MV5564_01_Sheet_Iron.jpg to val/Sheet_Iron/ and all_by_ticket/MV5564/ using Direct Image Src
Uploaded MV5564_06_Electric_Motor.jpg to train/Electric_Motor/ and all_by_ticket/MV5564/ using Direct Image Src
Uploaded MV5564_02_Auto_Batteries.jpg to train/Auto_Batteries/ and all_by_ticket/MV5564/ using Direct Image Src
Uploaded MV5564_04_2_Copper.jpg to train/2_Copper/ and all_by_ticket/MV5564/ using Direct Image Src
Uploaded MV5564_03_Irony_Aluminum.jpg to train/Irony_Aluminum/ and all_by_ticket/MV5564/ using Direct Image Src
Uploaded 6 image(s) for MV5564
Opening ticket MV5563...
Downloading images for MV5563...
Waiting for ticket detail for MV5563...
Found 3 ticket item card(s).
Uploaded MV5563_02_Extrusion.jpg to train/Extrusion/ and all_by_ticket/MV5563/ using Direct Image Src
Uploaded MV5563_03_Gutters_Siding.jpg to test/Gutters_Siding/ and all_by_ticket/MV5563/ using Direct Image Src
Uploaded MV5563_01_Extrusion.jpg to train/Extrusion/ and all_by_ticket/MV5563/ using Direct Image Src
Uploaded 3 image(s) for MV5563
Opening ticket MV5562...
Downloading images for MV5562...
Waiting for ticket detail for MV5562...
Found 1 ticket item card(s).
Uploaded MV5562_01_Sheet_Iron.jpg to train/Sheet_Iron/ and all_by_ticket/MV5562/ using Direct Image Src
Uploaded 1 image(s) for MV5562
Pagination before click: 141 - 150 of 271
Pagination after click: 151 - 160 of 271

Processing results page 16...
Scraping ticket numbers from current page...
Waiting for search results...
Found 10 ticket(s) on this page after status filtering: ['MV5581', 'MV5580', 'MV5579', 'MV5578', 'MV5577', 'MV5576', 'MV5575', 'MV5574', 'MV5573', 'MV5572']
Opening ticket MV5581...
Downloading images for MV5581...
Waiting for ticket detail for MV5581...
Found 1 ticket item card(s).
Uploaded MV5581_01_Sheet_Iron.jpg to train/Sheet_Iron/ and all_by_ticket/MV5581/ using Direct Image Src
Uploaded 1 image(s) for MV5581
Opening ticket MV5580...
Downloading images for MV5580...
Waiting for ticket detail for MV5580...
Found 1 ticket item card(s).
Uploaded MV5580_01_Laptops_Complete.jpg to train/Laptops_Complete/ and all_by_ticket/MV5580/ using Direct Image Src
Uploaded 1 image(s) for MV5580
Opening ticket MV5579...
Downloading images for MV5579...
Waiting for ticket detail for MV5579...
Found 1 ticket item card(s).
Uploaded MV5579_01_Aluminum_Rim_Clean.jpg to test/Aluminum_Rim_Clean/ and all_by_ticket/MV5579/ using Direct Image Src
Uploaded 1 image(s) for MV5579
Opening ticket MV5578...
Downloading images for MV5578...
Waiting for ticket detail for MV5578...
Found 5 ticket item card(s).
Uploaded MV5578_03_Misc_Electronic_Scrap.jpg to train/Misc_Electronic_Scrap/ and all_by_ticket/MV5578/ using Direct Image Src
Uploaded MV5578_01_Circuit_Board_Mid_Grade.jpg to train/Circuit_Board_Mid_Grade/ and all_by_ticket/MV5578/ using Direct Image Src
Uploaded MV5578_02_Misc_Electronic_Scrap.jpg to train/Misc_Electronic_Scrap/ and all_by_ticket/MV5578/ using Direct Image Src
Uploaded MV5578_05_Misc_Electronic_Scrap.jpg to train/Misc_Electronic_Scrap/ and all_by_ticket/MV5578/ using Direct Image Src
Uploaded MV5578_04_Sheet_Iron.jpg to train/Sheet_Iron/ and all_by_ticket/MV5578/ using Direct Image Src
Uploaded 5 image(s) for MV5578
Opening ticket MV5577...
Downloading images for MV5577...
Waiting for ticket detail for MV5577...
Found 2 ticket item card(s).
Uploaded MV5577_01_2_Copper.jpg to train/2_Copper/ and all_by_ticket/MV5577/ using Direct Image Src
Uploaded MV5577_02_Auto_Batteries.jpg to train/Auto_Batteries/ and all_by_ticket/MV5577/ using Direct Image Src
Uploaded 2 image(s) for MV5577
Opening ticket MV5576...
Downloading images for MV5576...
Waiting for ticket detail for MV5576...
Found 2 ticket item card(s).
Uploaded MV5576_02_2_Insulated_Wire.jpg to test/2_Insulated_Wire/ and all_by_ticket/MV5576/ using Direct Image Src
Uploaded MV5576_01_1_Insulated_Wire.jpg to train/1_Insulated_Wire/ and all_by_ticket/MV5576/ using Direct Image Src
Uploaded 2 image(s) for MV5576
Opening ticket MV5575...
Downloading images for MV5575...
Waiting for ticket detail for MV5575...
Found 1 ticket item card(s).
Uploaded MV5575_01_Sheet_Iron.jpg to train/Sheet_Iron/ and all_by_ticket/MV5575/ using Direct Image Src
Uploaded 1 image(s) for MV5575
Opening ticket MV5574...
Downloading images for MV5574...
Waiting for ticket detail for MV5574...
Found 1 ticket item card(s).
Uploaded MV5574_01_BareBright.jpg to val/BareBright/ and all_by_ticket/MV5574/ using Direct Image Src
Uploaded 1 image(s) for MV5574
Opening ticket MV5573...
Downloading images for MV5573...
Waiting for ticket detail for MV5573...
Found 5 ticket item card(s).
Uploaded MV5573_01_BareBright.jpg to test/BareBright/ and all_by_ticket/MV5573/ using Direct Image Src
Uploaded MV5573_02_AluminumCopper_Radiator.jpg to train/AluminumCopper_Radiator/ and all_by_ticket/MV5573/ using Direct Image Src
Uploaded MV5573_03_Acr_Radiator_Ends.jpg to train/Acr_Radiator_Ends/ and all_by_ticket/MV5573/ using Direct Image Src
Uploaded MV5573_05_2_Insulated_Wire.jpg to train/2_Insulated_Wire/ and all_by_ticket/MV5573/ using Direct Image Src
Uploaded MV5573_04_2_Copper.jpg to train/2_Copper/ and all_by_ticket/MV5573/ using Direct Image Src
Uploaded 5 image(s) for MV5573
Opening ticket MV5572...
Downloading images for MV5572...
Waiting for ticket detail for MV5572...
Found 7 ticket item card(s).
Uploaded MV5572_02_BareBright.jpg to train/BareBright/ and all_by_ticket/MV5572/ using Direct Image Src
Uploaded MV5572_05_Aluminum_Cans.jpg to train/Aluminum_Cans/ and all_by_ticket/MV5572/ using Direct Image Src
Uploaded MV5572_01_Unclean_Extrusion.jpg to val/Unclean_Extrusion/ and all_by_ticket/MV5572/ using Direct Image Src
Uploaded MV5572_03_2_Copper.jpg to train/2_Copper/ and all_by_ticket/MV5572/ using Direct Image Src
Uploaded MV5572_04_AluminumCopper_Radiator.jpg to train/AluminumCopper_Radiator/ and all_by_ticket/MV5572/ using Direct Image Src
Uploaded MV5572_06_Cast_Aluminum.jpg to train/Cast_Aluminum/ and all_by_ticket/MV5572/ using Direct Image Src
Uploaded MV5572_07_Electric_Motor.jpg to train/Electric_Motor/ and all_by_ticket/MV5572/ using Direct Image Src
Uploaded 7 image(s) for MV5572
Pagination before click: 151 - 160 of 271
Pagination after click: 161 - 170 of 271

Processing results page 17...
Scraping ticket numbers from current page...
Waiting for search results...
Skipping ticket MV5587 due to status: VOID
Found 9 ticket(s) on this page after status filtering: ['MV5591', 'MV5590', 'MV5589', 'MV5588', 'MV5586', 'MV5585', 'MV5584', 'MV5583', 'MV5582']
Opening ticket MV5591...
Downloading images for MV5591...
Waiting for ticket detail for MV5591...
Found 1 ticket item card(s).
No direct full-size image URL found for MV5591 item 1 (Test).
Skipping ticket MV5591: no usable image tasks found.
Uploaded 0 image(s) for MV5591
Opening ticket MV5590...
Downloading images for MV5590...
Waiting for ticket detail for MV5590...
Found 1 ticket item card(s).
Uploaded MV5590_01_BareBright.jpg to train/BareBright/ and all_by_ticket/MV5590/ using Direct Image Src
Uploaded 1 image(s) for MV5590
Opening ticket MV5589...
Downloading images for MV5589...
Waiting for ticket detail for MV5589...
Found 2 ticket item card(s).
Uploaded MV5589_01_2_Insulated_Wire.jpg to train/2_Insulated_Wire/ and all_by_ticket/MV5589/ using Direct Image Src
Uploaded MV5589_02_Yellow_Brass_Clean.jpg to train/Yellow_Brass_Clean/ and all_by_ticket/MV5589/ using Direct Image Src
Uploaded 2 image(s) for MV5589
Opening ticket MV5588...
Downloading images for MV5588...
Waiting for ticket detail for MV5588...
Found 1 ticket item card(s).
Uploaded MV5588_01_Sheet_Iron.jpg to train/Sheet_Iron/ and all_by_ticket/MV5588/ using Direct Image Src
Uploaded 1 image(s) for MV5588
Opening ticket MV5586...
Downloading images for MV5586...
Waiting for ticket detail for MV5586...
Found 1 ticket item card(s).
Uploaded MV5586_01_Aluminum_Cans.jpg to train/Aluminum_Cans/ and all_by_ticket/MV5586/ using Direct Image Src
Uploaded 1 image(s) for MV5586
Opening ticket MV5585...
Downloading images for MV5585...
Waiting for ticket detail for MV5585...
Found 2 ticket item card(s).
Uploaded MV5585_01_Sheet_Iron.jpg to val/Sheet_Iron/ and all_by_ticket/MV5585/ using Direct Image Src
Uploaded MV5585_02_Sheet_Iron.jpg to train/Sheet_Iron/ and all_by_ticket/MV5585/ using Direct Image Src
Uploaded 2 image(s) for MV5585
Opening ticket MV5584...
Downloading images for MV5584...
Waiting for ticket detail for MV5584...
Found 1 ticket item card(s).
No direct full-size image URL found for MV5584 item 1 (Test).
Skipping ticket MV5584: no usable image tasks found.
Uploaded 0 image(s) for MV5584
Opening ticket MV5583...
Downloading images for MV5583...
Waiting for ticket detail for MV5583...
Found 1 ticket item card(s).
Uploaded MV5583_01_Sheet_Iron.jpg to train/Sheet_Iron/ and all_by_ticket/MV5583/ using Direct Image Src
Uploaded 1 image(s) for MV5583
Opening ticket MV5582...
Downloading images for MV5582...
Waiting for ticket detail for MV5582...
Found 5 ticket item card(s).
Uploaded MV5582_02_Harness_Wire.jpg to train/Harness_Wire/ and all_by_ticket/MV5582/ using Direct Image Src
Uploaded MV5582_01_Sheet_Iron.jpg to train/Sheet_Iron/ and all_by_ticket/MV5582/ using Direct Image Src
Uploaded MV5582_05_2_Insulated_Wire.jpg to train/2_Insulated_Wire/ and all_by_ticket/MV5582/ using Direct Image Src
Uploaded MV5582_03_Cat_56.jpg to train/Cat_56/ and all_by_ticket/MV5582/ using Direct Image Src
Uploaded MV5582_04_2_Insulated_Wire.jpg to train/2_Insulated_Wire/ and all_by_ticket/MV5582/ using Direct Image Src
Uploaded 5 image(s) for MV5582
Pagination before click: 161 - 170 of 271
Pagination after click: 171 - 180 of 271

Processing results page 18...
Scraping ticket numbers from current page...
Waiting for search results...
Skipping ticket MV5598 due to status: VOID
Found 9 ticket(s) on this page after status filtering: ['MV5601', 'MV5600', 'MV5599', 'MV5597', 'MV5596', 'MV5595', 'MV5594', 'MV5593', 'MV5592']
Opening ticket MV5601...
Downloading images for MV5601...
Waiting for ticket detail for MV5601...
Found 5 ticket item card(s).
Uploaded MV5601_01_Auto_Batteries.jpg to train/Auto_Batteries/ and all_by_ticket/MV5601/ using Direct Image Src
Uploaded MV5601_02_Auto_Batteries.jpg to train/Auto_Batteries/ and all_by_ticket/MV5601/ using Direct Image Src
Uploaded MV5601_03_Auto_Batteries.jpg to train/Auto_Batteries/ and all_by_ticket/MV5601/ using Direct Image Src
Uploaded MV5601_05_Sheet_Iron.jpg to train/Sheet_Iron/ and all_by_ticket/MV5601/ using Direct Image Src
Uploaded MV5601_04_2_Copper.jpg to train/2_Copper/ and all_by_ticket/MV5601/ using Direct Image Src
Uploaded 5 image(s) for MV5601
Opening ticket MV5600...
Downloading images for MV5600...
Waiting for ticket detail for MV5600...
Found 1 ticket item card(s).
Uploaded MV5600_01_Gutters_Siding.jpg to train/Gutters_Siding/ and all_by_ticket/MV5600/ using Direct Image Src
Uploaded 1 image(s) for MV5600
Opening ticket MV5599...
Downloading images for MV5599...
Waiting for ticket detail for MV5599...
Found 8 ticket item card(s).
Uploaded MV5599_01_Sheet_Iron.jpg to train/Sheet_Iron/ and all_by_ticket/MV5599/ using Direct Image Src
Uploaded MV5599_03_Circuit_Board_Mid_Grade.jpg to val/Circuit_Board_Mid_Grade/ and all_by_ticket/MV5599/ using Direct Image Src
Uploaded MV5599_05_Hard_Drive.jpg to train/Hard_Drive/ and all_by_ticket/MV5599/ using Direct Image Src
Uploaded MV5599_04_Sheet_Iron.jpg to val/Sheet_Iron/ and all_by_ticket/MV5599/ using Direct Image Src
Uploaded MV5599_02_Low_Grade_Insulated_Wire.jpg to train/Low_Grade_Insulated_Wire/ and all_by_ticket/MV5599/ using Direct Image Src
Uploaded MV5599_07_Cast_Aluminum.jpg to train/Cast_Aluminum/ and all_by_ticket/MV5599/ using Direct Image Src
Uploaded MV5599_08_Sheet_Iron.jpg to train/Sheet_Iron/ and all_by_ticket/MV5599/ using Direct Image Src
Uploaded MV5599_06_Gold_Memory.jpg to train/Gold_Memory/ and all_by_ticket/MV5599/ using Direct Image Src
Uploaded 8 image(s) for MV5599
Opening ticket MV5597...
Downloading images for MV5597...
Waiting for ticket detail for MV5597...
Found 2 ticket item card(s).
Uploaded MV5597_01_1_Copper.jpg to val/1_Copper/ and all_by_ticket/MV5597/ using Direct Image Src
Uploaded MV5597_02_2_Insulated_Wire.jpg to train/2_Insulated_Wire/ and all_by_ticket/MV5597/ using Direct Image Src
Uploaded 2 image(s) for MV5597
Opening ticket MV5596...
Downloading images for MV5596...
Waiting for ticket detail for MV5596...
Found 1 ticket item card(s).
Uploaded MV5596_01_Irony_Aluminum.jpg to train/Irony_Aluminum/ and all_by_ticket/MV5596/ using Direct Image Src
Uploaded 1 image(s) for MV5596
Opening ticket MV5595...
Downloading images for MV5595...
Waiting for ticket detail for MV5595...
Found 6 ticket item card(s).
Uploaded MV5595_02_BareBright.jpg to train/BareBright/ and all_by_ticket/MV5595/ using Direct Image Src
Uploaded MV5595_01_Irony_Aluminum.jpg to train/Irony_Aluminum/ and all_by_ticket/MV5595/ using Direct Image Src
Uploaded MV5595_04_Aluminum_Wire_Insulated.jpg to train/Aluminum_Wire_Insulated/ and all_by_ticket/MV5595/ using Direct Image Src
Uploaded MV5595_03_2_Copper.jpg to train/2_Copper/ and all_by_ticket/MV5595/ using Direct Image Src
Uploaded MV5595_06_Sheet_Iron.jpg to train/Sheet_Iron/ and all_by_ticket/MV5595/ using Direct Image Src
Uploaded MV5595_05_Low_Grade_Insulated_Wire.jpg to train/Low_Grade_Insulated_Wire/ and all_by_ticket/MV5595/ using Direct Image Src
Uploaded 6 image(s) for MV5595
Opening ticket MV5594...
Downloading images for MV5594...
Waiting for ticket detail for MV5594...
Found 4 ticket item card(s).
Uploaded MV5594_02_1_Copper.jpg to train/1_Copper/ and all_by_ticket/MV5594/ using Direct Image Src
Uploaded MV5594_01_Aluminum_Cans.jpg to train/Aluminum_Cans/ and all_by_ticket/MV5594/ using Direct Image Src
Uploaded MV5594_04_2_Insulated_Wire.jpg to train/2_Insulated_Wire/ and all_by_ticket/MV5594/ using Direct Image Src
Uploaded MV5594_03_Cat_56.jpg to train/Cat_56/ and all_by_ticket/MV5594/ using Direct Image Src
Uploaded 4 image(s) for MV5594
Opening ticket MV5593...
Downloading images for MV5593...
Waiting for ticket detail for MV5593...
Found 1 ticket item card(s).
Uploaded MV5593_01_Sheet_Iron.jpg to train/Sheet_Iron/ and all_by_ticket/MV5593/ using Direct Image Src
Uploaded 1 image(s) for MV5593
Opening ticket MV5592...
Downloading images for MV5592...
Waiting for ticket detail for MV5592...
Found 5 ticket item card(s).
Uploaded MV5592_02_Cast_Aluminum.jpg to train/Cast_Aluminum/ and all_by_ticket/MV5592/ using Direct Image Src
Uploaded MV5592_03_2_Insulated_Wire.jpg to test/2_Insulated_Wire/ and all_by_ticket/MV5592/ using Direct Image Src
Uploaded MV5592_01_Sheet_Iron.jpg to train/Sheet_Iron/ and all_by_ticket/MV5592/ using Direct Image Src
Uploaded MV5592_05_Cast_Aluminum.jpg to train/Cast_Aluminum/ and all_by_ticket/MV5592/ using Direct Image Src
Uploaded MV5592_04_Irony_Aluminum.jpg to test/Irony_Aluminum/ and all_by_ticket/MV5592/ using Direct Image Src
Uploaded 5 image(s) for MV5592
Pagination before click: 171 - 180 of 271
Pagination after click: 181 - 190 of 271

Processing results page 19...
Scraping ticket numbers from current page...
Waiting for search results...
Skipping ticket MV5605 due to status: VOID
Skipping ticket MV5604 due to status: VOID
Found 8 ticket(s) on this page after status filtering: ['MV5611', 'MV5610', 'MV5609', 'MV5608', 'MV5607', 'MV5606', 'MV5603', 'MV5602']
Opening ticket MV5611...
Downloading images for MV5611...
Waiting for ticket detail for MV5611...
Found 5 ticket item card(s).
Uploaded MV5611_02_2_Copper.jpg to train/2_Copper/ and all_by_ticket/MV5611/ using Direct Image Src
Uploaded MV5611_01_Sealed_Units.jpg to train/Sealed_Units/ and all_by_ticket/MV5611/ using Direct Image Src
Uploaded MV5611_03_Acr_Radiator_Ends.jpg to train/Acr_Radiator_Ends/ and all_by_ticket/MV5611/ using Direct Image Src
Uploaded MV5611_04_AluminumCopper_Radiator.jpg to train/AluminumCopper_Radiator/ and all_by_ticket/MV5611/ using Direct Image Src
Uploaded MV5611_05_Aluminum_Radiator.jpg to train/Aluminum_Radiator/ and all_by_ticket/MV5611/ using Direct Image Src
Uploaded 5 image(s) for MV5611
Opening ticket MV5610...
Downloading images for MV5610...
Waiting for ticket detail for MV5610...
Found 1 ticket item card(s).
Uploaded MV5610_01_Sheet_Iron.jpg to train/Sheet_Iron/ and all_by_ticket/MV5610/ using Direct Image Src
Uploaded 1 image(s) for MV5610
Opening ticket MV5609...
Downloading images for MV5609...
Waiting for ticket detail for MV5609...
Found 12 ticket item card(s).
Uploaded MV5609_01_Sheet_Iron.jpg to train/Sheet_Iron/ and all_by_ticket/MV5609/ using Direct Image Src
Uploaded MV5609_04_2_Copper.jpg to train/2_Copper/ and all_by_ticket/MV5609/ using Direct Image Src
Uploaded MV5609_02_BareBright.jpg to train/BareBright/ and all_by_ticket/MV5609/ using Direct Image Src
Uploaded MV5609_05_Sheet_Aluminum.jpg to train/Sheet_Aluminum/ and all_by_ticket/MV5609/ using Direct Image Src
Uploaded MV5609_03_Electric_Motor.jpg to train/Electric_Motor/ and all_by_ticket/MV5609/ using Direct Image Src
Uploaded MV5609_06_2_Copper.jpg to train/2_Copper/ and all_by_ticket/MV5609/ using Direct Image Src
Uploaded MV5609_09_Romex.jpg to train/Romex/ and all_by_ticket/MV5609/ using Direct Image Src
Uploaded MV5609_11_Aluminum_Wire_Insulated.jpg to train/Aluminum_Wire_Insulated/ and all_by_ticket/MV5609/ using Direct Image Src
Uploaded MV5609_12_2_Insulated_Wire.jpg to val/2_Insulated_Wire/ and all_by_ticket/MV5609/ using Direct Image Src
Uploaded MV5609_10_1_Insulated_Wire.jpg to train/1_Insulated_Wire/ and all_by_ticket/MV5609/ using Direct Image Src
Uploaded MV5609_08_Aluminum_Wire_Insulated.jpg to train/Aluminum_Wire_Insulated/ and all_by_ticket/MV5609/ using Direct Image Src
Uploaded MV5609_07_2_Insulated_Wire.jpg to train/2_Insulated_Wire/ and all_by_ticket/MV5609/ using Direct Image Src
Uploaded 12 image(s) for MV5609
Opening ticket MV5608...
Downloading images for MV5608...
Waiting for ticket detail for MV5608...
Found 2 ticket item card(s).
Uploaded MV5608_01_Sheet_Copper.jpg to train/Sheet_Copper/ and all_by_ticket/MV5608/ using Direct Image Src
Uploaded MV5608_02_BareBright.jpg to train/BareBright/ and all_by_ticket/MV5608/ using Direct Image Src
Uploaded 2 image(s) for MV5608
Opening ticket MV5607...
Downloading images for MV5607...
Waiting for ticket detail for MV5607...
Found 1 ticket item card(s).
Uploaded MV5607_01_Aluminum_Cans.jpg to train/Aluminum_Cans/ and all_by_ticket/MV5607/ using Direct Image Src
Uploaded 1 image(s) for MV5607
Opening ticket MV5606...
Downloading images for MV5606...
Waiting for ticket detail for MV5606...
Found 3 ticket item card(s).
Uploaded MV5606_02_304.jpg to test/304/ and all_by_ticket/MV5606/ using Direct Image Src
Uploaded MV5606_01_Sheet_Iron.jpg to test/Sheet_Iron/ and all_by_ticket/MV5606/ using Direct Image Src
Uploaded MV5606_03_Cast_Aluminum.jpg to test/Cast_Aluminum/ and all_by_ticket/MV5606/ using Direct Image Src
Uploaded 3 image(s) for MV5606
Opening ticket MV5603...
Downloading images for MV5603...
Waiting for ticket detail for MV5603...
Found 1 ticket item card(s).
Uploaded MV5603_01_Sheet_Iron.jpg to train/Sheet_Iron/ and all_by_ticket/MV5603/ using Direct Image Src
Uploaded 1 image(s) for MV5603
Opening ticket MV5602...
Downloading images for MV5602...
Waiting for ticket detail for MV5602...
Found 11 ticket item card(s).
Uploaded MV5602_03_Irony_SS.jpg to train/Irony_SS/ and all_by_ticket/MV5602/ using Direct Image Src
Uploaded MV5602_05_2_Insulated_Wire.jpg to train/2_Insulated_Wire/ and all_by_ticket/MV5602/ using Direct Image Src
Uploaded MV5602_02_Sheet_Iron.jpg to train/Sheet_Iron/ and all_by_ticket/MV5602/ using Direct Image Src
Uploaded MV5602_04_Sheet_Iron.jpg to train/Sheet_Iron/ and all_by_ticket/MV5602/ using Direct Image Src
Uploaded MV5602_06_Sheet_Iron.jpg to train/Sheet_Iron/ and all_by_ticket/MV5602/ using Direct Image Src
Uploaded MV5602_01_Lead.jpg to train/Lead/ and all_by_ticket/MV5602/ using Direct Image Src
Uploaded MV5602_08_Dirty_Brass.jpg to train/Dirty_Brass/ and all_by_ticket/MV5602/ using Direct Image Src
Uploaded MV5602_07_2_Copper.jpg to train/2_Copper/ and all_by_ticket/MV5602/ using Direct Image Src
Uploaded MV5602_09_Irony_Aluminum.jpg to train/Irony_Aluminum/ and all_by_ticket/MV5602/ using Direct Image Src
Uploaded MV5602_11_Extrusion.jpg to test/Extrusion/ and all_by_ticket/MV5602/ using Direct Image Src
Uploaded MV5602_10_Irony_Aluminum.jpg to train/Irony_Aluminum/ and all_by_ticket/MV5602/ using Direct Image Src
Uploaded 11 image(s) for MV5602
Pagination before click: 181 - 190 of 271
Pagination after click: 191 - 200 of 271

Processing results page 20...
Scraping ticket numbers from current page...
Waiting for search results...
Found 10 ticket(s) on this page after status filtering: ['MV5621', 'MV5620', 'MV5619', 'MV5618', 'MV5617', 'MV5616', 'MV5615', 'MV5614', 'MV5613', 'MV5612']
Opening ticket MV5621...
Downloading images for MV5621...
Waiting for ticket detail for MV5621...
Found 5 ticket item card(s).
Uploaded MV5621_03_Sheet_Aluminum.jpg to train/Sheet_Aluminum/ and all_by_ticket/MV5621/ using Direct Image Src
Uploaded MV5621_02_Irony_Aluminum.jpg to train/Irony_Aluminum/ and all_by_ticket/MV5621/ using Direct Image Src
Uploaded MV5621_05_Aluminum_Cans.jpg to train/Aluminum_Cans/ and all_by_ticket/MV5621/ using Direct Image Src
Uploaded MV5621_04_Aluminum_Radiator.jpg to train/Aluminum_Radiator/ and all_by_ticket/MV5621/ using Direct Image Src
Uploaded MV5621_01_Sheet_Iron.jpg to train/Sheet_Iron/ and all_by_ticket/MV5621/ using Direct Image Src
Uploaded 5 image(s) for MV5621
Opening ticket MV5620...
Downloading images for MV5620...
Waiting for ticket detail for MV5620...
Found 1 ticket item card(s).
Uploaded MV5620_01_Yellow_Brass_Clean.jpg to train/Yellow_Brass_Clean/ and all_by_ticket/MV5620/ using Direct Image Src
Uploaded 1 image(s) for MV5620
Opening ticket MV5619...
Downloading images for MV5619...
Waiting for ticket detail for MV5619...
Found 1 ticket item card(s).
Uploaded MV5619_01_Gutters_Siding.jpg to train/Gutters_Siding/ and all_by_ticket/MV5619/ using Direct Image Src
Uploaded 1 image(s) for MV5619
Opening ticket MV5618...
Downloading images for MV5618...
Waiting for ticket detail for MV5618...
Found 1 ticket item card(s).
Uploaded MV5618_01_1_Copper.jpg to train/1_Copper/ and all_by_ticket/MV5618/ using Direct Image Src
Uploaded 1 image(s) for MV5618
Opening ticket MV5617...
Downloading images for MV5617...
Waiting for ticket detail for MV5617...
Found 1 ticket item card(s).
Uploaded MV5617_01_Cast_Aluminum.jpg to train/Cast_Aluminum/ and all_by_ticket/MV5617/ using Direct Image Src
Uploaded 1 image(s) for MV5617
Opening ticket MV5616...
Downloading images for MV5616...
Waiting for ticket detail for MV5616...
Found 9 ticket item card(s).
Uploaded MV5616_01_Sheet_Iron.jpg to train/Sheet_Iron/ and all_by_ticket/MV5616/ using Direct Image Src
Uploaded MV5616_04_Starter.jpg to train/Starter/ and all_by_ticket/MV5616/ using Direct Image Src
Uploaded MV5616_03_Aluminum_Radiator.jpg to train/Aluminum_Radiator/ and all_by_ticket/MV5616/ using Direct Image Src
Uploaded MV5616_05_Sheet_Aluminum.jpg to train/Sheet_Aluminum/ and all_by_ticket/MV5616/ using Direct Image Src
Uploaded MV5616_02_Alternator.jpg to train/Alternator/ and all_by_ticket/MV5616/ using Direct Image Src
Uploaded MV5616_09_Irony_Brass_50.jpg to train/Irony_Brass_50/ and all_by_ticket/MV5616/ using Direct Image Src
Uploaded MV5616_07_Dirty_Brass.jpg to train/Dirty_Brass/ and all_by_ticket/MV5616/ using Direct Image Src
Uploaded MV5616_06_2_Insulated_Wire.jpg to train/2_Insulated_Wire/ and all_by_ticket/MV5616/ using Direct Image Src
Uploaded MV5616_08_Gutters_Siding.jpg to train/Gutters_Siding/ and all_by_ticket/MV5616/ using Direct Image Src
Uploaded 9 image(s) for MV5616
Opening ticket MV5615...
Downloading images for MV5615...
Waiting for ticket detail for MV5615...
Found 8 ticket item card(s).
Uploaded MV5615_01_AluminumCopper_Radiator.jpg to train/AluminumCopper_Radiator/ and all_by_ticket/MV5615/ using Direct Image Src
Uploaded MV5615_02_1_Copper.jpg to val/1_Copper/ and all_by_ticket/MV5615/ using Direct Image Src
Uploaded MV5615_07_Yellow_Brass_Clean.jpg to train/Yellow_Brass_Clean/ and all_by_ticket/MV5615/ using Direct Image Src
Uploaded MV5615_03_BareBright.jpg to train/BareBright/ and all_by_ticket/MV5615/ using Direct Image Src
Uploaded MV5615_04_2_Copper.jpg to train/2_Copper/ and all_by_ticket/MV5615/ using Direct Image Src
Uploaded MV5615_06_Auto_Batteries.jpg to train/Auto_Batteries/ and all_by_ticket/MV5615/ using Direct Image Src
Uploaded MV5615_05_2_Insulated_Wire.jpg to train/2_Insulated_Wire/ and all_by_ticket/MV5615/ using Direct Image Src
Uploaded MV5615_08_Electric_Motor.jpg to test/Electric_Motor/ and all_by_ticket/MV5615/ using Direct Image Src
Uploaded 8 image(s) for MV5615
Opening ticket MV5614...
Downloading images for MV5614...
Waiting for ticket detail for MV5614...
Found 4 ticket item card(s).
Uploaded MV5614_02_Auto_Batteries.jpg to train/Auto_Batteries/ and all_by_ticket/MV5614/ using Direct Image Src
Uploaded MV5614_04_Sheet_Iron.jpg to train/Sheet_Iron/ and all_by_ticket/MV5614/ using Direct Image Src
Uploaded MV5614_03_Auto_Batteries.jpg to test/Auto_Batteries/ and all_by_ticket/MV5614/ using Direct Image Src
Uploaded MV5614_01_Auto_Batteries.jpg to train/Auto_Batteries/ and all_by_ticket/MV5614/ using Direct Image Src
Uploaded 4 image(s) for MV5614
Opening ticket MV5613...
Downloading images for MV5613...
Waiting for ticket detail for MV5613...
Found 1 ticket item card(s).
Uploaded MV5613_01_Aluminum_Rim_Clean.jpg to train/Aluminum_Rim_Clean/ and all_by_ticket/MV5613/ using Direct Image Src
Uploaded 1 image(s) for MV5613
Opening ticket MV5612...
Downloading images for MV5612...
Waiting for ticket detail for MV5612...
Found 1 ticket item card(s).
Uploaded MV5612_01_Sheet_Iron.jpg to train/Sheet_Iron/ and all_by_ticket/MV5612/ using Direct Image Src
Uploaded 1 image(s) for MV5612
Pagination before click: 191 - 200 of 271
Pagination after click: 201 - 210 of 271

Processing results page 21...
Scraping ticket numbers from current page...
Waiting for search results...
Found 10 ticket(s) on this page after status filtering: ['MV5631', 'MV5630', 'MV5629', 'MV5628', 'MV5627', 'MV5626', 'MV5625', 'MV5624', 'MV5623', 'MV5622']
Opening ticket MV5631...
Downloading images for MV5631...
Waiting for ticket detail for MV5631...
Found 2 ticket item card(s).
Uploaded MV5631_02_2_Copper.jpg to train/2_Copper/ and all_by_ticket/MV5631/ using Direct Image Src
Uploaded MV5631_01_BareBright.jpg to val/BareBright/ and all_by_ticket/MV5631/ using Direct Image Src
Uploaded 2 image(s) for MV5631
Opening ticket MV5630...
Downloading images for MV5630...
Waiting for ticket detail for MV5630...
Found 2 ticket item card(s).
Uploaded MV5630_02_2_Copper.jpg to test/2_Copper/ and all_by_ticket/MV5630/ using Direct Image Src
Uploaded MV5630_01_Lead.jpg to val/Lead/ and all_by_ticket/MV5630/ using Direct Image Src
Uploaded 2 image(s) for MV5630
Opening ticket MV5629...
Downloading images for MV5629...
Waiting for ticket detail for MV5629...
Found 6 ticket item card(s).
Uploaded MV5629_02_Cast_Aluminum.jpg to train/Cast_Aluminum/ and all_by_ticket/MV5629/ using Direct Image Src
Uploaded MV5629_01_Sheet_Iron.jpg to train/Sheet_Iron/ and all_by_ticket/MV5629/ using Direct Image Src
Uploaded MV5629_04_2_Copper.jpg to train/2_Copper/ and all_by_ticket/MV5629/ using Direct Image Src
Uploaded MV5629_05_Electric_Motor.jpg to train/Electric_Motor/ and all_by_ticket/MV5629/ using Direct Image Src
Uploaded MV5629_03_Sheet_Iron.jpg to train/Sheet_Iron/ and all_by_ticket/MV5629/ using Direct Image Src
Uploaded MV5629_06_Sheet_Iron.jpg to train/Sheet_Iron/ and all_by_ticket/MV5629/ using Direct Image Src
Uploaded 6 image(s) for MV5629
Opening ticket MV5628...
Downloading images for MV5628...
Waiting for ticket detail for MV5628...
Found 3 ticket item card(s).
Uploaded MV5628_01_Irony_Aluminum.jpg to train/Irony_Aluminum/ and all_by_ticket/MV5628/ using Direct Image Src
Uploaded MV5628_02_Aluminum_Cans.jpg to train/Aluminum_Cans/ and all_by_ticket/MV5628/ using Direct Image Src
Uploaded MV5628_03_Sheet_Iron.jpg to train/Sheet_Iron/ and all_by_ticket/MV5628/ using Direct Image Src
Uploaded 3 image(s) for MV5628
Opening ticket MV5627...
Downloading images for MV5627...
Waiting for ticket detail for MV5627...
Found 3 ticket item card(s).
Uploaded MV5627_01_Sheet_Iron.jpg to train/Sheet_Iron/ and all_by_ticket/MV5627/ using Direct Image Src
Uploaded MV5627_02_Sheet_Iron.jpg to test/Sheet_Iron/ and all_by_ticket/MV5627/ using Direct Image Src
Uploaded MV5627_03_Sheet_Iron.jpg to train/Sheet_Iron/ and all_by_ticket/MV5627/ using Direct Image Src
Uploaded 3 image(s) for MV5627
Opening ticket MV5626...
Downloading images for MV5626...
Waiting for ticket detail for MV5626...
Found 1 ticket item card(s).
Uploaded MV5626_01_Aluminum_Cans.jpg to val/Aluminum_Cans/ and all_by_ticket/MV5626/ using Direct Image Src
Uploaded 1 image(s) for MV5626
Opening ticket MV5625...
Downloading images for MV5625...
Waiting for ticket detail for MV5625...
Found 1 ticket item card(s).
Uploaded MV5625_01_BareBright.jpg to val/BareBright/ and all_by_ticket/MV5625/ using Direct Image Src
Uploaded 1 image(s) for MV5625
Opening ticket MV5624...
Downloading images for MV5624...
Waiting for ticket detail for MV5624...
Found 5 ticket item card(s).
Uploaded MV5624_03_Dirty_Brass.jpg to train/Dirty_Brass/ and all_by_ticket/MV5624/ using Direct Image Src
Uploaded MV5624_02_Dirty_Brass.jpg to test/Dirty_Brass/ and all_by_ticket/MV5624/ using Direct Image Src
Uploaded MV5624_01_2_Copper.jpg to train/2_Copper/ and all_by_ticket/MV5624/ using Direct Image Src
Uploaded MV5624_05_Sheet_Iron.jpg to train/Sheet_Iron/ and all_by_ticket/MV5624/ using Direct Image Src
Uploaded MV5624_04_Extrusion.jpg to train/Extrusion/ and all_by_ticket/MV5624/ using Direct Image Src
Uploaded 5 image(s) for MV5624
Opening ticket MV5623...
Downloading images for MV5623...
Waiting for ticket detail for MV5623...
Found 1 ticket item card(s).
Uploaded MV5623_01_Extrusion.jpg to train/Extrusion/ and all_by_ticket/MV5623/ using Direct Image Src
Uploaded 1 image(s) for MV5623
Opening ticket MV5622...
Downloading images for MV5622...
Waiting for ticket detail for MV5622...
Found 1 ticket item card(s).
Uploaded MV5622_01_Aluminum_Cans.jpg to train/Aluminum_Cans/ and all_by_ticket/MV5622/ using Direct Image Src
Uploaded 1 image(s) for MV5622
Pagination before click: 201 - 210 of 271
Pagination after click: 211 - 220 of 271

Processing results page 22...
Scraping ticket numbers from current page...
Waiting for search results...
Skipping ticket MV5634 due to status: CANCEL
Found 9 ticket(s) on this page after status filtering: ['MV5641', 'MV5640', 'MV5639', 'MV5638', 'MV5637', 'MV5636', 'MV5635', 'MV5633', 'MV5632']
Opening ticket MV5641...
Downloading images for MV5641...
Waiting for ticket detail for MV5641...
Found 3 ticket item card(s).
Uploaded MV5641_02_2_Insulated_Wire.jpg to train/2_Insulated_Wire/ and all_by_ticket/MV5641/ using Direct Image Src
Uploaded MV5641_01_2_Copper.jpg to train/2_Copper/ and all_by_ticket/MV5641/ using Direct Image Src
Uploaded MV5641_03_BareBright.jpg to train/BareBright/ and all_by_ticket/MV5641/ using Direct Image Src
Uploaded 3 image(s) for MV5641
Opening ticket MV5640...
Downloading images for MV5640...
Waiting for ticket detail for MV5640...
Found 3 ticket item card(s).
Uploaded MV5640_03_Sheet_Aluminum.jpg to val/Sheet_Aluminum/ and all_by_ticket/MV5640/ using Direct Image Src
Uploaded MV5640_01_Sheet_Iron.jpg to train/Sheet_Iron/ and all_by_ticket/MV5640/ using Direct Image Src
Uploaded MV5640_02_Copper_Breakage.jpg to train/Copper_Breakage/ and all_by_ticket/MV5640/ using Direct Image Src
Uploaded 3 image(s) for MV5640
Opening ticket MV5639...
Downloading images for MV5639...
Waiting for ticket detail for MV5639...
Found 4 ticket item card(s).
Uploaded MV5639_01_1_Insulated_Wire.jpg to train/1_Insulated_Wire/ and all_by_ticket/MV5639/ using Direct Image Src
Uploaded MV5639_02_Cat_56.jpg to val/Cat_56/ and all_by_ticket/MV5639/ using Direct Image Src
Uploaded MV5639_04_MC_Metal_Shield.jpg to val/MC_Metal_Shield/ and all_by_ticket/MV5639/ using Direct Image Src
Uploaded MV5639_03_Cast_Aluminum.jpg to train/Cast_Aluminum/ and all_by_ticket/MV5639/ using Direct Image Src
Uploaded 4 image(s) for MV5639
Opening ticket MV5638...
Downloading images for MV5638...
Waiting for ticket detail for MV5638...
Found 4 ticket item card(s).
Uploaded MV5638_01_Sheet_Iron.jpg to train/Sheet_Iron/ and all_by_ticket/MV5638/ using Direct Image Src
Uploaded MV5638_04_Circuit_Board_Low_Grade.jpg to train/Circuit_Board_Low_Grade/ and all_by_ticket/MV5638/ using Direct Image Src
Uploaded MV5638_03_Electric_Motor.jpg to val/Electric_Motor/ and all_by_ticket/MV5638/ using Direct Image Src
Uploaded MV5638_02_2_Copper.jpg to train/2_Copper/ and all_by_ticket/MV5638/ using Direct Image Src
Uploaded 4 image(s) for MV5638
Opening ticket MV5637...
Downloading images for MV5637...
Waiting for ticket detail for MV5637...
Found 1 ticket item card(s).
Uploaded MV5637_01_BareBright.jpg to train/BareBright/ and all_by_ticket/MV5637/ using Direct Image Src
Uploaded 1 image(s) for MV5637
Opening ticket MV5636...
Downloading images for MV5636...
Waiting for ticket detail for MV5636...
Found 4 ticket item card(s).
Uploaded MV5636_01_Sheet_Iron.jpg to train/Sheet_Iron/ and all_by_ticket/MV5636/ using Direct Image Src
Uploaded MV5636_04_2_Insulated_Wire.jpg to train/2_Insulated_Wire/ and all_by_ticket/MV5636/ using Direct Image Src
Uploaded MV5636_03_Auto_Batteries.jpg to train/Auto_Batteries/ and all_by_ticket/MV5636/ using Direct Image Src
Uploaded MV5636_02_Sheet_Aluminum.jpg to val/Sheet_Aluminum/ and all_by_ticket/MV5636/ using Direct Image Src
Uploaded 4 image(s) for MV5636
Opening ticket MV5635...
Downloading images for MV5635...
Waiting for ticket detail for MV5635...
Found 6 ticket item card(s).
Uploaded MV5635_04_2_Copper.jpg to train/2_Copper/ and all_by_ticket/MV5635/ using Direct Image Src
Uploaded MV5635_01_Sheet_Iron.jpg to val/Sheet_Iron/ and all_by_ticket/MV5635/ using Direct Image Src
Uploaded MV5635_03_Acr_Radiator_Ends.jpg to train/Acr_Radiator_Ends/ and all_by_ticket/MV5635/ using Direct Image Src
Uploaded MV5635_02_Sealed_Units.jpg to train/Sealed_Units/ and all_by_ticket/MV5635/ using Direct Image Src
Uploaded MV5635_05_AluminumCopper_Radiator.jpg to train/AluminumCopper_Radiator/ and all_by_ticket/MV5635/ using Direct Image Src
Uploaded MV5635_06_Irony_Aluminum.jpg to train/Irony_Aluminum/ and all_by_ticket/MV5635/ using Direct Image Src
Uploaded 6 image(s) for MV5635
Opening ticket MV5633...
Downloading images for MV5633...
Waiting for ticket detail for MV5633...
Found 4 ticket item card(s).
Uploaded MV5633_01_Sheet_Aluminum.jpg to train/Sheet_Aluminum/ and all_by_ticket/MV5633/ using Direct Image Src
Uploaded MV5633_03_2_Copper.jpg to train/2_Copper/ and all_by_ticket/MV5633/ using Direct Image Src
Uploaded MV5633_04_Dirty_Brass.jpg to train/Dirty_Brass/ and all_by_ticket/MV5633/ using Direct Image Src
Uploaded MV5633_02_Extrusion.jpg to train/Extrusion/ and all_by_ticket/MV5633/ using Direct Image Src
Uploaded 4 image(s) for MV5633
Opening ticket MV5632...
Downloading images for MV5632...
Waiting for ticket detail for MV5632...
Found 8 ticket item card(s).
Uploaded MV5632_01_Sheet_Iron.jpg to train/Sheet_Iron/ and all_by_ticket/MV5632/ using Direct Image Src
Uploaded MV5632_03_Cast_Aluminum.jpg to train/Cast_Aluminum/ and all_by_ticket/MV5632/ using Direct Image Src
Uploaded MV5632_06_Sheet_Iron.jpg to train/Sheet_Iron/ and all_by_ticket/MV5632/ using Direct Image Src
Uploaded MV5632_02_Low_Grade_Insulated_Wire.jpg to train/Low_Grade_Insulated_Wire/ and all_by_ticket/MV5632/ using Direct Image Src
Uploaded MV5632_05_Circuit_Board_Mid_Grade.jpg to train/Circuit_Board_Mid_Grade/ and all_by_ticket/MV5632/ using Direct Image Src
Uploaded MV5632_04_2_Copper.jpg to train/2_Copper/ and all_by_ticket/MV5632/ using Direct Image Src
Uploaded MV5632_08_Low_Grade_Insulated_Wire.jpg to test/Low_Grade_Insulated_Wire/ and all_by_ticket/MV5632/ using Direct Image Src
Uploaded MV5632_07_Hard_Drive.jpg to train/Hard_Drive/ and all_by_ticket/MV5632/ using Direct Image Src
Uploaded 8 image(s) for MV5632
Pagination before click: 211 - 220 of 271
Pagination after click: 221 - 230 of 271

Processing results page 23...
Scraping ticket numbers from current page...
Waiting for search results...
Skipping ticket MV5644 due to status: CANCEL
Skipping ticket MV5643 due to status: CANCEL
Found 8 ticket(s) on this page after status filtering: ['MV5651', 'MV5650', 'MV5649', 'MV5648', 'MV5647', 'MV5646', 'MV5645', 'MV5642']
Opening ticket MV5651...
Downloading images for MV5651...
Waiting for ticket detail for MV5651...
Found 3 ticket item card(s).
Uploaded MV5651_01_Sheet_Iron.jpg to train/Sheet_Iron/ and all_by_ticket/MV5651/ using Direct Image Src
Uploaded MV5651_02_Irony_Aluminum.jpg to train/Irony_Aluminum/ and all_by_ticket/MV5651/ using Direct Image Src
Uploaded MV5651_03_Alternator.jpg to train/Alternator/ and all_by_ticket/MV5651/ using Direct Image Src
Uploaded 3 image(s) for MV5651
Opening ticket MV5650...
Downloading images for MV5650...
Waiting for ticket detail for MV5650...
Found 5 ticket item card(s).
Uploaded MV5650_03_Cast_Aluminum.jpg to train/Cast_Aluminum/ and all_by_ticket/MV5650/ using Direct Image Src
Uploaded MV5650_01_Dirty_Brass.jpg to train/Dirty_Brass/ and all_by_ticket/MV5650/ using Direct Image Src
Uploaded MV5650_04_Aluminum_Rim_Clean.jpg to train/Aluminum_Rim_Clean/ and all_by_ticket/MV5650/ using Direct Image Src
Uploaded MV5650_05_Extrusion.jpg to train/Extrusion/ and all_by_ticket/MV5650/ using Direct Image Src
Uploaded MV5650_02_Sheet_Aluminum.jpg to train/Sheet_Aluminum/ and all_by_ticket/MV5650/ using Direct Image Src
Uploaded 5 image(s) for MV5650
Opening ticket MV5649...
Downloading images for MV5649...
Waiting for ticket detail for MV5649...
Found 1 ticket item card(s).
Uploaded MV5649_01_Sheet_Iron.jpg to train/Sheet_Iron/ and all_by_ticket/MV5649/ using Direct Image Src
Uploaded 1 image(s) for MV5649
Opening ticket MV5648...
Downloading images for MV5648...
Waiting for ticket detail for MV5648...
Found 1 ticket item card(s).
Uploaded MV5648_01_Sheet_Iron.jpg to train/Sheet_Iron/ and all_by_ticket/MV5648/ using Direct Image Src
Uploaded 1 image(s) for MV5648
Opening ticket MV5647...
Downloading images for MV5647...
Waiting for ticket detail for MV5647...
Found 6 ticket item card(s).
Uploaded MV5647_01_Sheet_Iron.jpg to val/Sheet_Iron/ and all_by_ticket/MV5647/ using Direct Image Src
Uploaded MV5647_03_2_Insulated_Wire.jpg to test/2_Insulated_Wire/ and all_by_ticket/MV5647/ using Direct Image Src
Uploaded MV5647_04_Lead.jpg to train/Lead/ and all_by_ticket/MV5647/ using Direct Image Src
Uploaded MV5647_05_BareBright.jpg to test/BareBright/ and all_by_ticket/MV5647/ using Direct Image Src
Uploaded MV5647_02_Extrusion.jpg to train/Extrusion/ and all_by_ticket/MV5647/ using Direct Image Src
Uploaded MV5647_06_Dirty_Brass.jpg to train/Dirty_Brass/ and all_by_ticket/MV5647/ using Direct Image Src
Uploaded 6 image(s) for MV5647
Opening ticket MV5646...
Downloading images for MV5646...
Waiting for ticket detail for MV5646...
Found 4 ticket item card(s).
Uploaded MV5646_03_BareBright.jpg to train/BareBright/ and all_by_ticket/MV5646/ using Direct Image Src
Uploaded MV5646_02_2_Copper.jpg to train/2_Copper/ and all_by_ticket/MV5646/ using Direct Image Src
Uploaded MV5646_01_Aluminum_Wire_Clean_No_Insulation.jpg to train/Aluminum_Wire_Clean_No_Insulation/ and all_by_ticket/MV5646/ using Direct Image Src
Uploaded MV5646_04_Auto_Batteries.jpg to test/Auto_Batteries/ and all_by_ticket/MV5646/ using Direct Image Src
Uploaded 4 image(s) for MV5646
Opening ticket MV5645...
Downloading images for MV5645...
Waiting for ticket detail for MV5645...
Found 5 ticket item card(s).
Uploaded MV5645_02_Unclean_Extrusion.jpg to train/Unclean_Extrusion/ and all_by_ticket/MV5645/ using Direct Image Src
Uploaded MV5645_04_Unclean_Extrusion.jpg to train/Unclean_Extrusion/ and all_by_ticket/MV5645/ using Direct Image Src
Uploaded MV5645_01_Unclean_Extrusion.jpg to train/Unclean_Extrusion/ and all_by_ticket/MV5645/ using Direct Image Src
Uploaded MV5645_05_Unclean_Extrusion.jpg to test/Unclean_Extrusion/ and all_by_ticket/MV5645/ using Direct Image Src
Uploaded MV5645_03_Unclean_Extrusion.jpg to train/Unclean_Extrusion/ and all_by_ticket/MV5645/ using Direct Image Src
Uploaded 5 image(s) for MV5645
Opening ticket MV5642...
Downloading images for MV5642...
Waiting for ticket detail for MV5642...
Found 8 ticket item card(s).
Uploaded MV5642_02_Cast_Aluminum.jpg to train/Cast_Aluminum/ and all_by_ticket/MV5642/ using Direct Image Src
Uploaded MV5642_04_BareBright.jpg to train/BareBright/ and all_by_ticket/MV5642/ using Direct Image Src
Uploaded MV5642_03_Dirty_Brass.jpg to test/Dirty_Brass/ and all_by_ticket/MV5642/ using Direct Image Src
Uploaded MV5642_06_Dirty_Brass.jpg to train/Dirty_Brass/ and all_by_ticket/MV5642/ using Direct Image Src
Uploaded MV5642_05_2_Copper.jpg to train/2_Copper/ and all_by_ticket/MV5642/ using Direct Image Src
Uploaded MV5642_01_2_Insulated_Wire.jpg to train/2_Insulated_Wire/ and all_by_ticket/MV5642/ using Direct Image Src
Uploaded MV5642_08_1_Insulated_Wire.jpg to test/1_Insulated_Wire/ and all_by_ticket/MV5642/ using Direct Image Src
Uploaded MV5642_07_2_Insulated_Wire.jpg to train/2_Insulated_Wire/ and all_by_ticket/MV5642/ using Direct Image Src
Uploaded 8 image(s) for MV5642
Pagination before click: 221 - 230 of 271
Pagination after click: 231 - 240 of 271

Processing results page 24...
Scraping ticket numbers from current page...
Waiting for search results...
Skipping ticket MV5661 due to status: CANCEL
Found 9 ticket(s) on this page after status filtering: ['MV5660', 'MV5659', 'MV5658', 'MV5657', 'MV5656', 'MV5655', 'MV5654', 'MV5653', 'MV5652']
Opening ticket MV5660...
Downloading images for MV5660...
Waiting for ticket detail for MV5660...
Found 1 ticket item card(s).
Uploaded MV5660_01_Aluminum_Cans.jpg to train/Aluminum_Cans/ and all_by_ticket/MV5660/ using Direct Image Src
Uploaded 1 image(s) for MV5660
Opening ticket MV5659...
Downloading images for MV5659...
Waiting for ticket detail for MV5659...
Found 3 ticket item card(s).
Uploaded MV5659_02_2_Copper.jpg to train/2_Copper/ and all_by_ticket/MV5659/ using Direct Image Src
Uploaded MV5659_01_Extrusion.jpg to train/Extrusion/ and all_by_ticket/MV5659/ using Direct Image Src
Uploaded MV5659_03_Aluminum_Radiator.jpg to train/Aluminum_Radiator/ and all_by_ticket/MV5659/ using Direct Image Src
Uploaded 3 image(s) for MV5659
Opening ticket MV5658...
Downloading images for MV5658...
Waiting for ticket detail for MV5658...
Found 3 ticket item card(s).
Uploaded MV5658_02_Irony_Aluminum.jpg to test/Irony_Aluminum/ and all_by_ticket/MV5658/ using Direct Image Src
Uploaded MV5658_01_Motor_Cast_Rotors.jpg to train/Motor_Cast_Rotors/ and all_by_ticket/MV5658/ using Direct Image Src
Uploaded MV5658_03_Sealed_Units.jpg to train/Sealed_Units/ and all_by_ticket/MV5658/ using Direct Image Src
Uploaded 3 image(s) for MV5658
Opening ticket MV5657...
Downloading images for MV5657...
Waiting for ticket detail for MV5657...
Found 1 ticket item card(s).
Uploaded MV5657_01_Sheet_Iron.jpg to train/Sheet_Iron/ and all_by_ticket/MV5657/ using Direct Image Src
Uploaded 1 image(s) for MV5657
Opening ticket MV5656...
Downloading images for MV5656...
Waiting for ticket detail for MV5656...
Found 1 ticket item card(s).
Uploaded MV5656_01_Sheet_Iron.jpg to train/Sheet_Iron/ and all_by_ticket/MV5656/ using Direct Image Src
Uploaded 1 image(s) for MV5656
Opening ticket MV5655...
Downloading images for MV5655...
Waiting for ticket detail for MV5655...
Found 3 ticket item card(s).
Uploaded MV5655_03_2_Copper.jpg to train/2_Copper/ and all_by_ticket/MV5655/ using Direct Image Src
Uploaded MV5655_01_Sheet_Iron.jpg to train/Sheet_Iron/ and all_by_ticket/MV5655/ using Direct Image Src
Uploaded MV5655_02_Sheet_Aluminum.jpg to test/Sheet_Aluminum/ and all_by_ticket/MV5655/ using Direct Image Src
Uploaded 3 image(s) for MV5655
Opening ticket MV5654...
Downloading images for MV5654...
Waiting for ticket detail for MV5654...
Found 5 ticket item card(s).
Uploaded MV5654_02_AluminumCopper_Radiator.jpg to train/AluminumCopper_Radiator/ and all_by_ticket/MV5654/ using Direct Image Src
Uploaded MV5654_01_Sheet_Iron.jpg to train/Sheet_Iron/ and all_by_ticket/MV5654/ using Direct Image Src
Uploaded MV5654_03_2_Copper.jpg to train/2_Copper/ and all_by_ticket/MV5654/ using Direct Image Src
Uploaded MV5654_05_Compressors.jpg to test/Compressors/ and all_by_ticket/MV5654/ using Direct Image Src
Uploaded MV5654_04_Electric_Motor.jpg to train/Electric_Motor/ and all_by_ticket/MV5654/ using Direct Image Src
Uploaded 5 image(s) for MV5654
Opening ticket MV5653...
Downloading images for MV5653...
Waiting for ticket detail for MV5653...
Found 8 ticket item card(s).
Uploaded MV5653_01_Sheet_Iron.jpg to train/Sheet_Iron/ and all_by_ticket/MV5653/ using Direct Image Src
Uploaded MV5653_02_Aluminum_Cans.jpg to val/Aluminum_Cans/ and all_by_ticket/MV5653/ using Direct Image Src
Uploaded MV5653_05_304.jpg to train/304/ and all_by_ticket/MV5653/ using Direct Image Src
Uploaded MV5653_03_Auto_Batteries.jpg to train/Auto_Batteries/ and all_by_ticket/MV5653/ using Direct Image Src
Uploaded MV5653_04_2_Insulated_Wire.jpg to train/2_Insulated_Wire/ and all_by_ticket/MV5653/ using Direct Image Src
Uploaded MV5653_08_Electric_Motor.jpg to train/Electric_Motor/ and all_by_ticket/MV5653/ using Direct Image Src
Uploaded MV5653_06_Cast_Aluminum.jpg to val/Cast_Aluminum/ and all_by_ticket/MV5653/ using Direct Image Src
Uploaded MV5653_07_2_Copper.jpg to train/2_Copper/ and all_by_ticket/MV5653/ using Direct Image Src
Uploaded 8 image(s) for MV5653
Opening ticket MV5652...
Downloading images for MV5652...
Waiting for ticket detail for MV5652...
Found 1 ticket item card(s).
Uploaded MV5652_01_2_Insulated_Wire.jpg to train/2_Insulated_Wire/ and all_by_ticket/MV5652/ using Direct Image Src
Uploaded 1 image(s) for MV5652
Pagination before click: 231 - 240 of 271
Pagination after click: 241 - 250 of 271

Processing results page 25...
Scraping ticket numbers from current page...
Waiting for search results...
Skipping ticket MV5670 due to status: VOID
Skipping ticket MV5668 due to status: VOID
Found 8 ticket(s) on this page after status filtering: ['MV5671', 'MV5669', 'MV5667', 'MV5666', 'MV5665', 'MV5664', 'MV5663', 'MV5662']
Opening ticket MV5671...
Downloading images for MV5671...
Waiting for ticket detail for MV5671...
Found 2 ticket item card(s).
Uploaded MV5671_02_BareBright.jpg to train/BareBright/ and all_by_ticket/MV5671/ using Direct Image Src
Uploaded MV5671_01_1_Insulated_Wire.jpg to train/1_Insulated_Wire/ and all_by_ticket/MV5671/ using Direct Image Src
Uploaded 2 image(s) for MV5671
Opening ticket MV5669...
Downloading images for MV5669...
Waiting for ticket detail for MV5669...
Found 3 ticket item card(s).
Uploaded MV5669_02_Cast_Aluminum.jpg to train/Cast_Aluminum/ and all_by_ticket/MV5669/ using Direct Image Src
Uploaded MV5669_01_2_Insulated_Wire.jpg to val/2_Insulated_Wire/ and all_by_ticket/MV5669/ using Direct Image Src
Uploaded MV5669_03_304.jpg to train/304/ and all_by_ticket/MV5669/ using Direct Image Src
Uploaded 3 image(s) for MV5669
Opening ticket MV5667...
Downloading images for MV5667...
Waiting for ticket detail for MV5667...
Found 4 ticket item card(s).
Uploaded MV5667_03_BareBright.jpg to train/BareBright/ and all_by_ticket/MV5667/ using Direct Image Src
Uploaded MV5667_01_Sheet_Aluminum.jpg to train/Sheet_Aluminum/ and all_by_ticket/MV5667/ using Direct Image Src
Uploaded MV5667_02_Yellow_Brass_Clean.jpg to train/Yellow_Brass_Clean/ and all_by_ticket/MV5667/ using Direct Image Src
Uploaded MV5667_04_2_Copper.jpg to train/2_Copper/ and all_by_ticket/MV5667/ using Direct Image Src
Uploaded 4 image(s) for MV5667
Opening ticket MV5666...
Downloading images for MV5666...
Waiting for ticket detail for MV5666...
Found 2 ticket item card(s).
Uploaded MV5666_02_Sheet_Iron.jpg to train/Sheet_Iron/ and all_by_ticket/MV5666/ using Direct Image Src
Uploaded MV5666_01_Extrusion.jpg to val/Extrusion/ and all_by_ticket/MV5666/ using Direct Image Src
Uploaded 2 image(s) for MV5666
Opening ticket MV5665...
Downloading images for MV5665...
Waiting for ticket detail for MV5665...
Found 9 ticket item card(s).
Uploaded MV5665_04_Aluminum_Cans.jpg to train/Aluminum_Cans/ and all_by_ticket/MV5665/ using Direct Image Src
Uploaded MV5665_03_Cast_Aluminum.jpg to train/Cast_Aluminum/ and all_by_ticket/MV5665/ using Direct Image Src
Uploaded MV5665_02_Irony_SS.jpg to train/Irony_SS/ and all_by_ticket/MV5665/ using Direct Image Src
Uploaded MV5665_01_Sheet_Iron.jpg to test/Sheet_Iron/ and all_by_ticket/MV5665/ using Direct Image Src
Uploaded MV5665_09_Sheet_Aluminum.jpg to val/Sheet_Aluminum/ and all_by_ticket/MV5665/ using Direct Image Src
Uploaded MV5665_05_2_Insulated_Wire.jpg to val/2_Insulated_Wire/ and all_by_ticket/MV5665/ using Direct Image Src
Uploaded MV5665_08_Irony_Aluminum.jpg to train/Irony_Aluminum/ and all_by_ticket/MV5665/ using Direct Image Src
Uploaded MV5665_06_Motor_Cast_Rotors.jpg to train/Motor_Cast_Rotors/ and all_by_ticket/MV5665/ using Direct Image Src
Uploaded MV5665_07_Electric_Motor.jpg to train/Electric_Motor/ and all_by_ticket/MV5665/ using Direct Image Src
Uploaded 9 image(s) for MV5665
Opening ticket MV5664...
Downloading images for MV5664...
Waiting for ticket detail for MV5664...
Found 1 ticket item card(s).
Uploaded MV5664_01_Sheet_Iron.jpg to train/Sheet_Iron/ and all_by_ticket/MV5664/ using Direct Image Src
Uploaded 1 image(s) for MV5664
Opening ticket MV5663...
Downloading images for MV5663...
Waiting for ticket detail for MV5663...
Found 11 ticket item card(s).
Uploaded MV5663_03_AluminumCopper_Radiator.jpg to train/AluminumCopper_Radiator/ and all_by_ticket/MV5663/ using Direct Image Src
Uploaded MV5663_02_2_Copper.jpg to train/2_Copper/ and all_by_ticket/MV5663/ using Direct Image Src
Uploaded MV5663_07_Aluminum_Radiator.jpg to train/Aluminum_Radiator/ and all_by_ticket/MV5663/ using Direct Image Src
Uploaded MV5663_01_Aluminum_Radiator.jpg to train/Aluminum_Radiator/ and all_by_ticket/MV5663/ using Direct Image Src
Uploaded MV5663_04_AluminumCopper_Radiator.jpg to train/AluminumCopper_Radiator/ and all_by_ticket/MV5663/ using Direct Image Src
Uploaded MV5663_05_AluminumCopper_Radiator.jpg to test/AluminumCopper_Radiator/ and all_by_ticket/MV5663/ using Direct Image Src
Uploaded MV5663_06_AluminumCopper_Radiator.jpg to train/AluminumCopper_Radiator/ and all_by_ticket/MV5663/ using Direct Image Src
Uploaded MV5663_08_AluminumCopper_Radiator.jpg to train/AluminumCopper_Radiator/ and all_by_ticket/MV5663/ using Direct Image Src
Uploaded MV5663_09_Irony_Brass_50.jpg to train/Irony_Brass_50/ and all_by_ticket/MV5663/ using Direct Image Src
Uploaded MV5663_10_Acr_Radiator_Ends.jpg to train/Acr_Radiator_Ends/ and all_by_ticket/MV5663/ using Direct Image Src
Uploaded MV5663_11_1_Insulated_Wire.jpg to train/1_Insulated_Wire/ and all_by_ticket/MV5663/ using Direct Image Src
Uploaded 11 image(s) for MV5663
Opening ticket MV5662...
Downloading images for MV5662...
Waiting for ticket detail for MV5662...
Found 2 ticket item card(s).
Uploaded MV5662_01_Lead.jpg to train/Lead/ and all_by_ticket/MV5662/ using Direct Image Src
Uploaded MV5662_02_Sheet_Iron.jpg to train/Sheet_Iron/ and all_by_ticket/MV5662/ using Direct Image Src
Uploaded 2 image(s) for MV5662
Pagination before click: 241 - 250 of 271
Pagination after click: 251 - 260 of 271

Processing results page 26...
Scraping ticket numbers from current page...
Waiting for search results...
Skipping ticket MV5678 due to status: VOID
Skipping ticket MV5677 due to status: VOID
Skipping ticket MV5674 due to status: VOID
Skipping ticket MV5673 due to status: VOID
Found 6 ticket(s) on this page after status filtering: ['MV5681', 'MV5680', 'MV5679', 'MV5676', 'MV5675', 'MV5672']
Opening ticket MV5681...
Downloading images for MV5681...
Waiting for ticket detail for MV5681...
Found 3 ticket item card(s).
Uploaded MV5681_01_Alternator.jpg to train/Alternator/ and all_by_ticket/MV5681/ using Direct Image Src
Uploaded MV5681_02_1_Insulated_Wire.jpg to train/1_Insulated_Wire/ and all_by_ticket/MV5681/ using Direct Image Src
Uploaded MV5681_03_BareBright.jpg to test/BareBright/ and all_by_ticket/MV5681/ using Direct Image Src
Uploaded 3 image(s) for MV5681
Opening ticket MV5680...
Downloading images for MV5680...
Waiting for ticket detail for MV5680...
Found 5 ticket item card(s).
Uploaded MV5680_02_Irony_ACR_Radiators.jpg to train/Irony_ACR_Radiators/ and all_by_ticket/MV5680/ using Direct Image Src
Uploaded MV5680_03_Electric_Motor.jpg to train/Electric_Motor/ and all_by_ticket/MV5680/ using Direct Image Src
Uploaded MV5680_01_Sheet_Iron.jpg to test/Sheet_Iron/ and all_by_ticket/MV5680/ using Direct Image Src
Uploaded MV5680_04_Sheet_Iron.jpg to val/Sheet_Iron/ and all_by_ticket/MV5680/ using Direct Image Src
Uploaded MV5680_05_Compressors.jpg to test/Compressors/ and all_by_ticket/MV5680/ using Direct Image Src
Uploaded 5 image(s) for MV5680
Opening ticket MV5679...
Downloading images for MV5679...
Waiting for ticket detail for MV5679...
Found 1 ticket item card(s).
Uploaded MV5679_01_Aluminum_Radiator.jpg to train/Aluminum_Radiator/ and all_by_ticket/MV5679/ using Direct Image Src
Uploaded 1 image(s) for MV5679
Opening ticket MV5676...
Downloading images for MV5676...
Waiting for ticket detail for MV5676...
Found 6 ticket item card(s).
Uploaded MV5676_01_Sheet_Iron.jpg to train/Sheet_Iron/ and all_by_ticket/MV5676/ using Direct Image Src
Uploaded MV5676_04_2_Copper.jpg to train/2_Copper/ and all_by_ticket/MV5676/ using Direct Image Src
Uploaded MV5676_05_Compressors.jpg to train/Compressors/ and all_by_ticket/MV5676/ using Direct Image Src
Uploaded MV5676_02_AluminumCopper_Radiator.jpg to train/AluminumCopper_Radiator/ and all_by_ticket/MV5676/ using Direct Image Src
Uploaded MV5676_03_Aluminum_Radiator.jpg to train/Aluminum_Radiator/ and all_by_ticket/MV5676/ using Direct Image Src
Uploaded MV5676_06_Cast_Aluminum.jpg to val/Cast_Aluminum/ and all_by_ticket/MV5676/ using Direct Image Src
Uploaded 6 image(s) for MV5676
Opening ticket MV5675...
Downloading images for MV5675...
Waiting for ticket detail for MV5675...
Found 3 ticket item card(s).
Uploaded MV5675_03_Extrusion.jpg to train/Extrusion/ and all_by_ticket/MV5675/ using Direct Image Src
Uploaded MV5675_01_Sheet_Aluminum.jpg to train/Sheet_Aluminum/ and all_by_ticket/MV5675/ using Direct Image Src
Uploaded MV5675_02_Unclean_Extrusion.jpg to train/Unclean_Extrusion/ and all_by_ticket/MV5675/ using Direct Image Src
Uploaded 3 image(s) for MV5675
Opening ticket MV5672...
Downloading images for MV5672...
Waiting for ticket detail for MV5672...
Found 2 ticket item card(s).
Uploaded MV5672_01_Aluminum_Cans.jpg to test/Aluminum_Cans/ and all_by_ticket/MV5672/ using Direct Image Src
Uploaded MV5672_02_BareBright.jpg to train/BareBright/ and all_by_ticket/MV5672/ using Direct Image Src
Uploaded 2 image(s) for MV5672
Pagination before click: 251 - 260 of 271
Pagination after click: 261 - 270 of 271

Processing results page 27...
Scraping ticket numbers from current page...
Waiting for search results...
Skipping ticket MV5690 due to status: VOID
Skipping ticket MV5684 due to status: VOID
Skipping ticket MV5683 due to status: VOID
Skipping ticket MV5682 due to status: VOID
Found 6 ticket(s) on this page after status filtering: ['MV5691', 'MV5689', 'MV5688', 'MV5687', 'MV5686', 'MV5685']
Opening ticket MV5691...
Downloading images for MV5691...
Waiting for ticket detail for MV5691...
Found 7 ticket item card(s).
Uploaded MV5691_06_Cast_Aluminum.jpg to train/Cast_Aluminum/ and all_by_ticket/MV5691/ using Direct Image Src
Uploaded MV5691_02_2_Insulated_Wire.jpg to test/2_Insulated_Wire/ and all_by_ticket/MV5691/ using Direct Image Src
Uploaded MV5691_05_Aluminum_Wire_Insulated.jpg to train/Aluminum_Wire_Insulated/ and all_by_ticket/MV5691/ using Direct Image Src
Uploaded MV5691_03_2_Copper.jpg to train/2_Copper/ and all_by_ticket/MV5691/ using Direct Image Src
Uploaded MV5691_04_AluminumCopper_Radiator.jpg to train/AluminumCopper_Radiator/ and all_by_ticket/MV5691/ using Direct Image Src
Uploaded MV5691_01_Sheet_Iron.jpg to train/Sheet_Iron/ and all_by_ticket/MV5691/ using Direct Image Src
Uploaded MV5691_07_Extrusion.jpg to train/Extrusion/ and all_by_ticket/MV5691/ using Direct Image Src
Uploaded 7 image(s) for MV5691
Opening ticket MV5689...
Downloading images for MV5689...
Waiting for ticket detail for MV5689...
Found 1 ticket item card(s).
Uploaded MV5689_01_Aluminum_Rim_Clean.jpg to train/Aluminum_Rim_Clean/ and all_by_ticket/MV5689/ using Direct Image Src
Uploaded 1 image(s) for MV5689
Opening ticket MV5688...
Downloading images for MV5688...
Waiting for ticket detail for MV5688...
Found 7 ticket item card(s).
Uploaded MV5688_07_2_Copper.jpg to train/2_Copper/ and all_by_ticket/MV5688/ using Direct Image Src
Uploaded MV5688_01_Sheet_Iron.jpg to train/Sheet_Iron/ and all_by_ticket/MV5688/ using Direct Image Src
Uploaded MV5688_04_2_Insulated_Wire.jpg to val/2_Insulated_Wire/ and all_by_ticket/MV5688/ using Direct Image Src
Uploaded MV5688_03_Cat_56.jpg to val/Cat_56/ and all_by_ticket/MV5688/ using Direct Image Src
Uploaded MV5688_02_Aluminum_Cans.jpg to train/Aluminum_Cans/ and all_by_ticket/MV5688/ using Direct Image Src
Uploaded MV5688_05_Low_Grade_Insulated_Wire.jpg to train/Low_Grade_Insulated_Wire/ and all_by_ticket/MV5688/ using Direct Image Src
Uploaded MV5688_06_BareBright.jpg to val/BareBright/ and all_by_ticket/MV5688/ using Direct Image Src
Uploaded 7 image(s) for MV5688
Opening ticket MV5687...
Downloading images for MV5687...
Waiting for ticket detail for MV5687...
Found 1 ticket item card(s).
Uploaded MV5687_01_Aluminum_Cans.jpg to train/Aluminum_Cans/ and all_by_ticket/MV5687/ using Direct Image Src
Uploaded 1 image(s) for MV5687
Opening ticket MV5686...
Downloading images for MV5686...
Waiting for ticket detail for MV5686...
Found 3 ticket item card(s).
Uploaded MV5686_01_Red_Brass.jpg to train/Red_Brass/ and all_by_ticket/MV5686/ using Direct Image Src
Uploaded MV5686_03_2_Copper.jpg to train/2_Copper/ and all_by_ticket/MV5686/ using Direct Image Src
Uploaded MV5686_02_Yellow_Brass_Clean.jpg to train/Yellow_Brass_Clean/ and all_by_ticket/MV5686/ using Direct Image Src
Uploaded 3 image(s) for MV5686
Opening ticket MV5685...
Downloading images for MV5685...
Waiting for ticket detail for MV5685...
Found 4 ticket item card(s).
Uploaded MV5685_03_Yellow_Brass_Clean.jpg to train/Yellow_Brass_Clean/ and all_by_ticket/MV5685/ using Direct Image Src
Uploaded MV5685_01_Low_Grade_Insulated_Wire.jpg to test/Low_Grade_Insulated_Wire/ and all_by_ticket/MV5685/ using Direct Image Src
Uploaded MV5685_02_1_Insulated_Wire.jpg to val/1_Insulated_Wire/ and all_by_ticket/MV5685/ using Direct Image Src
Uploaded MV5685_04_BareBright.jpg to train/BareBright/ and all_by_ticket/MV5685/ using Direct Image Src
Uploaded 4 image(s) for MV5685
Pagination before click: 261 - 270 of 271
Pagination after click: 271 - 271 of 271

Processing results page 28...
Scraping ticket numbers from current page...
Waiting for search results...
Found 1 ticket(s) on this page after status filtering: ['MV5692']
Opening ticket MV5692...
Downloading images for MV5692...
Waiting for ticket detail for MV5692...
Found 16 ticket item card(s).
Uploaded MV5692_04_Gutters_Siding.jpg to train/Gutters_Siding/ and all_by_ticket/MV5692/ using Direct Image Src
Uploaded MV5692_03_Yellow_Brass_Clean.jpg to train/Yellow_Brass_Clean/ and all_by_ticket/MV5692/ using Direct Image Src
Uploaded MV5692_02_Sheet_Aluminum.jpg to train/Sheet_Aluminum/ and all_by_ticket/MV5692/ using Direct Image Src
Uploaded MV5692_01_Cast_Aluminum.jpg to train/Cast_Aluminum/ and all_by_ticket/MV5692/ using Direct Image Src
Uploaded MV5692_10_2_Copper.jpg to train/2_Copper/ and all_by_ticket/MV5692/ using Direct Image Src
Uploaded MV5692_09_Cat_56.jpg to train/Cat_56/ and all_by_ticket/MV5692/ using Direct Image Src
Uploaded MV5692_05_AluminumCopper_Radiator.jpg to test/AluminumCopper_Radiator/ and all_by_ticket/MV5692/ using Direct Image Src
Uploaded MV5692_11_BareBright.jpg to train/BareBright/ and all_by_ticket/MV5692/ using Direct Image Src
Uploaded MV5692_12_Extrusion.jpg to train/Extrusion/ and all_by_ticket/MV5692/ using Direct Image Src
Uploaded MV5692_06_304.jpg to val/304/ and all_by_ticket/MV5692/ using Direct Image Src
Uploaded MV5692_07_Yellow_Brass_Clean.jpg to train/Yellow_Brass_Clean/ and all_by_ticket/MV5692/ using Direct Image Src
Uploaded MV5692_13_Extrusion.jpg to train/Extrusion/ and all_by_ticket/MV5692/ using Direct Image Src
Uploaded MV5692_14_Cast_Aluminum.jpg to train/Cast_Aluminum/ and all_by_ticket/MV5692/ using Direct Image Src
Uploaded MV5692_08_Aluminum_Wire_Clean_No_Insulation.jpg to train/Aluminum_Wire_Clean_No_Insulation/ and all_by_ticket/MV5692/ using Direct Image Src
Uploaded MV5692_15_Extrusion.jpg to train/Extrusion/ and all_by_ticket/MV5692/ using Direct Image Src
Uploaded MV5692_16_BareBright.jpg to train/BareBright/ and all_by_ticket/MV5692/ using Direct Image Src
Uploaded 16 image(s) for MV5692
Reached last page.

Finished scraping and uploading images.
S3 bucket used: mvmr-scrapright-images-ojanama
Dataset structure used: train/<label>/, val/<label>/, test/<label>/, all_by_ticket/<ticket_number>/
