Resolved date range: 06/21/2026 -> 06/27/2026
Valid ticket prefixes: ['MV']
Logging into ScrapRight...
Login submitted.
Waiting for login to complete in the browser...
Login detected. Continuing automatically...
Opening TRANSACTIONS menu...
Selecting Date Range...
Date Range selected.
Filling date range: 06/21/2026 -> 06/27/2026
Start date entered: 06212026
End date entered:   06272026
Clicking search...

Processing results page 1...
Scraping ticket numbers from current page...
Waiting for search results...
Skipping ticket MV5701 due to status: VOID
Found 9 ticket(s) on this page after status filtering: ['MV5702', 'MV5700', 'MV5699', 'MV5698', 'MV5697', 'MV5696', 'MV5695', 'MV5694', 'MV5693']
Opening ticket MV5702...
Downloading images for MV5702...
Waiting for ticket detail for MV5702...
Found 4 ticket item card(s).
Uploaded MV5702_04_Yellow_Brass_Clean.jpg to val/Yellow_Brass_Clean/ and all_by_ticket/MV5702/ using Direct Image Src
Uploaded MV5702_02_Electric_Motor.jpg to train/Electric_Motor/ and all_by_ticket/MV5702/ using Direct Image Src
Uploaded MV5702_03_2_Copper.jpg to train/2_Copper/ and all_by_ticket/MV5702/ using Direct Image Src
Uploaded MV5702_01_Sheet_Iron.jpg to train/Sheet_Iron/ and all_by_ticket/MV5702/ using Direct Image Src
Uploaded 4 image(s) for MV5702
Opening ticket MV5700...
Downloading images for MV5700...
Waiting for ticket detail for MV5700...
Found 1 ticket item card(s).
Uploaded MV5700_01_Sheet_Iron.jpg to val/Sheet_Iron/ and all_by_ticket/MV5700/ using Direct Image Src
Uploaded 1 image(s) for MV5700
Opening ticket MV5699...
Downloading images for MV5699...
Waiting for ticket detail for MV5699...
Found 14 ticket item card(s).
Uploaded MV5699_04_Irony_Aluminum.jpg to train/Irony_Aluminum/ and all_by_ticket/MV5699/ using Direct Image Src
Uploaded MV5699_03_Low_Grade_Insulated_Wire.jpg to train/Low_Grade_Insulated_Wire/ and all_by_ticket/MV5699/ using Direct Image Src
Uploaded MV5699_01_DIECAST.jpg to train/DIECAST/ and all_by_ticket/MV5699/ using Direct Image Src
Uploaded MV5699_02_Irony_Aluminum.jpg to train/Irony_Aluminum/ and all_by_ticket/MV5699/ using Direct Image Src
Uploaded MV5699_09_Low_Grade_Insulated_Wire.jpg to train/Low_Grade_Insulated_Wire/ and all_by_ticket/MV5699/ using Direct Image Src
Uploaded MV5699_07_Irony_Aluminum.jpg to train/Irony_Aluminum/ and all_by_ticket/MV5699/ using Direct Image Src
Uploaded MV5699_12_Irony_Aluminum.jpg to train/Irony_Aluminum/ and all_by_ticket/MV5699/ using Direct Image Src
Uploaded MV5699_11_Power_Supply.jpg to train/Power_Supply/ and all_by_ticket/MV5699/ using Direct Image Src
Uploaded MV5699_10_DIECAST.jpg to val/DIECAST/ and all_by_ticket/MV5699/ using Direct Image Src
Uploaded MV5699_06_DIECAST.jpg to val/DIECAST/ and all_by_ticket/MV5699/ using Direct Image Src
Uploaded MV5699_05_Irony_Aluminum.jpg to val/Irony_Aluminum/ and all_by_ticket/MV5699/ using Direct Image Src
Uploaded MV5699_14_Low_Grade_Insulated_Wire.jpg to train/Low_Grade_Insulated_Wire/ and all_by_ticket/MV5699/ using Direct Image Src
Uploaded MV5699_13_Low_Grade_Insulated_Wire.jpg to train/Low_Grade_Insulated_Wire/ and all_by_ticket/MV5699/ using Direct Image Src
Uploaded MV5699_08_DIECAST.jpg to train/DIECAST/ and all_by_ticket/MV5699/ using Direct Image Src
Uploaded 14 image(s) for MV5699
Opening ticket MV5698...
Downloading images for MV5698...
Waiting for ticket detail for MV5698...
Found 9 ticket item card(s).
Uploaded MV5698_04_Motor_Cast_Rotors.jpg to train/Motor_Cast_Rotors/ and all_by_ticket/MV5698/ using Direct Image Src
Uploaded MV5698_03_Motor_Cast_Rotors.jpg to train/Motor_Cast_Rotors/ and all_by_ticket/MV5698/ using Direct Image Src
Uploaded MV5698_07_Sheet_Iron.jpg to train/Sheet_Iron/ and all_by_ticket/MV5698/ using Direct Image Src
Uploaded MV5698_02_Irony_SS.jpg to train/Irony_SS/ and all_by_ticket/MV5698/ using Direct Image Src
Uploaded MV5698_05_Motor_Cast_Rotors.jpg to train/Motor_Cast_Rotors/ and all_by_ticket/MV5698/ using Direct Image Src
Uploaded MV5698_08_6061_Truck_Wheel.jpg to val/6061_Truck_Wheel/ and all_by_ticket/MV5698/ using Direct Image Src
Uploaded MV5698_01_Sheet_Iron.jpg to train/Sheet_Iron/ and all_by_ticket/MV5698/ using Direct Image Src
Uploaded MV5698_06_Sheet_Iron.jpg to train/Sheet_Iron/ and all_by_ticket/MV5698/ using Direct Image Src
Uploaded MV5698_09_Cast_Aluminum.jpg to train/Cast_Aluminum/ and all_by_ticket/MV5698/ using Direct Image Src
Uploaded 9 image(s) for MV5698
Opening ticket MV5697...
Downloading images for MV5697...
Waiting for ticket detail for MV5697...
Found 3 ticket item card(s).
Uploaded MV5697_01_Sheet_Iron.jpg to train/Sheet_Iron/ and all_by_ticket/MV5697/ using Direct Image Src
Uploaded MV5697_03_Cast_Aluminum.jpg to train/Cast_Aluminum/ and all_by_ticket/MV5697/ using Direct Image Src
Uploaded MV5697_02_Yellow_Brass_Clean.jpg to train/Yellow_Brass_Clean/ and all_by_ticket/MV5697/ using Direct Image Src
Uploaded 3 image(s) for MV5697
Opening ticket MV5696...
Downloading images for MV5696...
Waiting for ticket detail for MV5696...
Found 1 ticket item card(s).
No direct full-size image URL found for MV5696 item 1 (Freight Charge).
Skipping ticket MV5696: no usable image tasks found.
Uploaded 0 image(s) for MV5696
Opening ticket MV5695...
Downloading images for MV5695...
Waiting for ticket detail for MV5695...
Found 2 ticket item card(s).
No direct full-size image URL found for MV5695 item 1 (Sheet Iron).
No direct full-size image URL found for MV5695 item 2 (Freight Charge).
Skipping ticket MV5695: no usable image tasks found.
Uploaded 0 image(s) for MV5695
Opening ticket MV5694...
Downloading images for MV5694...
Waiting for ticket detail for MV5694...
Found 3 ticket item card(s).
No direct full-size image URL found for MV5694 item 1 (304).
No direct full-size image URL found for MV5694 item 2 (HMS).
No direct full-size image URL found for MV5694 item 3 (#1 Copper).
Skipping ticket MV5694: no usable image tasks found.
Uploaded 0 image(s) for MV5694
Opening ticket MV5693...
Downloading images for MV5693...
Waiting for ticket detail for MV5693...
Found 1 ticket item card(s).
No direct full-size image URL found for MV5693 item 1 (Sheet Iron).
Skipping ticket MV5693: no usable image tasks found.
Uploaded 0 image(s) for MV5693
Pagination before click: 1 - 10 of 287
Pagination after click: 11 - 20 of 287

Processing results page 2...
Scraping ticket numbers from current page...
Waiting for search results...
Found 10 ticket(s) on this page after status filtering: ['MV5712', 'MV5711', 'MV5710', 'MV5709', 'MV5708', 'MV5707', 'MV5706', 'MV5705', 'MV5704', 'MV5703']
Opening ticket MV5712...
Downloading images for MV5712...
Waiting for ticket detail for MV5712...
Found 7 ticket item card(s).
Uploaded MV5712_03_Dirty_Brass.jpg to train/Dirty_Brass/ and all_by_ticket/MV5712/ using Direct Image Src
Uploaded MV5712_02_2_Insulated_Wire.jpg to train/2_Insulated_Wire/ and all_by_ticket/MV5712/ using Direct Image Src
Uploaded MV5712_01_1_Insulated_Wire.jpg to train/1_Insulated_Wire/ and all_by_ticket/MV5712/ using Direct Image Src
Uploaded MV5712_06_AluminumCopper_Radiator.jpg to train/AluminumCopper_Radiator/ and all_by_ticket/MV5712/ using Direct Image Src
Uploaded MV5712_05_Dirty_Brass.jpg to train/Dirty_Brass/ and all_by_ticket/MV5712/ using Direct Image Src
Uploaded MV5712_04_2_Copper.jpg to train/2_Copper/ and all_by_ticket/MV5712/ using Direct Image Src
Uploaded MV5712_07_1_Copper.jpg to train/1_Copper/ and all_by_ticket/MV5712/ using Direct Image Src
Uploaded 7 image(s) for MV5712
Opening ticket MV5711...
Downloading images for MV5711...
Waiting for ticket detail for MV5711...
Found 3 ticket item card(s).
Uploaded MV5711_01_Sheet_Iron.jpg to train/Sheet_Iron/ and all_by_ticket/MV5711/ using Direct Image Src
Uploaded MV5711_02_Sealed_Units.jpg to train/Sealed_Units/ and all_by_ticket/MV5711/ using Direct Image Src
Uploaded MV5711_03_Sheet_Iron.jpg to train/Sheet_Iron/ and all_by_ticket/MV5711/ using Direct Image Src
Uploaded 3 image(s) for MV5711
Opening ticket MV5710...
Downloading images for MV5710...
Waiting for ticket detail for MV5710...
Found 9 ticket item card(s).
Uploaded MV5710_02_Sheet_Iron.jpg to train/Sheet_Iron/ and all_by_ticket/MV5710/ using Direct Image Src
Uploaded MV5710_08_Sheet_Aluminum.jpg to train/Sheet_Aluminum/ and all_by_ticket/MV5710/ using Direct Image Src
Uploaded MV5710_04_Dirty_Brass.jpg to train/Dirty_Brass/ and all_by_ticket/MV5710/ using Direct Image Src
Uploaded MV5710_03_2_Copper.jpg to train/2_Copper/ and all_by_ticket/MV5710/ using Direct Image Src
Uploaded MV5710_06_Aluminum_Wire_Insulated.jpg to train/Aluminum_Wire_Insulated/ and all_by_ticket/MV5710/ using Direct Image Src
Uploaded MV5710_01_Sheet_Iron.jpg to train/Sheet_Iron/ and all_by_ticket/MV5710/ using Direct Image Src
Uploaded MV5710_05_Sheet_Iron.jpg to train/Sheet_Iron/ and all_by_ticket/MV5710/ using Direct Image Src
Uploaded MV5710_09_Aluminum_Cans.jpg to train/Aluminum_Cans/ and all_by_ticket/MV5710/ using Direct Image Src
Uploaded MV5710_07_Sheet_Aluminum.jpg to train/Sheet_Aluminum/ and all_by_ticket/MV5710/ using Direct Image Src
Uploaded 9 image(s) for MV5710
Opening ticket MV5709...
Downloading images for MV5709...
Waiting for ticket detail for MV5709...
Found 1 ticket item card(s).
Uploaded MV5709_01_Sheet_Iron.jpg to train/Sheet_Iron/ and all_by_ticket/MV5709/ using Direct Image Src
Uploaded 1 image(s) for MV5709
Opening ticket MV5708...
Downloading images for MV5708...
Waiting for ticket detail for MV5708...
Found 9 ticket item card(s).
Uploaded MV5708_02_Electric_Motor.jpg to train/Electric_Motor/ and all_by_ticket/MV5708/ using Direct Image Src
Uploaded MV5708_01_2_Insulated_Wire.jpg to train/2_Insulated_Wire/ and all_by_ticket/MV5708/ using Direct Image Src
Uploaded MV5708_07_Irony_Aluminum.jpg to test/Irony_Aluminum/ and all_by_ticket/MV5708/ using Direct Image Src
Uploaded MV5708_04_Sheet_Iron.jpg to train/Sheet_Iron/ and all_by_ticket/MV5708/ using Direct Image Src
Uploaded MV5708_08_Cast_Aluminum.jpg to train/Cast_Aluminum/ and all_by_ticket/MV5708/ using Direct Image Src
Uploaded MV5708_03_Aluminum_Cans.jpg to test/Aluminum_Cans/ and all_by_ticket/MV5708/ using Direct Image Src
Uploaded MV5708_05_Sheet_Aluminum.jpg to train/Sheet_Aluminum/ and all_by_ticket/MV5708/ using Direct Image Src
Uploaded MV5708_06_Irony_Aluminum.jpg to train/Irony_Aluminum/ and all_by_ticket/MV5708/ using Direct Image Src
Uploaded MV5708_09_Sheet_Iron.jpg to test/Sheet_Iron/ and all_by_ticket/MV5708/ using Direct Image Src
Uploaded 9 image(s) for MV5708
Opening ticket MV5707...
Downloading images for MV5707...
Waiting for ticket detail for MV5707...
Found 1 ticket item card(s).
Uploaded MV5707_01_Unclean_Extrusion.jpg to train/Unclean_Extrusion/ and all_by_ticket/MV5707/ using Direct Image Src
Uploaded 1 image(s) for MV5707
Opening ticket MV5706...
Downloading images for MV5706...
Waiting for ticket detail for MV5706...
Found 9 ticket item card(s).
Uploaded MV5706_05_2_Insulated_Wire.jpg to train/2_Insulated_Wire/ and all_by_ticket/MV5706/ using Direct Image Src
Uploaded MV5706_01_Aluminum_Cans.jpg to train/Aluminum_Cans/ and all_by_ticket/MV5706/ using Direct Image Src
Uploaded MV5706_06_Cat_56.jpg to train/Cat_56/ and all_by_ticket/MV5706/ using Direct Image Src
Uploaded MV5706_04_Irony_Aluminum.jpg to test/Irony_Aluminum/ and all_by_ticket/MV5706/ using Direct Image Src
Uploaded MV5706_02_Cast_Aluminum.jpg to val/Cast_Aluminum/ and all_by_ticket/MV5706/ using Direct Image Src
Uploaded MV5706_03_Yellow_Brass_Clean.jpg to train/Yellow_Brass_Clean/ and all_by_ticket/MV5706/ using Direct Image Src
Uploaded MV5706_07_Circuit_Board_Low_Grade.jpg to train/Circuit_Board_Low_Grade/ and all_by_ticket/MV5706/ using Direct Image Src
Uploaded MV5706_08_Circuit_Board_High_Grade.jpg to train/Circuit_Board_High_Grade/ and all_by_ticket/MV5706/ using Direct Image Src
Uploaded MV5706_09_Transformer.jpg to train/Transformer/ and all_by_ticket/MV5706/ using Direct Image Src
Uploaded 9 image(s) for MV5706
Opening ticket MV5705...
Downloading images for MV5705...
Waiting for ticket detail for MV5705...
Found 1 ticket item card(s).
Uploaded MV5705_01_Auto_Batteries.jpg to train/Auto_Batteries/ and all_by_ticket/MV5705/ using Direct Image Src
Uploaded 1 image(s) for MV5705
Opening ticket MV5704...
Downloading images for MV5704...
Waiting for ticket detail for MV5704...
Found 1 ticket item card(s).
No direct full-size image URL found for MV5704 item 1 (Test).
Skipping ticket MV5704: no usable image tasks found.
Uploaded 0 image(s) for MV5704
Opening ticket MV5703...
Downloading images for MV5703...
Waiting for ticket detail for MV5703...
Found 3 ticket item card(s).
Uploaded MV5703_02_Misc_Electronic_Scrap.jpg to train/Misc_Electronic_Scrap/ and all_by_ticket/MV5703/ using Direct Image Src
Uploaded MV5703_01_Complete_PC.jpg to val/Complete_PC/ and all_by_ticket/MV5703/ using Direct Image Src
Uploaded MV5703_03_Auto_Batteries.jpg to train/Auto_Batteries/ and all_by_ticket/MV5703/ using Direct Image Src
Uploaded 3 image(s) for MV5703
Pagination before click: 11 - 20 of 287
Pagination after click: 21 - 30 of 287

Processing results page 3...
Scraping ticket numbers from current page...
Waiting for search results...
Skipping ticket MV5722 due to status: VOID
Skipping ticket MV5720 due to status: CANCEL
Skipping ticket MV5719 due to status: CANCEL
Skipping ticket MV5718 due to status: CANCEL
Found 6 ticket(s) on this page after status filtering: ['MV5721', 'MV5717', 'MV5716', 'MV5715', 'MV5714', 'MV5713']
Opening ticket MV5721...
Downloading images for MV5721...
Waiting for ticket detail for MV5721...
Found 1 ticket item card(s).
Uploaded MV5721_01_Sheet_Iron.jpg to train/Sheet_Iron/ and all_by_ticket/MV5721/ using Direct Image Src
Uploaded 1 image(s) for MV5721
Opening ticket MV5717...
Downloading images for MV5717...
Waiting for ticket detail for MV5717...
Found 1 ticket item card(s).
Uploaded MV5717_01_Sheet_Iron.jpg to train/Sheet_Iron/ and all_by_ticket/MV5717/ using Direct Image Src
Uploaded 1 image(s) for MV5717
Opening ticket MV5716...
Downloading images for MV5716...
Waiting for ticket detail for MV5716...
Found 3 ticket item card(s).
Uploaded MV5716_01_1_Copper.jpg to train/1_Copper/ and all_by_ticket/MV5716/ using Direct Image Src
Uploaded MV5716_02_BareBright.jpg to train/BareBright/ and all_by_ticket/MV5716/ using Direct Image Src
Uploaded MV5716_03_1_Copper.jpg to train/1_Copper/ and all_by_ticket/MV5716/ using Direct Image Src
Uploaded 3 image(s) for MV5716
Opening ticket MV5715...
Downloading images for MV5715...
Waiting for ticket detail for MV5715...
Found 1 ticket item card(s).
Uploaded MV5715_01_Gutters_Siding.jpg to test/Gutters_Siding/ and all_by_ticket/MV5715/ using Direct Image Src
Uploaded 1 image(s) for MV5715
Opening ticket MV5714...
Downloading images for MV5714...
Waiting for ticket detail for MV5714...
Found 1 ticket item card(s).
Uploaded MV5714_01_Sheet_Iron.jpg to test/Sheet_Iron/ and all_by_ticket/MV5714/ using Direct Image Src
Uploaded 1 image(s) for MV5714
Opening ticket MV5713...
Downloading images for MV5713...
Waiting for ticket detail for MV5713...
Found 1 ticket item card(s).
Uploaded MV5713_01_Sheet_Iron.jpg to test/Sheet_Iron/ and all_by_ticket/MV5713/ using Direct Image Src
Uploaded 1 image(s) for MV5713
Pagination before click: 21 - 30 of 287
Pagination after click: 31 - 40 of 287

Processing results page 4...
Scraping ticket numbers from current page...
Waiting for search results...
Skipping ticket MV5732 due to status: VOID
Found 9 ticket(s) on this page after status filtering: ['MV5731', 'MV5730', 'MV5729', 'MV5728', 'MV5727', 'MV5726', 'MV5725', 'MV5724', 'MV5723']
Opening ticket MV5731...
Downloading images for MV5731...
Waiting for ticket detail for MV5731...
Found 2 ticket item card(s).
Uploaded MV5731_01_Sheet_Iron.jpg to train/Sheet_Iron/ and all_by_ticket/MV5731/ using Direct Image Src
Uploaded MV5731_02_Freight_Charge.jpg to train/Freight_Charge/ and all_by_ticket/MV5731/ using Direct Image Src
Uploaded 2 image(s) for MV5731
Opening ticket MV5730...
Downloading images for MV5730...
Waiting for ticket detail for MV5730...
Found 3 ticket item card(s).
Uploaded MV5730_01_Aluminum_Rim_Clean.jpg to train/Aluminum_Rim_Clean/ and all_by_ticket/MV5730/ using Direct Image Src
Uploaded MV5730_02_Chrome_Rims.jpg to test/Chrome_Rims/ and all_by_ticket/MV5730/ using Direct Image Src
Uploaded MV5730_03_Aluminum_Rim_Clean.jpg to train/Aluminum_Rim_Clean/ and all_by_ticket/MV5730/ using Direct Image Src
Uploaded 3 image(s) for MV5730
Opening ticket MV5729...
Downloading images for MV5729...
Waiting for ticket detail for MV5729...
Found 5 ticket item card(s).
Uploaded MV5729_04_Unclean_Extrusion.jpg to train/Unclean_Extrusion/ and all_by_ticket/MV5729/ using Direct Image Src
Uploaded MV5729_02_2_Insulated_Wire.jpg to train/2_Insulated_Wire/ and all_by_ticket/MV5729/ using Direct Image Src
Uploaded MV5729_01_Sheet_Iron.jpg to train/Sheet_Iron/ and all_by_ticket/MV5729/ using Direct Image Src
Uploaded MV5729_03_Sealed_Units.jpg to train/Sealed_Units/ and all_by_ticket/MV5729/ using Direct Image Src
Uploaded MV5729_05_2_Copper.jpg to train/2_Copper/ and all_by_ticket/MV5729/ using Direct Image Src
Uploaded 5 image(s) for MV5729
Opening ticket MV5728...
Downloading images for MV5728...
Waiting for ticket detail for MV5728...
Found 1 ticket item card(s).
Uploaded MV5728_01_Sheet_Iron.jpg to train/Sheet_Iron/ and all_by_ticket/MV5728/ using Direct Image Src
Uploaded 1 image(s) for MV5728
Opening ticket MV5727...
Downloading images for MV5727...
Waiting for ticket detail for MV5727...
Found 3 ticket item card(s).
Uploaded MV5727_03_Aluminum_Cans.jpg to train/Aluminum_Cans/ and all_by_ticket/MV5727/ using Direct Image Src
Uploaded MV5727_01_Electric_Motor.jpg to train/Electric_Motor/ and all_by_ticket/MV5727/ using Direct Image Src
Uploaded MV5727_02_Romex.jpg to test/Romex/ and all_by_ticket/MV5727/ using Direct Image Src
Uploaded 3 image(s) for MV5727
Opening ticket MV5726...
Downloading images for MV5726...
Waiting for ticket detail for MV5726...
Found 2 ticket item card(s).
Uploaded MV5726_01_Compressors.jpg to train/Compressors/ and all_by_ticket/MV5726/ using Direct Image Src
Uploaded MV5726_02_2_Copper.jpg to train/2_Copper/ and all_by_ticket/MV5726/ using Direct Image Src
Uploaded 2 image(s) for MV5726
Opening ticket MV5725...
Downloading images for MV5725...
Waiting for ticket detail for MV5725...
Found 1 ticket item card(s).
Uploaded MV5725_01_Sheet_Iron.jpg to train/Sheet_Iron/ and all_by_ticket/MV5725/ using Direct Image Src
Uploaded 1 image(s) for MV5725
Opening ticket MV5724...
Downloading images for MV5724...
Waiting for ticket detail for MV5724...
Found 2 ticket item card(s).
Uploaded MV5724_01_Sheet_Iron.jpg to train/Sheet_Iron/ and all_by_ticket/MV5724/ using Direct Image Src
Uploaded MV5724_02_Sheet_Iron.jpg to train/Sheet_Iron/ and all_by_ticket/MV5724/ using Direct Image Src
Uploaded 2 image(s) for MV5724
Opening ticket MV5723...
Downloading images for MV5723...
Waiting for ticket detail for MV5723...
Found 7 ticket item card(s).
Uploaded MV5723_03_BareBright.jpg to test/BareBright/ and all_by_ticket/MV5723/ using Direct Image Src
Uploaded MV5723_01_2_Copper.jpg to train/2_Copper/ and all_by_ticket/MV5723/ using Direct Image Src
Uploaded MV5723_04_BareBright.jpg to train/BareBright/ and all_by_ticket/MV5723/ using Direct Image Src
Uploaded MV5723_05_Sheet_Iron.jpg to train/Sheet_Iron/ and all_by_ticket/MV5723/ using Direct Image Src
Uploaded MV5723_02_2_Copper.jpg to train/2_Copper/ and all_by_ticket/MV5723/ using Direct Image Src
Uploaded MV5723_07_Sheet_Aluminum.jpg to train/Sheet_Aluminum/ and all_by_ticket/MV5723/ using Direct Image Src
Uploaded MV5723_06_2_Copper.jpg to train/2_Copper/ and all_by_ticket/MV5723/ using Direct Image Src
Uploaded 7 image(s) for MV5723
Pagination before click: 31 - 40 of 287
Pagination after click: 41 - 50 of 287

Processing results page 5...
Scraping ticket numbers from current page...
Waiting for search results...
Skipping ticket MV5740 due to status: VOID
Found 9 ticket(s) on this page after status filtering: ['MV5742', 'MV5741', 'MV5739', 'MV5738', 'MV5737', 'MV5736', 'MV5735', 'MV5734', 'MV5733']
Opening ticket MV5742...
Downloading images for MV5742...
Waiting for ticket detail for MV5742...
Found 5 ticket item card(s).
Uploaded MV5742_04_Extrusion.jpg to train/Extrusion/ and all_by_ticket/MV5742/ using Direct Image Src
Uploaded MV5742_03_BareBright.jpg to val/BareBright/ and all_by_ticket/MV5742/ using Direct Image Src
Uploaded MV5742_05_Sheet_Aluminum.jpg to train/Sheet_Aluminum/ and all_by_ticket/MV5742/ using Direct Image Src
Uploaded MV5742_02_Circuit_Board_Low_Grade.jpg to train/Circuit_Board_Low_Grade/ and all_by_ticket/MV5742/ using Direct Image Src
Uploaded MV5742_01_Aluminum_Cans.jpg to train/Aluminum_Cans/ and all_by_ticket/MV5742/ using Direct Image Src
Uploaded 5 image(s) for MV5742
Opening ticket MV5741...
Downloading images for MV5741...
Waiting for ticket detail for MV5741...
Found 4 ticket item card(s).
Uploaded MV5741_01_Cast_Aluminum.jpg to test/Cast_Aluminum/ and all_by_ticket/MV5741/ using Direct Image Src
Uploaded MV5741_03_Yellow_Brass_Clean.jpg to train/Yellow_Brass_Clean/ and all_by_ticket/MV5741/ using Direct Image Src
Uploaded MV5741_02_304.jpg to train/304/ and all_by_ticket/MV5741/ using Direct Image Src
Uploaded MV5741_04_Sheet_Iron.jpg to train/Sheet_Iron/ and all_by_ticket/MV5741/ using Direct Image Src
Uploaded 4 image(s) for MV5741
Opening ticket MV5739...
Downloading images for MV5739...
Waiting for ticket detail for MV5739...
Found 1 ticket item card(s).
Uploaded MV5739_01_Gutters_Siding.jpg to train/Gutters_Siding/ and all_by_ticket/MV5739/ using Direct Image Src
Uploaded 1 image(s) for MV5739
Opening ticket MV5738...
Downloading images for MV5738...
Waiting for ticket detail for MV5738...
Found 4 ticket item card(s).
Uploaded MV5738_03_Yellow_Brass_Clean.jpg to train/Yellow_Brass_Clean/ and all_by_ticket/MV5738/ using Direct Image Src
Uploaded MV5738_01_Electric_Motor.jpg to train/Electric_Motor/ and all_by_ticket/MV5738/ using Direct Image Src
Uploaded MV5738_04_Dirty_Brass.jpg to train/Dirty_Brass/ and all_by_ticket/MV5738/ using Direct Image Src
Uploaded MV5738_02_1_Copper.jpg to train/1_Copper/ and all_by_ticket/MV5738/ using Direct Image Src
Uploaded 4 image(s) for MV5738
Opening ticket MV5737...
Downloading images for MV5737...
Waiting for ticket detail for MV5737...
Found 1 ticket item card(s).
Uploaded MV5737_01_Sheet_Iron.jpg to train/Sheet_Iron/ and all_by_ticket/MV5737/ using Direct Image Src
Uploaded 1 image(s) for MV5737
Opening ticket MV5736...
Downloading images for MV5736...
Waiting for ticket detail for MV5736...
Found 1 ticket item card(s).
Uploaded MV5736_01_BareBright.jpg to train/BareBright/ and all_by_ticket/MV5736/ using Direct Image Src
Uploaded 1 image(s) for MV5736
Opening ticket MV5735...
Downloading images for MV5735...
Waiting for ticket detail for MV5735...
Found 5 ticket item card(s).
Uploaded MV5735_04_Sheet_Iron.jpg to train/Sheet_Iron/ and all_by_ticket/MV5735/ using Direct Image Src
Uploaded MV5735_05_Sheet_Iron.jpg to val/Sheet_Iron/ and all_by_ticket/MV5735/ using Direct Image Src
Uploaded MV5735_01_Sheet_Iron.jpg to val/Sheet_Iron/ and all_by_ticket/MV5735/ using Direct Image Src
Uploaded MV5735_02_Sheet_Iron.jpg to train/Sheet_Iron/ and all_by_ticket/MV5735/ using Direct Image Src
Uploaded MV5735_03_Sheet_Iron.jpg to train/Sheet_Iron/ and all_by_ticket/MV5735/ using Direct Image Src
Uploaded 5 image(s) for MV5735
Opening ticket MV5734...
Downloading images for MV5734...
Waiting for ticket detail for MV5734...
Found 6 ticket item card(s).
Uploaded MV5734_04_Sheet_Iron.jpg to train/Sheet_Iron/ and all_by_ticket/MV5734/ using Direct Image Src
Uploaded MV5734_02_Extrusion.jpg to train/Extrusion/ and all_by_ticket/MV5734/ using Direct Image Src
Uploaded MV5734_05_Electric_Motor.jpg to train/Electric_Motor/ and all_by_ticket/MV5734/ using Direct Image Src
Uploaded MV5734_01_Extrusion.jpg to train/Extrusion/ and all_by_ticket/MV5734/ using Direct Image Src
Uploaded MV5734_03_Cast_Aluminum.jpg to train/Cast_Aluminum/ and all_by_ticket/MV5734/ using Direct Image Src
Uploaded MV5734_06_Sheet_Iron.jpg to train/Sheet_Iron/ and all_by_ticket/MV5734/ using Direct Image Src
Uploaded 6 image(s) for MV5734
Opening ticket MV5733...
Downloading images for MV5733...
Waiting for ticket detail for MV5733...
Found 5 ticket item card(s).
Uploaded MV5733_01_Irony_ACR_Radiators.jpg to train/Irony_ACR_Radiators/ and all_by_ticket/MV5733/ using Direct Image Src
Uploaded MV5733_04_Electric_Motor.jpg to val/Electric_Motor/ and all_by_ticket/MV5733/ using Direct Image Src
Uploaded MV5733_02_AluminumCopper_Radiator.jpg to train/AluminumCopper_Radiator/ and all_by_ticket/MV5733/ using Direct Image Src
Uploaded MV5733_05_Acr_Radiator_Ends.jpg to train/Acr_Radiator_Ends/ and all_by_ticket/MV5733/ using Direct Image Src
Uploaded MV5733_03_Sealed_Units.jpg to val/Sealed_Units/ and all_by_ticket/MV5733/ using Direct Image Src
Uploaded 5 image(s) for MV5733
Pagination before click: 41 - 50 of 287
Pagination after click: 51 - 60 of 287

Processing results page 6...
Scraping ticket numbers from current page...
Waiting for search results...
Skipping ticket MV5751 due to status: VOID
Skipping ticket MV5748 due to status: VOID
Skipping ticket MV5747 due to status: VOID
Skipping ticket MV5745 due to status: CANCEL
Found 6 ticket(s) on this page after status filtering: ['MV5752', 'MV5750', 'MV5749', 'MV5746', 'MV5744', 'MV5743']
Opening ticket MV5752...
Downloading images for MV5752...
Waiting for ticket detail for MV5752...
Found 1 ticket item card(s).
Uploaded MV5752_01_Sheet_Iron.jpg to train/Sheet_Iron/ and all_by_ticket/MV5752/ using Direct Image Src
Uploaded 1 image(s) for MV5752
Opening ticket MV5750...
Downloading images for MV5750...
Waiting for ticket detail for MV5750...
Found 10 ticket item card(s).
Uploaded MV5750_05_Irony_Aluminum.jpg to val/Irony_Aluminum/ and all_by_ticket/MV5750/ using Direct Image Src
Uploaded MV5750_04_Extrusion.jpg to test/Extrusion/ and all_by_ticket/MV5750/ using Direct Image Src
Uploaded MV5750_03_Irony_Aluminum_Radiators.jpg to train/Irony_Aluminum_Radiators/ and all_by_ticket/MV5750/ using Direct Image Src
Uploaded MV5750_06_Compressors.jpg to train/Compressors/ and all_by_ticket/MV5750/ using Direct Image Src
Uploaded MV5750_02_Aluminum_Radiator.jpg to train/Aluminum_Radiator/ and all_by_ticket/MV5750/ using Direct Image Src
Uploaded MV5750_01_AluminumCopper_Radiator.jpg to train/AluminumCopper_Radiator/ and all_by_ticket/MV5750/ using Direct Image Src
Uploaded MV5750_09_Yellow_Brass_Clean.jpg to train/Yellow_Brass_Clean/ and all_by_ticket/MV5750/ using Direct Image Src
Uploaded MV5750_07_Sheet_Iron.jpg to train/Sheet_Iron/ and all_by_ticket/MV5750/ using Direct Image Src
Uploaded MV5750_10_Acr_Radiator_Ends.jpg to train/Acr_Radiator_Ends/ and all_by_ticket/MV5750/ using Direct Image Src
Uploaded MV5750_08_2_Copper.jpg to train/2_Copper/ and all_by_ticket/MV5750/ using Direct Image Src
Uploaded 10 image(s) for MV5750
Opening ticket MV5749...
Downloading images for MV5749...
Waiting for ticket detail for MV5749...
Found 2 ticket item card(s).
Uploaded MV5749_01_Yellow_Brass_Clean.jpg to train/Yellow_Brass_Clean/ and all_by_ticket/MV5749/ using Direct Image Src
Uploaded MV5749_02_2_Copper.jpg to train/2_Copper/ and all_by_ticket/MV5749/ using Direct Image Src
Uploaded 2 image(s) for MV5749
Opening ticket MV5746...
Downloading images for MV5746...
Waiting for ticket detail for MV5746...
Found 1 ticket item card(s).
Uploaded MV5746_01_Aluminum_Rim_Clean.jpg to train/Aluminum_Rim_Clean/ and all_by_ticket/MV5746/ using Direct Image Src
Uploaded 1 image(s) for MV5746
Opening ticket MV5744...
Downloading images for MV5744...
Waiting for ticket detail for MV5744...
Found 4 ticket item card(s).
Uploaded MV5744_02_Sheet_Iron.jpg to train/Sheet_Iron/ and all_by_ticket/MV5744/ using Direct Image Src
Uploaded MV5744_04_Sheet_Iron.jpg to train/Sheet_Iron/ and all_by_ticket/MV5744/ using Direct Image Src
Uploaded MV5744_01_Irony_Aluminum.jpg to train/Irony_Aluminum/ and all_by_ticket/MV5744/ using Direct Image Src
Uploaded MV5744_03_Aluminum_Radiator.jpg to train/Aluminum_Radiator/ and all_by_ticket/MV5744/ using Direct Image Src
Uploaded 4 image(s) for MV5744
Opening ticket MV5743...
Downloading images for MV5743...
Waiting for ticket detail for MV5743...
Found 1 ticket item card(s).
Uploaded MV5743_01_BareBright.jpg to train/BareBright/ and all_by_ticket/MV5743/ using Direct Image Src
Uploaded 1 image(s) for MV5743
Pagination before click: 51 - 60 of 287
Pagination after click: 61 - 70 of 287

Processing results page 7...
Scraping ticket numbers from current page...
Waiting for search results...
Skipping ticket MV5756 due to status: VOID
Skipping ticket MV5755 due to status: VOID
Found 8 ticket(s) on this page after status filtering: ['MV5762', 'MV5761', 'MV5760', 'MV5759', 'MV5758', 'MV5757', 'MV5754', 'MV5753']
Opening ticket MV5762...
Downloading images for MV5762...
Waiting for ticket detail for MV5762...
Found 4 ticket item card(s).
Uploaded MV5762_01_1_Copper.jpg to train/1_Copper/ and all_by_ticket/MV5762/ using Direct Image Src
Uploaded MV5762_04_Yellow_Brass_Clean.jpg to train/Yellow_Brass_Clean/ and all_by_ticket/MV5762/ using Direct Image Src
Uploaded MV5762_03_Dirty_Brass.jpg to train/Dirty_Brass/ and all_by_ticket/MV5762/ using Direct Image Src
Uploaded MV5762_02_2_Copper.jpg to train/2_Copper/ and all_by_ticket/MV5762/ using Direct Image Src
Uploaded 4 image(s) for MV5762
Opening ticket MV5761...
Downloading images for MV5761...
Waiting for ticket detail for MV5761...
Found 1 ticket item card(s).
Uploaded MV5761_01_Aluminum_Cans.jpg to train/Aluminum_Cans/ and all_by_ticket/MV5761/ using Direct Image Src
Uploaded 1 image(s) for MV5761
Opening ticket MV5760...
Downloading images for MV5760...
Waiting for ticket detail for MV5760...
Found 5 ticket item card(s).
Uploaded MV5760_04_Irony_ACR_Radiators.jpg to train/Irony_ACR_Radiators/ and all_by_ticket/MV5760/ using Direct Image Src
Uploaded MV5760_02_AluminumCopper_Radiator.jpg to train/AluminumCopper_Radiator/ and all_by_ticket/MV5760/ using Direct Image Src
Uploaded MV5760_01_Yellow_Brass_Clean.jpg to val/Yellow_Brass_Clean/ and all_by_ticket/MV5760/ using Direct Image Src
Uploaded MV5760_03_2_Copper.jpg to train/2_Copper/ and all_by_ticket/MV5760/ using Direct Image Src
Uploaded MV5760_05_1_Copper.jpg to train/1_Copper/ and all_by_ticket/MV5760/ using Direct Image Src
Uploaded 5 image(s) for MV5760
Opening ticket MV5759...
Downloading images for MV5759...
Waiting for ticket detail for MV5759...
Found 1 ticket item card(s).
Uploaded MV5759_01_Sheet_Iron.jpg to train/Sheet_Iron/ and all_by_ticket/MV5759/ using Direct Image Src
Uploaded 1 image(s) for MV5759
Opening ticket MV5758...
Downloading images for MV5758...
Waiting for ticket detail for MV5758...
Found 5 ticket item card(s).
Uploaded MV5758_01_2_Copper.jpg to train/2_Copper/ and all_by_ticket/MV5758/ using Direct Image Src
Uploaded MV5758_04_Cat_56.jpg to train/Cat_56/ and all_by_ticket/MV5758/ using Direct Image Src
Uploaded MV5758_03_1_Insulated_Wire.jpg to train/1_Insulated_Wire/ and all_by_ticket/MV5758/ using Direct Image Src
Uploaded MV5758_02_AluminumCopper_Radiator.jpg to train/AluminumCopper_Radiator/ and all_by_ticket/MV5758/ using Direct Image Src
Uploaded MV5758_05_Romex.jpg to train/Romex/ and all_by_ticket/MV5758/ using Direct Image Src
Uploaded 5 image(s) for MV5758
Opening ticket MV5757...
Downloading images for MV5757...
Waiting for ticket detail for MV5757...
Found 1 ticket item card(s).
No direct full-size image URL found for MV5757 item 1 (Test).
Skipping ticket MV5757: no usable image tasks found.
Uploaded 0 image(s) for MV5757
Opening ticket MV5754...
Downloading images for MV5754...
Waiting for ticket detail for MV5754...
Found 1 ticket item card(s).
Uploaded MV5754_01_BareBright.jpg to train/BareBright/ and all_by_ticket/MV5754/ using Direct Image Src
Uploaded 1 image(s) for MV5754
Opening ticket MV5753...
Downloading images for MV5753...
Waiting for ticket detail for MV5753...
Found 2 ticket item card(s).
Uploaded MV5753_01_Sheet_Iron.jpg to train/Sheet_Iron/ and all_by_ticket/MV5753/ using Direct Image Src
Uploaded MV5753_02_Sheet_Iron.jpg to train/Sheet_Iron/ and all_by_ticket/MV5753/ using Direct Image Src
Uploaded 2 image(s) for MV5753
Pagination before click: 61 - 70 of 287
Pagination after click: 71 - 80 of 287

Processing results page 8...
Scraping ticket numbers from current page...
Waiting for search results...
Skipping ticket MV5763 due to status: VOID
Found 9 ticket(s) on this page after status filtering: ['MV5772', 'MV5771', 'MV5770', 'MV5769', 'MV5768', 'MV5767', 'MV5766', 'MV5765', 'MV5764']
Opening ticket MV5772...
Downloading images for MV5772...
Waiting for ticket detail for MV5772...
Found 8 ticket item card(s).
Uploaded MV5772_03_Sheet_Copper.jpg to val/Sheet_Copper/ and all_by_ticket/MV5772/ using Direct Image Src
Uploaded MV5772_02_2_Copper.jpg to train/2_Copper/ and all_by_ticket/MV5772/ using Direct Image Src
Uploaded MV5772_04_2_Copper.jpg to train/2_Copper/ and all_by_ticket/MV5772/ using Direct Image Src
Uploaded MV5772_01_2_Copper.jpg to train/2_Copper/ and all_by_ticket/MV5772/ using Direct Image Src
Uploaded MV5772_05_BareBright.jpg to train/BareBright/ and all_by_ticket/MV5772/ using Direct Image Src
Uploaded MV5772_08_Sheet_Aluminum.jpg to test/Sheet_Aluminum/ and all_by_ticket/MV5772/ using Direct Image Src
Uploaded MV5772_07_Yellow_Brass_Clean.jpg to val/Yellow_Brass_Clean/ and all_by_ticket/MV5772/ using Direct Image Src
Uploaded MV5772_06_1_Copper.jpg to train/1_Copper/ and all_by_ticket/MV5772/ using Direct Image Src
Uploaded 8 image(s) for MV5772
Opening ticket MV5771...
Downloading images for MV5771...
Waiting for ticket detail for MV5771...
Found 5 ticket item card(s).
Uploaded MV5771_01_Aluminum_Cans.jpg to test/Aluminum_Cans/ and all_by_ticket/MV5771/ using Direct Image Src
Uploaded MV5771_05_Ac_Coil.jpg to val/Ac_Coil/ and all_by_ticket/MV5771/ using Direct Image Src
Uploaded MV5771_03_2_Copper.jpg to train/2_Copper/ and all_by_ticket/MV5771/ using Direct Image Src
Uploaded MV5771_02_Yellow_Brass_Clean.jpg to train/Yellow_Brass_Clean/ and all_by_ticket/MV5771/ using Direct Image Src
Uploaded MV5771_04_Sheet_Iron.jpg to train/Sheet_Iron/ and all_by_ticket/MV5771/ using Direct Image Src
Uploaded 5 image(s) for MV5771
Opening ticket MV5770...
Downloading images for MV5770...
Waiting for ticket detail for MV5770...
Found 8 ticket item card(s).
Uploaded MV5770_04_304.jpg to val/304/ and all_by_ticket/MV5770/ using Direct Image Src
Uploaded MV5770_06_Electric_Motor.jpg to train/Electric_Motor/ and all_by_ticket/MV5770/ using Direct Image Src
Uploaded MV5770_07_Low_Grade_Insulated_Wire.jpg to train/Low_Grade_Insulated_Wire/ and all_by_ticket/MV5770/ using Direct Image Src
Uploaded MV5770_03_Sheet_Aluminum.jpg to train/Sheet_Aluminum/ and all_by_ticket/MV5770/ using Direct Image Src
Uploaded MV5770_02_Cast_Aluminum.jpg to val/Cast_Aluminum/ and all_by_ticket/MV5770/ using Direct Image Src
Uploaded MV5770_01_Yellow_Brass_Clean.jpg to train/Yellow_Brass_Clean/ and all_by_ticket/MV5770/ using Direct Image Src
Uploaded MV5770_08_Sheet_Iron.jpg to val/Sheet_Iron/ and all_by_ticket/MV5770/ using Direct Image Src
Uploaded MV5770_05_Extrusion.jpg to train/Extrusion/ and all_by_ticket/MV5770/ using Direct Image Src
Uploaded 8 image(s) for MV5770
Opening ticket MV5769...
Downloading images for MV5769...
Waiting for ticket detail for MV5769...
Found 4 ticket item card(s).
Uploaded MV5769_01_Dirty_Brass.jpg to train/Dirty_Brass/ and all_by_ticket/MV5769/ using Direct Image Src
Uploaded MV5769_02_Yellow_Brass_Clean.jpg to train/Yellow_Brass_Clean/ and all_by_ticket/MV5769/ using Direct Image Src
Uploaded MV5769_03_2_Copper.jpg to train/2_Copper/ and all_by_ticket/MV5769/ using Direct Image Src
Uploaded MV5769_04_Aluminum_Radiator.jpg to train/Aluminum_Radiator/ and all_by_ticket/MV5769/ using Direct Image Src
Uploaded 4 image(s) for MV5769
Opening ticket MV5768...
Downloading images for MV5768...
Waiting for ticket detail for MV5768...
Found 1 ticket item card(s).
No direct full-size image URL found for MV5768 item 1 (Test).
Skipping ticket MV5768: no usable image tasks found.
Uploaded 0 image(s) for MV5768
Opening ticket MV5767...
Downloading images for MV5767...
Waiting for ticket detail for MV5767...
Found 2 ticket item card(s).
Uploaded MV5767_01_Sheet_Iron.jpg to train/Sheet_Iron/ and all_by_ticket/MV5767/ using Direct Image Src
Uploaded MV5767_02_Sheet_Iron.jpg to train/Sheet_Iron/ and all_by_ticket/MV5767/ using Direct Image Src
Uploaded 2 image(s) for MV5767
Opening ticket MV5766...
Downloading images for MV5766...
Waiting for ticket detail for MV5766...
Found 1 ticket item card(s).
Uploaded MV5766_01_Sheet_Iron.jpg to train/Sheet_Iron/ and all_by_ticket/MV5766/ using Direct Image Src
Uploaded 1 image(s) for MV5766
Opening ticket MV5765...
Downloading images for MV5765...
Waiting for ticket detail for MV5765...
Found 7 ticket item card(s).
Uploaded MV5765_07_Aluminum_Wire_Insulated.jpg to train/Aluminum_Wire_Insulated/ and all_by_ticket/MV5765/ using Direct Image Src
Uploaded MV5765_02_2_Copper.jpg to train/2_Copper/ and all_by_ticket/MV5765/ using Direct Image Src
Uploaded MV5765_03_BareBright.jpg to val/BareBright/ and all_by_ticket/MV5765/ using Direct Image Src
Uploaded MV5765_06_Complete_PC.jpg to train/Complete_PC/ and all_by_ticket/MV5765/ using Direct Image Src
Uploaded MV5765_04_Cast_Aluminum.jpg to test/Cast_Aluminum/ and all_by_ticket/MV5765/ using Direct Image Src
Uploaded MV5765_05_Irony_Aluminum.jpg to train/Irony_Aluminum/ and all_by_ticket/MV5765/ using Direct Image Src
Uploaded MV5765_01_2_Insulated_Wire.jpg to train/2_Insulated_Wire/ and all_by_ticket/MV5765/ using Direct Image Src
Uploaded 7 image(s) for MV5765
Opening ticket MV5764...
Downloading images for MV5764...
Waiting for ticket detail for MV5764...
Found 1 ticket item card(s).
Uploaded MV5764_01_BareBright.jpg to train/BareBright/ and all_by_ticket/MV5764/ using Direct Image Src
Uploaded 1 image(s) for MV5764
Pagination before click: 71 - 80 of 287
Pagination after click: 81 - 90 of 287

Processing results page 9...
Scraping ticket numbers from current page...
Waiting for search results...
Skipping ticket MV5779 due to status: CANCEL
Found 9 ticket(s) on this page after status filtering: ['MV5782', 'MV5781', 'MV5780', 'MV5778', 'MV5777', 'MV5776', 'MV5775', 'MV5774', 'MV5773']
Opening ticket MV5782...
Downloading images for MV5782...
Waiting for ticket detail for MV5782...
Found 3 ticket item card(s).
Uploaded MV5782_02_2_Insulated_Wire.jpg to train/2_Insulated_Wire/ and all_by_ticket/MV5782/ using Direct Image Src
Uploaded MV5782_03_Harness_Wire.jpg to train/Harness_Wire/ and all_by_ticket/MV5782/ using Direct Image Src
Uploaded MV5782_01_2_Copper.jpg to train/2_Copper/ and all_by_ticket/MV5782/ using Direct Image Src
Uploaded 3 image(s) for MV5782
Opening ticket MV5781...
Downloading images for MV5781...
Waiting for ticket detail for MV5781...
Found 1 ticket item card(s).
Uploaded MV5781_01_Sheet_Iron.jpg to train/Sheet_Iron/ and all_by_ticket/MV5781/ using Direct Image Src
Uploaded 1 image(s) for MV5781
Opening ticket MV5780...
Downloading images for MV5780...
Waiting for ticket detail for MV5780...
Found 4 ticket item card(s).
Uploaded MV5780_02_Dirty_Brass.jpg to train/Dirty_Brass/ and all_by_ticket/MV5780/ using Direct Image Src
Uploaded MV5780_03_2_Copper.jpg to train/2_Copper/ and all_by_ticket/MV5780/ using Direct Image Src
Uploaded MV5780_04_Sheet_Iron.jpg to train/Sheet_Iron/ and all_by_ticket/MV5780/ using Direct Image Src
Uploaded MV5780_01_Irony_SS.jpg to train/Irony_SS/ and all_by_ticket/MV5780/ using Direct Image Src
Uploaded 4 image(s) for MV5780
Opening ticket MV5778...
Downloading images for MV5778...
Waiting for ticket detail for MV5778...
Found 1 ticket item card(s).
Uploaded MV5778_01_Aluminum_Cans.jpg to train/Aluminum_Cans/ and all_by_ticket/MV5778/ using Direct Image Src
Uploaded 1 image(s) for MV5778
Opening ticket MV5777...
Downloading images for MV5777...
Waiting for ticket detail for MV5777...
Found 4 ticket item card(s).
Uploaded MV5777_02_Dirty_Brass.jpg to train/Dirty_Brass/ and all_by_ticket/MV5777/ using Direct Image Src
Uploaded MV5777_01_Sheet_Iron.jpg to train/Sheet_Iron/ and all_by_ticket/MV5777/ using Direct Image Src
Uploaded MV5777_04_1_Copper.jpg to val/1_Copper/ and all_by_ticket/MV5777/ using Direct Image Src
Uploaded MV5777_03_2_Copper.jpg to train/2_Copper/ and all_by_ticket/MV5777/ using Direct Image Src
Uploaded 4 image(s) for MV5777
Opening ticket MV5776...
Downloading images for MV5776...
Waiting for ticket detail for MV5776...
Found 2 ticket item card(s).
Uploaded MV5776_01_Sheet_Iron.jpg to train/Sheet_Iron/ and all_by_ticket/MV5776/ using Direct Image Src
Uploaded MV5776_02_Auto_Batteries.jpg to train/Auto_Batteries/ and all_by_ticket/MV5776/ using Direct Image Src
Uploaded 2 image(s) for MV5776
Opening ticket MV5775...
Downloading images for MV5775...
Waiting for ticket detail for MV5775...
Found 1 ticket item card(s).
Uploaded MV5775_01_Motor_Cast_Rotors.jpg to val/Motor_Cast_Rotors/ and all_by_ticket/MV5775/ using Direct Image Src
Uploaded 1 image(s) for MV5775
Opening ticket MV5774...
Downloading images for MV5774...
Waiting for ticket detail for MV5774...
Found 1 ticket item card(s).
No direct full-size image URL found for MV5774 item 1 (Test).
Skipping ticket MV5774: no usable image tasks found.
Uploaded 0 image(s) for MV5774
Opening ticket MV5773...
Downloading images for MV5773...
Waiting for ticket detail for MV5773...
Found 6 ticket item card(s).
Uploaded MV5773_04_Yellow_Brass_Clean.jpg to train/Yellow_Brass_Clean/ and all_by_ticket/MV5773/ using Direct Image Src
Uploaded MV5773_02_1_Copper.jpg to train/1_Copper/ and all_by_ticket/MV5773/ using Direct Image Src
Uploaded MV5773_01_2_Insulated_Wire.jpg to train/2_Insulated_Wire/ and all_by_ticket/MV5773/ using Direct Image Src
Uploaded MV5773_03_2_Copper.jpg to train/2_Copper/ and all_by_ticket/MV5773/ using Direct Image Src
Uploaded MV5773_06_Sheet_Iron.jpg to val/Sheet_Iron/ and all_by_ticket/MV5773/ using Direct Image Src
Uploaded MV5773_05_Sheet_Aluminum.jpg to train/Sheet_Aluminum/ and all_by_ticket/MV5773/ using Direct Image Src
Uploaded 6 image(s) for MV5773
Pagination before click: 81 - 90 of 287
Pagination after click: 91 - 100 of 287

Processing results page 10...
Scraping ticket numbers from current page...
Waiting for search results...
Found 10 ticket(s) on this page after status filtering: ['MV5792', 'MV5791', 'MV5790', 'MV5789', 'MV5788', 'MV5787', 'MV5786', 'MV5785', 'MV5784', 'MV5783']
Opening ticket MV5792...
Downloading images for MV5792...
Waiting for ticket detail for MV5792...
Found 4 ticket item card(s).
Uploaded MV5792_02_Yellow_Brass_Clean.jpg to train/Yellow_Brass_Clean/ and all_by_ticket/MV5792/ using Direct Image Src
Uploaded MV5792_01_BareBright.jpg to val/BareBright/ and all_by_ticket/MV5792/ using Direct Image Src
Uploaded MV5792_04_1_Insulated_Wire.jpg to train/1_Insulated_Wire/ and all_by_ticket/MV5792/ using Direct Image Src
Uploaded MV5792_03_2_Copper.jpg to train/2_Copper/ and all_by_ticket/MV5792/ using Direct Image Src
Uploaded 4 image(s) for MV5792
Opening ticket MV5791...
Downloading images for MV5791...
Waiting for ticket detail for MV5791...
Found 1 ticket item card(s).
Uploaded MV5791_01_Aluminum_Cans.jpg to train/Aluminum_Cans/ and all_by_ticket/MV5791/ using Direct Image Src
Uploaded 1 image(s) for MV5791
Opening ticket MV5790...
Downloading images for MV5790...
Waiting for ticket detail for MV5790...
Found 1 ticket item card(s).
Uploaded MV5790_01_BareBright.jpg to test/BareBright/ and all_by_ticket/MV5790/ using Direct Image Src
Uploaded 1 image(s) for MV5790
Opening ticket MV5789...
Downloading images for MV5789...
Waiting for ticket detail for MV5789...
Found 7 ticket item card(s).
Uploaded MV5789_02_Christmas_Lights.jpg to train/Christmas_Lights/ and all_by_ticket/MV5789/ using Direct Image Src
Uploaded MV5789_06_Complete_PC.jpg to train/Complete_PC/ and all_by_ticket/MV5789/ using Direct Image Src
Uploaded MV5789_05_2_Insulated_Wire.jpg to train/2_Insulated_Wire/ and all_by_ticket/MV5789/ using Direct Image Src
Uploaded MV5789_03_1_Copper.jpg to train/1_Copper/ and all_by_ticket/MV5789/ using Direct Image Src
Uploaded MV5789_04_1_Copper.jpg to train/1_Copper/ and all_by_ticket/MV5789/ using Direct Image Src
Uploaded MV5789_01_Sheet_Iron.jpg to train/Sheet_Iron/ and all_by_ticket/MV5789/ using Direct Image Src
Uploaded MV5789_07_Unclean_Extrusion.jpg to train/Unclean_Extrusion/ and all_by_ticket/MV5789/ using Direct Image Src
Uploaded 7 image(s) for MV5789
Opening ticket MV5788...
Downloading images for MV5788...
Waiting for ticket detail for MV5788...
Found 3 ticket item card(s).
Uploaded MV5788_02_Unclean_Extrusion.jpg to test/Unclean_Extrusion/ and all_by_ticket/MV5788/ using Direct Image Src
Uploaded MV5788_01_Aluminum_Cans.jpg to train/Aluminum_Cans/ and all_by_ticket/MV5788/ using Direct Image Src
Uploaded MV5788_03_Sheet_Iron.jpg to train/Sheet_Iron/ and all_by_ticket/MV5788/ using Direct Image Src
Uploaded 3 image(s) for MV5788
Opening ticket MV5787...
Downloading images for MV5787...
Waiting for ticket detail for MV5787...
Found 5 ticket item card(s).
Uploaded MV5787_05_Yellow_Brass_Clean.jpg to train/Yellow_Brass_Clean/ and all_by_ticket/MV5787/ using Direct Image Src
Uploaded MV5787_01_1_Copper.jpg to test/1_Copper/ and all_by_ticket/MV5787/ using Direct Image Src
Uploaded MV5787_02_2_Copper.jpg to train/2_Copper/ and all_by_ticket/MV5787/ using Direct Image Src
Uploaded MV5787_03_2_Copper.jpg to train/2_Copper/ and all_by_ticket/MV5787/ using Direct Image Src
Uploaded MV5787_04_Dirty_Brass.jpg to train/Dirty_Brass/ and all_by_ticket/MV5787/ using Direct Image Src
Uploaded 5 image(s) for MV5787
Opening ticket MV5786...
Downloading images for MV5786...
Waiting for ticket detail for MV5786...
Found 8 ticket item card(s).
Uploaded MV5786_04_Irony_Aluminum.jpg to train/Irony_Aluminum/ and all_by_ticket/MV5786/ using Direct Image Src
Uploaded MV5786_07_Gutters_Siding.jpg to train/Gutters_Siding/ and all_by_ticket/MV5786/ using Direct Image Src
Uploaded MV5786_03_Cast_Aluminum.jpg to train/Cast_Aluminum/ and all_by_ticket/MV5786/ using Direct Image Src
Uploaded MV5786_01_Sheet_Iron.jpg to train/Sheet_Iron/ and all_by_ticket/MV5786/ using Direct Image Src
Uploaded MV5786_06_BareBright.jpg to train/BareBright/ and all_by_ticket/MV5786/ using Direct Image Src
Uploaded MV5786_02_Aluminum_Wire_Insulated.jpg to val/Aluminum_Wire_Insulated/ and all_by_ticket/MV5786/ using Direct Image Src
Uploaded MV5786_05_2_Insulated_Wire.jpg to test/2_Insulated_Wire/ and all_by_ticket/MV5786/ using Direct Image Src
Uploaded MV5786_08_Christmas_Lights.jpg to train/Christmas_Lights/ and all_by_ticket/MV5786/ using Direct Image Src
Uploaded 8 image(s) for MV5786
Opening ticket MV5785...
Downloading images for MV5785...
Waiting for ticket detail for MV5785...
Found 5 ticket item card(s).
Uploaded MV5785_04_Sheet_Iron.jpg to train/Sheet_Iron/ and all_by_ticket/MV5785/ using Direct Image Src
Uploaded MV5785_01_Sheet_Iron.jpg to train/Sheet_Iron/ and all_by_ticket/MV5785/ using Direct Image Src
Uploaded MV5785_02_Sheet_Iron.jpg to train/Sheet_Iron/ and all_by_ticket/MV5785/ using Direct Image Src
Uploaded MV5785_03_Sheet_Iron.jpg to train/Sheet_Iron/ and all_by_ticket/MV5785/ using Direct Image Src
Uploaded MV5785_05_Sheet_Iron.jpg to train/Sheet_Iron/ and all_by_ticket/MV5785/ using Direct Image Src
Uploaded 5 image(s) for MV5785
Opening ticket MV5784...
Downloading images for MV5784...
Waiting for ticket detail for MV5784...
Found 1 ticket item card(s).
Uploaded MV5784_01_Sheet_Iron.jpg to train/Sheet_Iron/ and all_by_ticket/MV5784/ using Direct Image Src
Uploaded 1 image(s) for MV5784
Opening ticket MV5783...
Downloading images for MV5783...
Waiting for ticket detail for MV5783...
Found 2 ticket item card(s).
Uploaded MV5783_01_Aluminum_Rim_Clean.jpg to train/Aluminum_Rim_Clean/ and all_by_ticket/MV5783/ using Direct Image Src
Uploaded MV5783_02_Irony_Aluminum.jpg to test/Irony_Aluminum/ and all_by_ticket/MV5783/ using Direct Image Src
Uploaded 2 image(s) for MV5783
Pagination before click: 91 - 100 of 287
Pagination after click: 101 - 110 of 287

Processing results page 11...
Scraping ticket numbers from current page...
Waiting for search results...
Skipping ticket MV5800 due to status: VOID
Skipping ticket MV5798 due to status: VOID
Skipping ticket MV5795 due to status: VOID
Found 7 ticket(s) on this page after status filtering: ['MV5802', 'MV5801', 'MV5799', 'MV5797', 'MV5796', 'MV5794', 'MV5793']
Opening ticket MV5802...
Downloading images for MV5802...
Waiting for ticket detail for MV5802...
Found 7 ticket item card(s).
Uploaded MV5802_05_Circuit_Board_Low_Grade.jpg to train/Circuit_Board_Low_Grade/ and all_by_ticket/MV5802/ using Direct Image Src
Uploaded MV5802_03_AluminumCopper_Radiator.jpg to train/AluminumCopper_Radiator/ and all_by_ticket/MV5802/ using Direct Image Src
Uploaded MV5802_02_Irony_ACR_Radiators.jpg to test/Irony_ACR_Radiators/ and all_by_ticket/MV5802/ using Direct Image Src
Uploaded MV5802_07_Cast_Aluminum.jpg to train/Cast_Aluminum/ and all_by_ticket/MV5802/ using Direct Image Src
Uploaded MV5802_06_Yellow_Brass_Clean.jpg to train/Yellow_Brass_Clean/ and all_by_ticket/MV5802/ using Direct Image Src
Uploaded MV5802_01_Sheet_Iron.jpg to train/Sheet_Iron/ and all_by_ticket/MV5802/ using Direct Image Src
Uploaded MV5802_04_Sealed_Units.jpg to train/Sealed_Units/ and all_by_ticket/MV5802/ using Direct Image Src
Uploaded 7 image(s) for MV5802
Opening ticket MV5801...
Downloading images for MV5801...
Waiting for ticket detail for MV5801...
Found 4 ticket item card(s).
Uploaded MV5801_04_Aluminum_Wire_Insulated.jpg to train/Aluminum_Wire_Insulated/ and all_by_ticket/MV5801/ using Direct Image Src
Uploaded MV5801_02_Gutters_Siding.jpg to train/Gutters_Siding/ and all_by_ticket/MV5801/ using Direct Image Src
Uploaded MV5801_03_Electric_Motor.jpg to test/Electric_Motor/ and all_by_ticket/MV5801/ using Direct Image Src
Uploaded MV5801_01_Sheet_Iron.jpg to train/Sheet_Iron/ and all_by_ticket/MV5801/ using Direct Image Src
Uploaded 4 image(s) for MV5801
Opening ticket MV5799...
Downloading images for MV5799...
Waiting for ticket detail for MV5799...
Found 2 ticket item card(s).
Uploaded MV5799_01_2_Copper.jpg to train/2_Copper/ and all_by_ticket/MV5799/ using Direct Image Src
Uploaded MV5799_02_Aluminum_Cans.jpg to train/Aluminum_Cans/ and all_by_ticket/MV5799/ using Direct Image Src
Uploaded 2 image(s) for MV5799
Opening ticket MV5797...
Downloading images for MV5797...
Waiting for ticket detail for MV5797...
Found 1 ticket item card(s).
Uploaded MV5797_01_Circuit_Board_Low_Grade.jpg to train/Circuit_Board_Low_Grade/ and all_by_ticket/MV5797/ using Direct Image Src
Uploaded 1 image(s) for MV5797
Opening ticket MV5796...
Downloading images for MV5796...
Waiting for ticket detail for MV5796...
Found 2 ticket item card(s).
Uploaded MV5796_02_1_Copper.jpg to train/1_Copper/ and all_by_ticket/MV5796/ using Direct Image Src
Uploaded MV5796_01_Yellow_Brass_Clean.jpg to train/Yellow_Brass_Clean/ and all_by_ticket/MV5796/ using Direct Image Src
Uploaded 2 image(s) for MV5796
Opening ticket MV5794...
Downloading images for MV5794...
Waiting for ticket detail for MV5794...
Found 3 ticket item card(s).
Uploaded MV5794_01_Sheet_Iron.jpg to train/Sheet_Iron/ and all_by_ticket/MV5794/ using Direct Image Src
Uploaded MV5794_02_Alternator.jpg to train/Alternator/ and all_by_ticket/MV5794/ using Direct Image Src
Uploaded MV5794_03_Irony_Aluminum.jpg to train/Irony_Aluminum/ and all_by_ticket/MV5794/ using Direct Image Src
Uploaded 3 image(s) for MV5794
Opening ticket MV5793...
Downloading images for MV5793...
Waiting for ticket detail for MV5793...
Found 2 ticket item card(s).
Uploaded MV5793_02_2_Copper.jpg to train/2_Copper/ and all_by_ticket/MV5793/ using Direct Image Src
Uploaded MV5793_01_2_Insulated_Wire.jpg to train/2_Insulated_Wire/ and all_by_ticket/MV5793/ using Direct Image Src
Uploaded 2 image(s) for MV5793
Pagination before click: 101 - 110 of 287
Pagination after click: 111 - 120 of 287

Processing results page 12...
Scraping ticket numbers from current page...
Waiting for search results...
Found 10 ticket(s) on this page after status filtering: ['MV5812', 'MV5811', 'MV5810', 'MV5809', 'MV5808', 'MV5807', 'MV5806', 'MV5805', 'MV5804', 'MV5803']
Opening ticket MV5812...
Downloading images for MV5812...
Waiting for ticket detail for MV5812...
Found 2 ticket item card(s).
Uploaded MV5812_02_2_Insulated_Wire.jpg to val/2_Insulated_Wire/ and all_by_ticket/MV5812/ using Direct Image Src
Uploaded MV5812_01_2_Copper.jpg to train/2_Copper/ and all_by_ticket/MV5812/ using Direct Image Src
Uploaded 2 image(s) for MV5812
Opening ticket MV5811...
Downloading images for MV5811...
Waiting for ticket detail for MV5811...
Found 3 ticket item card(s).
Uploaded MV5811_02_1_Insulated_Wire.jpg to train/1_Insulated_Wire/ and all_by_ticket/MV5811/ using Direct Image Src
Uploaded MV5811_01_BareBright.jpg to train/BareBright/ and all_by_ticket/MV5811/ using Direct Image Src
Uploaded MV5811_03_Low_Grade_Insulated_Wire.jpg to train/Low_Grade_Insulated_Wire/ and all_by_ticket/MV5811/ using Direct Image Src
Uploaded 3 image(s) for MV5811
Opening ticket MV5810...
Downloading images for MV5810...
Waiting for ticket detail for MV5810...
Found 10 ticket item card(s).
Uploaded MV5810_03_Irony_Aluminum.jpg to train/Irony_Aluminum/ and all_by_ticket/MV5810/ using Direct Image Src
Uploaded MV5810_02_Sheet_Iron.jpg to train/Sheet_Iron/ and all_by_ticket/MV5810/ using Direct Image Src
Uploaded MV5810_01_Sheet_Iron.jpg to train/Sheet_Iron/ and all_by_ticket/MV5810/ using Direct Image Src
Uploaded MV5810_09_BareBright.jpg to train/BareBright/ and all_by_ticket/MV5810/ using Direct Image Src
Uploaded MV5810_10_2_Copper.jpg to train/2_Copper/ and all_by_ticket/MV5810/ using Direct Image Src
Uploaded MV5810_05_Irony_Aluminum.jpg to train/Irony_Aluminum/ and all_by_ticket/MV5810/ using Direct Image Src
Uploaded MV5810_08_Sheet_Iron.jpg to train/Sheet_Iron/ and all_by_ticket/MV5810/ using Direct Image Src
Uploaded MV5810_06_Sheet_Aluminum.jpg to train/Sheet_Aluminum/ and all_by_ticket/MV5810/ using Direct Image Src
Uploaded MV5810_07_Sealed_Units.jpg to train/Sealed_Units/ and all_by_ticket/MV5810/ using Direct Image Src
Uploaded MV5810_04_Irony_Aluminum.jpg to train/Irony_Aluminum/ and all_by_ticket/MV5810/ using Direct Image Src
Uploaded 10 image(s) for MV5810
Opening ticket MV5809...
Downloading images for MV5809...
Waiting for ticket detail for MV5809...
Found 1 ticket item card(s).
Uploaded MV5809_01_2_Insulated_Wire.jpg to val/2_Insulated_Wire/ and all_by_ticket/MV5809/ using Direct Image Src
Uploaded 1 image(s) for MV5809
Opening ticket MV5808...
Downloading images for MV5808...
Waiting for ticket detail for MV5808...
Found 5 ticket item card(s).
Uploaded MV5808_03_Extrusion.jpg to train/Extrusion/ and all_by_ticket/MV5808/ using Direct Image Src
Uploaded MV5808_04_2_Insulated_Wire.jpg to train/2_Insulated_Wire/ and all_by_ticket/MV5808/ using Direct Image Src
Uploaded MV5808_01_Aluminum_Cans.jpg to train/Aluminum_Cans/ and all_by_ticket/MV5808/ using Direct Image Src
Uploaded MV5808_05_Sheet_Iron.jpg to train/Sheet_Iron/ and all_by_ticket/MV5808/ using Direct Image Src
Uploaded MV5808_02_Cast_Aluminum.jpg to train/Cast_Aluminum/ and all_by_ticket/MV5808/ using Direct Image Src
Uploaded 5 image(s) for MV5808
Opening ticket MV5807...
Downloading images for MV5807...
Waiting for ticket detail for MV5807...
Found 3 ticket item card(s).
Uploaded MV5807_02_2_Insulated_Wire.jpg to train/2_Insulated_Wire/ and all_by_ticket/MV5807/ using Direct Image Src
Uploaded MV5807_03_2_Copper.jpg to train/2_Copper/ and all_by_ticket/MV5807/ using Direct Image Src
Uploaded MV5807_01_Aluminum_Cans.jpg to train/Aluminum_Cans/ and all_by_ticket/MV5807/ using Direct Image Src
Uploaded 3 image(s) for MV5807
Opening ticket MV5806...
Downloading images for MV5806...
Waiting for ticket detail for MV5806...
Found 4 ticket item card(s).
Uploaded MV5806_04_Dirty_Brass.jpg to train/Dirty_Brass/ and all_by_ticket/MV5806/ using Direct Image Src
Uploaded MV5806_02_Sheet_Iron.jpg to test/Sheet_Iron/ and all_by_ticket/MV5806/ using Direct Image Src
Uploaded MV5806_03_Romex.jpg to train/Romex/ and all_by_ticket/MV5806/ using Direct Image Src
Uploaded MV5806_01_2_Copper.jpg to val/2_Copper/ and all_by_ticket/MV5806/ using Direct Image Src
Uploaded 4 image(s) for MV5806
Opening ticket MV5805...
Downloading images for MV5805...
Waiting for ticket detail for MV5805...
Found 5 ticket item card(s).
Uploaded MV5805_02_Extrusion.jpg to train/Extrusion/ and all_by_ticket/MV5805/ using Direct Image Src
Uploaded MV5805_03_BareBright.jpg to train/BareBright/ and all_by_ticket/MV5805/ using Direct Image Src
Uploaded MV5805_01_Aluminum_Cans.jpg to train/Aluminum_Cans/ and all_by_ticket/MV5805/ using Direct Image Src
Uploaded MV5805_05_1_Copper.jpg to train/1_Copper/ and all_by_ticket/MV5805/ using Direct Image Src
Uploaded MV5805_04_2_Copper.jpg to test/2_Copper/ and all_by_ticket/MV5805/ using Direct Image Src
Uploaded 5 image(s) for MV5805
Opening ticket MV5804...
Downloading images for MV5804...
Waiting for ticket detail for MV5804...
Found 1 ticket item card(s).
Uploaded MV5804_01_2_Copper.jpg to val/2_Copper/ and all_by_ticket/MV5804/ using Direct Image Src
Uploaded 1 image(s) for MV5804
Opening ticket MV5803...
Downloading images for MV5803...
Waiting for ticket detail for MV5803...
Found 1 ticket item card(s).
No direct full-size image URL found for MV5803 item 1 (Test).
Skipping ticket MV5803: no usable image tasks found.
Uploaded 0 image(s) for MV5803
Pagination before click: 111 - 120 of 287
Pagination after click: 121 - 130 of 287

Processing results page 13...
Scraping ticket numbers from current page...
Waiting for search results...
Found 10 ticket(s) on this page after status filtering: ['MV5822', 'MV5821', 'MV5820', 'MV5819', 'MV5818', 'MV5817', 'MV5816', 'MV5815', 'MV5814', 'MV5813']
Opening ticket MV5822...
Downloading images for MV5822...
Waiting for ticket detail for MV5822...
Found 1 ticket item card(s).
Uploaded MV5822_01_Romex.jpg to train/Romex/ and all_by_ticket/MV5822/ using Direct Image Src
Uploaded 1 image(s) for MV5822
Opening ticket MV5821...
Downloading images for MV5821...
Waiting for ticket detail for MV5821...
Found 2 ticket item card(s).
Uploaded MV5821_01_BareBright.jpg to train/BareBright/ and all_by_ticket/MV5821/ using Direct Image Src
Uploaded MV5821_02_2_Copper.jpg to train/2_Copper/ and all_by_ticket/MV5821/ using Direct Image Src
Uploaded 2 image(s) for MV5821
Opening ticket MV5820...
Downloading images for MV5820...
Waiting for ticket detail for MV5820...
Found 1 ticket item card(s).
Uploaded MV5820_01_Sheet_Iron.jpg to train/Sheet_Iron/ and all_by_ticket/MV5820/ using Direct Image Src
Uploaded 1 image(s) for MV5820
Opening ticket MV5819...
Downloading images for MV5819...
Waiting for ticket detail for MV5819...
Found 7 ticket item card(s).
Uploaded MV5819_02_2_Insulated_Wire.jpg to train/2_Insulated_Wire/ and all_by_ticket/MV5819/ using Direct Image Src
Uploaded MV5819_01_Sheet_Iron.jpg to train/Sheet_Iron/ and all_by_ticket/MV5819/ using Direct Image Src
Uploaded MV5819_03_Aluminum_Wire_Clean_No_Insulation.jpg to val/Aluminum_Wire_Clean_No_Insulation/ and all_by_ticket/MV5819/ using Direct Image Src
Uploaded MV5819_06_Electric_Motor.jpg to train/Electric_Motor/ and all_by_ticket/MV5819/ using Direct Image Src
Uploaded MV5819_04_1_Insulated_Wire.jpg to train/1_Insulated_Wire/ and all_by_ticket/MV5819/ using Direct Image Src
Uploaded MV5819_07_BareBright.jpg to val/BareBright/ and all_by_ticket/MV5819/ using Direct Image Src
Uploaded MV5819_05_Starter.jpg to train/Starter/ and all_by_ticket/MV5819/ using Direct Image Src
Uploaded 7 image(s) for MV5819
Opening ticket MV5818...
Downloading images for MV5818...
Waiting for ticket detail for MV5818...
Found 5 ticket item card(s).
Uploaded MV5818_02_2_Copper.jpg to train/2_Copper/ and all_by_ticket/MV5818/ using Direct Image Src
Uploaded MV5818_01_BareBright.jpg to train/BareBright/ and all_by_ticket/MV5818/ using Direct Image Src
Uploaded MV5818_03_2_Insulated_Wire.jpg to train/2_Insulated_Wire/ and all_by_ticket/MV5818/ using Direct Image Src
Uploaded MV5818_05_Irony_Aluminum.jpg to train/Irony_Aluminum/ and all_by_ticket/MV5818/ using Direct Image Src
Uploaded MV5818_04_Electric_Motor.jpg to train/Electric_Motor/ and all_by_ticket/MV5818/ using Direct Image Src
Uploaded 5 image(s) for MV5818
Opening ticket MV5817...
Downloading images for MV5817...
Waiting for ticket detail for MV5817...
Found 4 ticket item card(s).
Uploaded MV5817_03_1_Insulated_Wire.jpg to train/1_Insulated_Wire/ and all_by_ticket/MV5817/ using Direct Image Src
Uploaded MV5817_01_2_Copper.jpg to train/2_Copper/ and all_by_ticket/MV5817/ using Direct Image Src
Uploaded MV5817_04_2_Insulated_Wire.jpg to val/2_Insulated_Wire/ and all_by_ticket/MV5817/ using Direct Image Src
Uploaded MV5817_02_Transformer.jpg to train/Transformer/ and all_by_ticket/MV5817/ using Direct Image Src
Uploaded 4 image(s) for MV5817
Opening ticket MV5816...
Downloading images for MV5816...
Waiting for ticket detail for MV5816...
Found 4 ticket item card(s).
Uploaded MV5816_02_MC_Metal_Shield.jpg to val/MC_Metal_Shield/ and all_by_ticket/MV5816/ using Direct Image Src
Uploaded MV5816_01_Sheet_Iron.jpg to train/Sheet_Iron/ and all_by_ticket/MV5816/ using Direct Image Src
Uploaded MV5816_03_Dirty_Brass.jpg to train/Dirty_Brass/ and all_by_ticket/MV5816/ using Direct Image Src
Uploaded MV5816_04_Romex.jpg to train/Romex/ and all_by_ticket/MV5816/ using Direct Image Src
Uploaded 4 image(s) for MV5816
Opening ticket MV5815...
Downloading images for MV5815...
Waiting for ticket detail for MV5815...
Found 10 ticket item card(s).
Uploaded MV5815_04_BareBright.jpg to train/BareBright/ and all_by_ticket/MV5815/ using Direct Image Src
Uploaded MV5815_05_2_Copper.jpg to train/2_Copper/ and all_by_ticket/MV5815/ using Direct Image Src
Uploaded MV5815_07_Sheet_Aluminum.jpg to val/Sheet_Aluminum/ and all_by_ticket/MV5815/ using Direct Image Src
Uploaded MV5815_02_Electric_Motor.jpg to train/Electric_Motor/ and all_by_ticket/MV5815/ using Direct Image Src
Uploaded MV5815_03_2_Insulated_Wire.jpg to train/2_Insulated_Wire/ and all_by_ticket/MV5815/ using Direct Image Src
Uploaded MV5815_01_1_Insulated_Wire.jpg to train/1_Insulated_Wire/ and all_by_ticket/MV5815/ using Direct Image Src
Uploaded MV5815_06_Extrusion.jpg to train/Extrusion/ and all_by_ticket/MV5815/ using Direct Image Src
Uploaded MV5815_08_1_Insulated_Wire.jpg to train/1_Insulated_Wire/ and all_by_ticket/MV5815/ using Direct Image Src
Uploaded MV5815_10_Yellow_Brass_Clean.jpg to train/Yellow_Brass_Clean/ and all_by_ticket/MV5815/ using Direct Image Src
Uploaded MV5815_09_Dirty_Brass.jpg to train/Dirty_Brass/ and all_by_ticket/MV5815/ using Direct Image Src
Uploaded 10 image(s) for MV5815
Opening ticket MV5814...
Downloading images for MV5814...
Waiting for ticket detail for MV5814...
Found 1 ticket item card(s).
Uploaded MV5814_01_Aluminum_Cans.jpg to train/Aluminum_Cans/ and all_by_ticket/MV5814/ using Direct Image Src
Uploaded 1 image(s) for MV5814
Opening ticket MV5813...
Downloading images for MV5813...
Waiting for ticket detail for MV5813...
Found 1 ticket item card(s).
Uploaded MV5813_01_Sheet_Iron.jpg to train/Sheet_Iron/ and all_by_ticket/MV5813/ using Direct Image Src
Uploaded 1 image(s) for MV5813
Pagination before click: 121 - 130 of 287
Pagination after click: 131 - 140 of 287

Processing results page 14...
Scraping ticket numbers from current page...
Waiting for search results...
Skipping ticket MV5830 due to status: VOID
Skipping ticket MV5827 due to status: VOID
Skipping ticket MV5824 due to status: CANCEL
Found 7 ticket(s) on this page after status filtering: ['MV5832', 'MV5831', 'MV5829', 'MV5828', 'MV5826', 'MV5825', 'MV5823']
Opening ticket MV5832...
Downloading images for MV5832...
Waiting for ticket detail for MV5832...
Found 1 ticket item card(s).
No direct full-size image URL found for MV5832 item 1 (Test).
Skipping ticket MV5832: no usable image tasks found.
Uploaded 0 image(s) for MV5832
Opening ticket MV5831...
Downloading images for MV5831...
Waiting for ticket detail for MV5831...
Found 3 ticket item card(s).
Uploaded MV5831_03_Romex.jpg to train/Romex/ and all_by_ticket/MV5831/ using Direct Image Src
Uploaded MV5831_01_1_Copper.jpg to train/1_Copper/ and all_by_ticket/MV5831/ using Direct Image Src
Uploaded MV5831_02_2_Copper.jpg to train/2_Copper/ and all_by_ticket/MV5831/ using Direct Image Src
Uploaded 3 image(s) for MV5831
Opening ticket MV5829...
Downloading images for MV5829...
Waiting for ticket detail for MV5829...
Found 4 ticket item card(s).
Uploaded MV5829_03_2_Copper.jpg to train/2_Copper/ and all_by_ticket/MV5829/ using Direct Image Src
Uploaded MV5829_01_Sheet_Iron.jpg to train/Sheet_Iron/ and all_by_ticket/MV5829/ using Direct Image Src
Uploaded MV5829_02_Irony_ACR_Radiators.jpg to train/Irony_ACR_Radiators/ and all_by_ticket/MV5829/ using Direct Image Src
Uploaded MV5829_04_Gutters_Siding.jpg to train/Gutters_Siding/ and all_by_ticket/MV5829/ using Direct Image Src
Uploaded 4 image(s) for MV5829
Opening ticket MV5828...
Downloading images for MV5828...
Waiting for ticket detail for MV5828...
Found 5 ticket item card(s).
Uploaded MV5828_04_Irony_SS.jpg to val/Irony_SS/ and all_by_ticket/MV5828/ using Direct Image Src
Uploaded MV5828_02_Aluminum_Cans.jpg to train/Aluminum_Cans/ and all_by_ticket/MV5828/ using Direct Image Src
Uploaded MV5828_01_Sheet_Iron.jpg to train/Sheet_Iron/ and all_by_ticket/MV5828/ using Direct Image Src
Uploaded MV5828_03_Irony_Aluminum.jpg to val/Irony_Aluminum/ and all_by_ticket/MV5828/ using Direct Image Src
Uploaded MV5828_05_Cast_Aluminum.jpg to train/Cast_Aluminum/ and all_by_ticket/MV5828/ using Direct Image Src
Uploaded 5 image(s) for MV5828
Opening ticket MV5826...
Downloading images for MV5826...
Waiting for ticket detail for MV5826...
Found 1 ticket item card(s).
No direct full-size image URL found for MV5826 item 1 (Test).
Skipping ticket MV5826: no usable image tasks found.
Uploaded 0 image(s) for MV5826
Opening ticket MV5825...
Downloading images for MV5825...
Waiting for ticket detail for MV5825...
Found 7 ticket item card(s).
Uploaded MV5825_03_AluminumCopper_Radiator.jpg to train/AluminumCopper_Radiator/ and all_by_ticket/MV5825/ using Direct Image Src
Uploaded MV5825_05_Sealed_Units.jpg to val/Sealed_Units/ and all_by_ticket/MV5825/ using Direct Image Src
Uploaded MV5825_02_Sheet_Aluminum.jpg to train/Sheet_Aluminum/ and all_by_ticket/MV5825/ using Direct Image Src
Uploaded MV5825_01_2_Copper.jpg to train/2_Copper/ and all_by_ticket/MV5825/ using Direct Image Src
Uploaded MV5825_04_Sheet_Iron.jpg to train/Sheet_Iron/ and all_by_ticket/MV5825/ using Direct Image Src
Uploaded MV5825_06_Electric_Motor.jpg to val/Electric_Motor/ and all_by_ticket/MV5825/ using Direct Image Src
Uploaded MV5825_07_Sheet_Iron.jpg to train/Sheet_Iron/ and all_by_ticket/MV5825/ using Direct Image Src
Uploaded 7 image(s) for MV5825
Opening ticket MV5823...
Downloading images for MV5823...
Waiting for ticket detail for MV5823...
Found 3 ticket item card(s).
Uploaded MV5823_01_2_Copper.jpg to train/2_Copper/ and all_by_ticket/MV5823/ using Direct Image Src
Uploaded MV5823_02_Yellow_Brass_Clean.jpg to val/Yellow_Brass_Clean/ and all_by_ticket/MV5823/ using Direct Image Src
Uploaded MV5823_03_Dirty_Brass.jpg to train/Dirty_Brass/ and all_by_ticket/MV5823/ using Direct Image Src
Uploaded 3 image(s) for MV5823
Pagination before click: 131 - 140 of 287
Pagination after click: 141 - 150 of 287

Processing results page 15...
Scraping ticket numbers from current page...
Waiting for search results...
Skipping ticket MV5840 due to status: VOID
Skipping ticket MV5836 due to status: VOID
Found 8 ticket(s) on this page after status filtering: ['MV5842', 'MV5841', 'MV5839', 'MV5838', 'MV5837', 'MV5835', 'MV5834', 'MV5833']
Opening ticket MV5842...
Downloading images for MV5842...
Waiting for ticket detail for MV5842...
Found 6 ticket item card(s).
Uploaded MV5842_02_2_Insulated_Wire.jpg to train/2_Insulated_Wire/ and all_by_ticket/MV5842/ using Direct Image Src
Uploaded MV5842_06_Sheet_Iron.jpg to train/Sheet_Iron/ and all_by_ticket/MV5842/ using Direct Image Src
Uploaded MV5842_01_Sheet_Iron.jpg to train/Sheet_Iron/ and all_by_ticket/MV5842/ using Direct Image Src
Uploaded MV5842_04_Circuit_Board_Low_Grade.jpg to train/Circuit_Board_Low_Grade/ and all_by_ticket/MV5842/ using Direct Image Src
Uploaded MV5842_03_Cast_Aluminum.jpg to train/Cast_Aluminum/ and all_by_ticket/MV5842/ using Direct Image Src
Uploaded MV5842_05_Circuit_Board_Low_Grade.jpg to train/Circuit_Board_Low_Grade/ and all_by_ticket/MV5842/ using Direct Image Src
Uploaded 6 image(s) for MV5842
Opening ticket MV5841...
Downloading images for MV5841...
Waiting for ticket detail for MV5841...
Found 1 ticket item card(s).
Uploaded MV5841_01_Sheet_Iron.jpg to train/Sheet_Iron/ and all_by_ticket/MV5841/ using Direct Image Src
Uploaded 1 image(s) for MV5841
Opening ticket MV5839...
Downloading images for MV5839...
Waiting for ticket detail for MV5839...
Found 1 ticket item card(s).
No direct full-size image URL found for MV5839 item 1 (Test).
Skipping ticket MV5839: no usable image tasks found.
Uploaded 0 image(s) for MV5839
Opening ticket MV5838...
Downloading images for MV5838...
Waiting for ticket detail for MV5838...
Found 3 ticket item card(s).
Uploaded MV5838_02_Irony_SS.jpg to train/Irony_SS/ and all_by_ticket/MV5838/ using Direct Image Src
Uploaded MV5838_03_Aluminum_Radiator.jpg to train/Aluminum_Radiator/ and all_by_ticket/MV5838/ using Direct Image Src
Uploaded MV5838_01_Aluminum_Cans.jpg to train/Aluminum_Cans/ and all_by_ticket/MV5838/ using Direct Image Src
Uploaded 3 image(s) for MV5838
Opening ticket MV5837...
Downloading images for MV5837...
Waiting for ticket detail for MV5837...
Found 2 ticket item card(s).
Uploaded MV5837_01_Sheet_Iron.jpg to train/Sheet_Iron/ and all_by_ticket/MV5837/ using Direct Image Src
Uploaded MV5837_02_2_Insulated_Wire.jpg to train/2_Insulated_Wire/ and all_by_ticket/MV5837/ using Direct Image Src
Uploaded 2 image(s) for MV5837
Opening ticket MV5835...
Downloading images for MV5835...
Waiting for ticket detail for MV5835...
Found 1 ticket item card(s).
Uploaded MV5835_01_Aluminum_Cans.jpg to train/Aluminum_Cans/ and all_by_ticket/MV5835/ using Direct Image Src
Uploaded 1 image(s) for MV5835
Opening ticket MV5834...
Downloading images for MV5834...
Waiting for ticket detail for MV5834...
Found 7 ticket item card(s).
Uploaded MV5834_01_Sheet_Iron.jpg to train/Sheet_Iron/ and all_by_ticket/MV5834/ using Direct Image Src
Uploaded MV5834_05_Aluminum_Cans.jpg to train/Aluminum_Cans/ and all_by_ticket/MV5834/ using Direct Image Src
Uploaded MV5834_06_Irony_Aluminum.jpg to train/Irony_Aluminum/ and all_by_ticket/MV5834/ using Direct Image Src
Uploaded MV5834_02_Extrusion.jpg to train/Extrusion/ and all_by_ticket/MV5834/ using Direct Image Src
Uploaded MV5834_03_Sheet_Aluminum.jpg to train/Sheet_Aluminum/ and all_by_ticket/MV5834/ using Direct Image Src
Uploaded MV5834_04_Extrusion.jpg to train/Extrusion/ and all_by_ticket/MV5834/ using Direct Image Src
Uploaded MV5834_07_Aluminum_Rim_Clean.jpg to train/Aluminum_Rim_Clean/ and all_by_ticket/MV5834/ using Direct Image Src
Uploaded 7 image(s) for MV5834
Opening ticket MV5833...
Downloading images for MV5833...
Waiting for ticket detail for MV5833...
Found 3 ticket item card(s).
Uploaded MV5833_01_Gutters_Siding.jpg to train/Gutters_Siding/ and all_by_ticket/MV5833/ using Direct Image Src
Uploaded MV5833_02_Irony_Aluminum.jpg to train/Irony_Aluminum/ and all_by_ticket/MV5833/ using Direct Image Src
Uploaded MV5833_03_Sheet_Iron.jpg to val/Sheet_Iron/ and all_by_ticket/MV5833/ using Direct Image Src
Uploaded 3 image(s) for MV5833
Pagination before click: 141 - 150 of 287
Pagination after click: 151 - 160 of 287

Processing results page 16...
Scraping ticket numbers from current page...
Waiting for search results...
Skipping ticket MV5851 due to status: CANCEL
Found 9 ticket(s) on this page after status filtering: ['MV5852', 'MV5850', 'MV5849', 'MV5848', 'MV5847', 'MV5846', 'MV5845', 'MV5844', 'MV5843']
Opening ticket MV5852...
Downloading images for MV5852...
Waiting for ticket detail for MV5852...
Found 1 ticket item card(s).
Uploaded MV5852_01_BareBright.jpg to train/BareBright/ and all_by_ticket/MV5852/ using Direct Image Src
Uploaded 1 image(s) for MV5852
Opening ticket MV5850...
Downloading images for MV5850...
Waiting for ticket detail for MV5850...
Found 14 ticket item card(s).
Uploaded MV5850_06_Irony_Aluminum.jpg to train/Irony_Aluminum/ and all_by_ticket/MV5850/ using Direct Image Src
Uploaded MV5850_04_Unclean_Extrusion.jpg to train/Unclean_Extrusion/ and all_by_ticket/MV5850/ using Direct Image Src
Uploaded MV5850_01_Sheet_Iron.jpg to train/Sheet_Iron/ and all_by_ticket/MV5850/ using Direct Image Src
Uploaded MV5850_02_Unclean_Extrusion.jpg to train/Unclean_Extrusion/ and all_by_ticket/MV5850/ using Direct Image Src
Uploaded MV5850_07_2_Insulated_Wire.jpg to train/2_Insulated_Wire/ and all_by_ticket/MV5850/ using Direct Image Src
Uploaded MV5850_05_Unclean_Extrusion.jpg to train/Unclean_Extrusion/ and all_by_ticket/MV5850/ using Direct Image Src
Uploaded MV5850_03_Extrusion.jpg to test/Extrusion/ and all_by_ticket/MV5850/ using Direct Image Src
Uploaded MV5850_08_BareBright.jpg to train/BareBright/ and all_by_ticket/MV5850/ using Direct Image Src
Uploaded MV5850_11_2_Copper.jpg to val/2_Copper/ and all_by_ticket/MV5850/ using Direct Image Src
Uploaded MV5850_09_Cast_Aluminum.jpg to train/Cast_Aluminum/ and all_by_ticket/MV5850/ using Direct Image Src
Uploaded MV5850_10_Sheet_Iron.jpg to train/Sheet_Iron/ and all_by_ticket/MV5850/ using Direct Image Src
Uploaded MV5850_12_Lead.jpg to train/Lead/ and all_by_ticket/MV5850/ using Direct Image Src
Uploaded MV5850_13_Yellow_Brass_Clean.jpg to train/Yellow_Brass_Clean/ and all_by_ticket/MV5850/ using Direct Image Src
Uploaded MV5850_14_Christmas_Lights.jpg to train/Christmas_Lights/ and all_by_ticket/MV5850/ using Direct Image Src
Uploaded 14 image(s) for MV5850
Opening ticket MV5849...
Downloading images for MV5849...
Waiting for ticket detail for MV5849...
Found 1 ticket item card(s).
Uploaded MV5849_01_Sheet_Iron.jpg to train/Sheet_Iron/ and all_by_ticket/MV5849/ using Direct Image Src
Uploaded 1 image(s) for MV5849
Opening ticket MV5848...
Downloading images for MV5848...
Waiting for ticket detail for MV5848...
Found 3 ticket item card(s).
Uploaded MV5848_02_Extrusion.jpg to train/Extrusion/ and all_by_ticket/MV5848/ using Direct Image Src
Uploaded MV5848_01_304.jpg to train/304/ and all_by_ticket/MV5848/ using Direct Image Src
Uploaded MV5848_03_Sheet_Aluminum.jpg to test/Sheet_Aluminum/ and all_by_ticket/MV5848/ using Direct Image Src
Uploaded 3 image(s) for MV5848
Opening ticket MV5847...
Downloading images for MV5847...
Waiting for ticket detail for MV5847...
Found 1 ticket item card(s).
Uploaded MV5847_01_2_Insulated_Wire.jpg to val/2_Insulated_Wire/ and all_by_ticket/MV5847/ using Direct Image Src
Uploaded 1 image(s) for MV5847
Opening ticket MV5846...
Downloading images for MV5846...
Waiting for ticket detail for MV5846...
Found 3 ticket item card(s).
Uploaded MV5846_01_Sheet_Iron.jpg to train/Sheet_Iron/ and all_by_ticket/MV5846/ using Direct Image Src
Uploaded MV5846_02_Aluminum_Cans.jpg to test/Aluminum_Cans/ and all_by_ticket/MV5846/ using Direct Image Src
Uploaded MV5846_03_2_Copper.jpg to train/2_Copper/ and all_by_ticket/MV5846/ using Direct Image Src
Uploaded 3 image(s) for MV5846
Opening ticket MV5845...
Downloading images for MV5845...
Waiting for ticket detail for MV5845...
Found 1 ticket item card(s).
No direct full-size image URL found for MV5845 item 1 (Test).
Skipping ticket MV5845: no usable image tasks found.
Uploaded 0 image(s) for MV5845
Opening ticket MV5844...
Downloading images for MV5844...
Waiting for ticket detail for MV5844...
Found 10 ticket item card(s).
Uploaded MV5844_01_AluminumCopper_Radiator.jpg to train/AluminumCopper_Radiator/ and all_by_ticket/MV5844/ using Direct Image Src
Uploaded MV5844_03_Extrusion.jpg to train/Extrusion/ and all_by_ticket/MV5844/ using Direct Image Src
Uploaded MV5844_02_Extrusion.jpg to test/Extrusion/ and all_by_ticket/MV5844/ using Direct Image Src
Uploaded MV5844_10_2_Insulated_Wire.jpg to val/2_Insulated_Wire/ and all_by_ticket/MV5844/ using Direct Image Src
Uploaded MV5844_09_AluminumCopper_Radiator.jpg to train/AluminumCopper_Radiator/ and all_by_ticket/MV5844/ using Direct Image Src
Uploaded MV5844_07_AluminumCopper_Radiator.jpg to test/AluminumCopper_Radiator/ and all_by_ticket/MV5844/ using Direct Image Src
Uploaded MV5844_08_2_Copper.jpg to val/2_Copper/ and all_by_ticket/MV5844/ using Direct Image Src
Uploaded MV5844_06_2_Copper.jpg to train/2_Copper/ and all_by_ticket/MV5844/ using Direct Image Src
Uploaded MV5844_05_Aluminum_Radiator.jpg to train/Aluminum_Radiator/ and all_by_ticket/MV5844/ using Direct Image Src
Uploaded MV5844_04_Extrusion.jpg to train/Extrusion/ and all_by_ticket/MV5844/ using Direct Image Src
Uploaded 10 image(s) for MV5844
Opening ticket MV5843...
Downloading images for MV5843...
Waiting for ticket detail for MV5843...
Found 6 ticket item card(s).
Uploaded MV5843_05_2_Copper.jpg to train/2_Copper/ and all_by_ticket/MV5843/ using Direct Image Src
Uploaded MV5843_02_Irony_ACR_Radiators.jpg to train/Irony_ACR_Radiators/ and all_by_ticket/MV5843/ using Direct Image Src
Uploaded MV5843_04_Sheet_Aluminum.jpg to train/Sheet_Aluminum/ and all_by_ticket/MV5843/ using Direct Image Src
Uploaded MV5843_01_Sheet_Iron.jpg to train/Sheet_Iron/ and all_by_ticket/MV5843/ using Direct Image Src
Uploaded MV5843_03_Aluminum_Radiator.jpg to train/Aluminum_Radiator/ and all_by_ticket/MV5843/ using Direct Image Src
Uploaded MV5843_06_Sealed_Units.jpg to train/Sealed_Units/ and all_by_ticket/MV5843/ using Direct Image Src
Uploaded 6 image(s) for MV5843
Pagination before click: 151 - 160 of 287
Pagination after click: 161 - 170 of 287

Processing results page 17...
Scraping ticket numbers from current page...
Waiting for search results...
Found 10 ticket(s) on this page after status filtering: ['MV5862', 'MV5861', 'MV5860', 'MV5859', 'MV5858', 'MV5857', 'MV5856', 'MV5855', 'MV5854', 'MV5853']
Opening ticket MV5862...
Downloading images for MV5862...
Waiting for ticket detail for MV5862...
Found 12 ticket item card(s).
Uploaded MV5862_02_2_Copper.jpg to train/2_Copper/ and all_by_ticket/MV5862/ using Direct Image Src
Uploaded MV5862_01_AluminumCopper_Radiator.jpg to test/AluminumCopper_Radiator/ and all_by_ticket/MV5862/ using Direct Image Src
Uploaded MV5862_04_Sheet_Iron.jpg to val/Sheet_Iron/ and all_by_ticket/MV5862/ using Direct Image Src
Uploaded MV5862_06_Aluminum_Wire_Clean_No_Insulation.jpg to train/Aluminum_Wire_Clean_No_Insulation/ and all_by_ticket/MV5862/ using Direct Image Src
Uploaded MV5862_05_Aluminum_Wire_Insulated.jpg to train/Aluminum_Wire_Insulated/ and all_by_ticket/MV5862/ using Direct Image Src
Uploaded MV5862_03_Yellow_Brass_Clean.jpg to test/Yellow_Brass_Clean/ and all_by_ticket/MV5862/ using Direct Image Src
Uploaded MV5862_08_Irony_Aluminum.jpg to train/Irony_Aluminum/ and all_by_ticket/MV5862/ using Direct Image Src
Uploaded MV5862_07_Unclean_Extrusion.jpg to train/Unclean_Extrusion/ and all_by_ticket/MV5862/ using Direct Image Src
Uploaded MV5862_09_Dirty_Brass.jpg to train/Dirty_Brass/ and all_by_ticket/MV5862/ using Direct Image Src
Uploaded MV5862_10_Acr_Radiator_Ends.jpg to test/Acr_Radiator_Ends/ and all_by_ticket/MV5862/ using Direct Image Src
Uploaded MV5862_11_2_Insulated_Wire.jpg to train/2_Insulated_Wire/ and all_by_ticket/MV5862/ using Direct Image Src
Uploaded MV5862_12_Cat_56.jpg to train/Cat_56/ and all_by_ticket/MV5862/ using Direct Image Src
Uploaded 12 image(s) for MV5862
Opening ticket MV5861...
Downloading images for MV5861...
Waiting for ticket detail for MV5861...
Found 1 ticket item card(s).
Uploaded MV5861_01_1_Copper.jpg to test/1_Copper/ and all_by_ticket/MV5861/ using Direct Image Src
Uploaded 1 image(s) for MV5861
Opening ticket MV5860...
Downloading images for MV5860...
Waiting for ticket detail for MV5860...
Found 4 ticket item card(s).
Uploaded MV5860_02_BareBright.jpg to test/BareBright/ and all_by_ticket/MV5860/ using Direct Image Src
Uploaded MV5860_01_Unclean_Extrusion.jpg to train/Unclean_Extrusion/ and all_by_ticket/MV5860/ using Direct Image Src
Uploaded MV5860_04_Yellow_Brass_Clean.jpg to train/Yellow_Brass_Clean/ and all_by_ticket/MV5860/ using Direct Image Src
Uploaded MV5860_03_2_Copper.jpg to train/2_Copper/ and all_by_ticket/MV5860/ using Direct Image Src
Uploaded 4 image(s) for MV5860
Opening ticket MV5859...
Downloading images for MV5859...
Waiting for ticket detail for MV5859...
Found 3 ticket item card(s).
Uploaded MV5859_01_Sheet_Iron.jpg to train/Sheet_Iron/ and all_by_ticket/MV5859/ using Direct Image Src
Uploaded MV5859_02_Sheet_Iron.jpg to val/Sheet_Iron/ and all_by_ticket/MV5859/ using Direct Image Src
Uploaded MV5859_03_Irony_Aluminum.jpg to train/Irony_Aluminum/ and all_by_ticket/MV5859/ using Direct Image Src
Uploaded 3 image(s) for MV5859
Opening ticket MV5858...
Downloading images for MV5858...
Waiting for ticket detail for MV5858...
Found 4 ticket item card(s).
Uploaded MV5858_02_Unclean_Extrusion.jpg to train/Unclean_Extrusion/ and all_by_ticket/MV5858/ using Direct Image Src
Uploaded MV5858_01_Extrusion.jpg to train/Extrusion/ and all_by_ticket/MV5858/ using Direct Image Src
Uploaded MV5858_04_Sheet_Aluminum.jpg to train/Sheet_Aluminum/ and all_by_ticket/MV5858/ using Direct Image Src
Uploaded MV5858_03_Irony_Aluminum.jpg to train/Irony_Aluminum/ and all_by_ticket/MV5858/ using Direct Image Src
Uploaded 4 image(s) for MV5858
Opening ticket MV5857...
Downloading images for MV5857...
Waiting for ticket detail for MV5857...
Found 2 ticket item card(s).
Uploaded MV5857_01_Sheet_Iron.jpg to test/Sheet_Iron/ and all_by_ticket/MV5857/ using Direct Image Src
Uploaded MV5857_02_Complete_PC.jpg to train/Complete_PC/ and all_by_ticket/MV5857/ using Direct Image Src
Uploaded 2 image(s) for MV5857
Opening ticket MV5856...
Downloading images for MV5856...
Waiting for ticket detail for MV5856...
Found 2 ticket item card(s).
Uploaded MV5856_01_Sheet_Iron.jpg to train/Sheet_Iron/ and all_by_ticket/MV5856/ using Direct Image Src
Uploaded MV5856_02_Sheet_Iron.jpg to train/Sheet_Iron/ and all_by_ticket/MV5856/ using Direct Image Src
Uploaded 2 image(s) for MV5856
Opening ticket MV5855...
Downloading images for MV5855...
Waiting for ticket detail for MV5855...
Found 1 ticket item card(s).
Uploaded MV5855_01_Aluminum_Cans.jpg to train/Aluminum_Cans/ and all_by_ticket/MV5855/ using Direct Image Src
Uploaded 1 image(s) for MV5855
Opening ticket MV5854...
Downloading images for MV5854...
Waiting for ticket detail for MV5854...
Found 1 ticket item card(s).
Uploaded MV5854_01_Aluminum_Cans.jpg to val/Aluminum_Cans/ and all_by_ticket/MV5854/ using Direct Image Src
Uploaded 1 image(s) for MV5854
Opening ticket MV5853...
Downloading images for MV5853...
Waiting for ticket detail for MV5853...
Found 2 ticket item card(s).
Uploaded MV5853_01_Sheet_Iron.jpg to train/Sheet_Iron/ and all_by_ticket/MV5853/ using Direct Image Src
Uploaded MV5853_02_Freight_Charge.jpg to train/Freight_Charge/ and all_by_ticket/MV5853/ using Direct Image Src
Uploaded 2 image(s) for MV5853
Pagination before click: 161 - 170 of 287
Pagination after click: 171 - 180 of 287

Processing results page 18...
Scraping ticket numbers from current page...
Waiting for search results...
Found 10 ticket(s) on this page after status filtering: ['MV5872', 'MV5871', 'MV5870', 'MV5869', 'MV5868', 'MV5867', 'MV5866', 'MV5865', 'MV5864', 'MV5863']
Opening ticket MV5872...
Downloading images for MV5872...
Waiting for ticket detail for MV5872...
Found 1 ticket item card(s).
Uploaded MV5872_01_Harness_Wire.jpg to train/Harness_Wire/ and all_by_ticket/MV5872/ using Direct Image Src
Uploaded 1 image(s) for MV5872
Opening ticket MV5871...
Downloading images for MV5871...
Waiting for ticket detail for MV5871...
Found 1 ticket item card(s).
Uploaded MV5871_01_Sheet_Iron.jpg to train/Sheet_Iron/ and all_by_ticket/MV5871/ using Direct Image Src
Uploaded 1 image(s) for MV5871
Opening ticket MV5870...
Downloading images for MV5870...
Waiting for ticket detail for MV5870...
Found 1 ticket item card(s).
Uploaded MV5870_01_Sheet_Iron.jpg to val/Sheet_Iron/ and all_by_ticket/MV5870/ using Direct Image Src
Uploaded 1 image(s) for MV5870
Opening ticket MV5869...
Downloading images for MV5869...
Waiting for ticket detail for MV5869...
Found 4 ticket item card(s).
Uploaded MV5869_01_Sheet_Iron.jpg to train/Sheet_Iron/ and all_by_ticket/MV5869/ using Direct Image Src
Uploaded MV5869_02_Sheet_Iron.jpg to train/Sheet_Iron/ and all_by_ticket/MV5869/ using Direct Image Src
Uploaded MV5869_03_Irony_Aluminum.jpg to train/Irony_Aluminum/ and all_by_ticket/MV5869/ using Direct Image Src
Uploaded MV5869_04_Sheet_Aluminum.jpg to train/Sheet_Aluminum/ and all_by_ticket/MV5869/ using Direct Image Src
Uploaded 4 image(s) for MV5869
Opening ticket MV5868...
Downloading images for MV5868...
Waiting for ticket detail for MV5868...
Found 9 ticket item card(s).
Uploaded MV5868_01_Sheet_Iron.jpg to train/Sheet_Iron/ and all_by_ticket/MV5868/ using Direct Image Src
Uploaded MV5868_04_Electric_Motor.jpg to train/Electric_Motor/ and all_by_ticket/MV5868/ using Direct Image Src
Uploaded MV5868_02_Sealed_Units.jpg to train/Sealed_Units/ and all_by_ticket/MV5868/ using Direct Image Src
Uploaded MV5868_03_Sealed_Units.jpg to train/Sealed_Units/ and all_by_ticket/MV5868/ using Direct Image Src
Uploaded MV5868_09_Dirty_Brass.jpg to train/Dirty_Brass/ and all_by_ticket/MV5868/ using Direct Image Src
Uploaded MV5868_08_AluminumCopper_Radiator.jpg to train/AluminumCopper_Radiator/ and all_by_ticket/MV5868/ using Direct Image Src
Uploaded MV5868_07_Acr_Radiator_Ends.jpg to val/Acr_Radiator_Ends/ and all_by_ticket/MV5868/ using Direct Image Src
Uploaded MV5868_06_2_Copper.jpg to train/2_Copper/ and all_by_ticket/MV5868/ using Direct Image Src
Uploaded MV5868_05_1_Copper.jpg to train/1_Copper/ and all_by_ticket/MV5868/ using Direct Image Src
Uploaded 9 image(s) for MV5868
Opening ticket MV5867...
Downloading images for MV5867...
Waiting for ticket detail for MV5867...
Found 2 ticket item card(s).
Uploaded MV5867_01_Sheet_Iron.jpg to train/Sheet_Iron/ and all_by_ticket/MV5867/ using Direct Image Src
Uploaded MV5867_02_2_Copper.jpg to train/2_Copper/ and all_by_ticket/MV5867/ using Direct Image Src
Uploaded 2 image(s) for MV5867
Opening ticket MV5866...
Downloading images for MV5866...
Waiting for ticket detail for MV5866...
Found 2 ticket item card(s).
Uploaded MV5866_01_Sheet_Iron.jpg to train/Sheet_Iron/ and all_by_ticket/MV5866/ using Direct Image Src
Uploaded MV5866_02_2_Insulated_Wire.jpg to train/2_Insulated_Wire/ and all_by_ticket/MV5866/ using Direct Image Src
Uploaded 2 image(s) for MV5866
Opening ticket MV5865...
Downloading images for MV5865...
Waiting for ticket detail for MV5865...
Found 2 ticket item card(s).
Uploaded MV5865_02_2_Insulated_Wire.jpg to train/2_Insulated_Wire/ and all_by_ticket/MV5865/ using Direct Image Src
Uploaded MV5865_01_Sheet_Iron.jpg to test/Sheet_Iron/ and all_by_ticket/MV5865/ using Direct Image Src
Uploaded 2 image(s) for MV5865
Opening ticket MV5864...
Downloading images for MV5864...
Waiting for ticket detail for MV5864...
Found 1 ticket item card(s).
Uploaded MV5864_01_2_Copper.jpg to train/2_Copper/ and all_by_ticket/MV5864/ using Direct Image Src
Uploaded 1 image(s) for MV5864
Opening ticket MV5863...
Downloading images for MV5863...
Waiting for ticket detail for MV5863...
Found 1 ticket item card(s).
Uploaded MV5863_01_Sheet_Iron.jpg to train/Sheet_Iron/ and all_by_ticket/MV5863/ using Direct Image Src
Uploaded 1 image(s) for MV5863
Pagination before click: 171 - 180 of 287
Pagination after click: 181 - 190 of 287

Processing results page 19...
Scraping ticket numbers from current page...
Waiting for search results...
Found 10 ticket(s) on this page after status filtering: ['MV5882', 'MV5881', 'MV5880', 'MV5879', 'MV5878', 'MV5877', 'MV5876', 'MV5875', 'MV5874', 'MV5873']
Opening ticket MV5882...
Downloading images for MV5882...
Waiting for ticket detail for MV5882...
Found 4 ticket item card(s).
Uploaded MV5882_02_Sheet_Iron.jpg to train/Sheet_Iron/ and all_by_ticket/MV5882/ using Direct Image Src
Uploaded MV5882_01_2_Insulated_Wire.jpg to train/2_Insulated_Wire/ and all_by_ticket/MV5882/ using Direct Image Src
Uploaded MV5882_04_Electric_Motor.jpg to train/Electric_Motor/ and all_by_ticket/MV5882/ using Direct Image Src
Uploaded MV5882_03_2_Copper.jpg to train/2_Copper/ and all_by_ticket/MV5882/ using Direct Image Src
Uploaded 4 image(s) for MV5882
Opening ticket MV5881...
Downloading images for MV5881...
Waiting for ticket detail for MV5881...
Found 1 ticket item card(s).
Uploaded MV5881_01_Aluminum_Cans.jpg to train/Aluminum_Cans/ and all_by_ticket/MV5881/ using Direct Image Src
Uploaded 1 image(s) for MV5881
Opening ticket MV5880...
Downloading images for MV5880...
Waiting for ticket detail for MV5880...
Found 5 ticket item card(s).
Uploaded MV5880_02_AluminumCopper_Radiator.jpg to train/AluminumCopper_Radiator/ and all_by_ticket/MV5880/ using Direct Image Src
Uploaded MV5880_01_Sheet_Iron.jpg to test/Sheet_Iron/ and all_by_ticket/MV5880/ using Direct Image Src
Uploaded MV5880_04_Sheet_Iron.jpg to train/Sheet_Iron/ and all_by_ticket/MV5880/ using Direct Image Src
Uploaded MV5880_03_Acr_Radiator_Ends.jpg to train/Acr_Radiator_Ends/ and all_by_ticket/MV5880/ using Direct Image Src
Uploaded MV5880_05_2_Copper.jpg to train/2_Copper/ and all_by_ticket/MV5880/ using Direct Image Src
Uploaded 5 image(s) for MV5880
Opening ticket MV5879...
Downloading images for MV5879...
Waiting for ticket detail for MV5879...
Found 12 ticket item card(s).
Uploaded MV5879_01_Dirty_Brass.jpg to train/Dirty_Brass/ and all_by_ticket/MV5879/ using Direct Image Src
Uploaded MV5879_04_Circuit_Board_High_Grade.jpg to train/Circuit_Board_High_Grade/ and all_by_ticket/MV5879/ using Direct Image Src
Uploaded MV5879_02_Cat_56.jpg to train/Cat_56/ and all_by_ticket/MV5879/ using Direct Image Src
Uploaded MV5879_03_Compressors.jpg to train/Compressors/ and all_by_ticket/MV5879/ using Direct Image Src
Uploaded MV5879_05_Sheet_Aluminum.jpg to train/Sheet_Aluminum/ and all_by_ticket/MV5879/ using Direct Image Src
Uploaded MV5879_09_Unclean_Extrusion.jpg to val/Unclean_Extrusion/ and all_by_ticket/MV5879/ using Direct Image Src
Uploaded MV5879_10_Misc_Electronic_Scrap.jpg to train/Misc_Electronic_Scrap/ and all_by_ticket/MV5879/ using Direct Image Src
Uploaded MV5879_11_Misc_Electronic_Scrap.jpg to train/Misc_Electronic_Scrap/ and all_by_ticket/MV5879/ using Direct Image Src
Uploaded MV5879_12_Sheet_Iron.jpg to test/Sheet_Iron/ and all_by_ticket/MV5879/ using Direct Image Src
Uploaded MV5879_07_2_Copper.jpg to train/2_Copper/ and all_by_ticket/MV5879/ using Direct Image Src
Uploaded MV5879_06_Laptops_Complete.jpg to train/Laptops_Complete/ and all_by_ticket/MV5879/ using Direct Image Src
Uploaded MV5879_08_Sheet_Iron.jpg to train/Sheet_Iron/ and all_by_ticket/MV5879/ using Direct Image Src
Uploaded 12 image(s) for MV5879
Opening ticket MV5878...
Downloading images for MV5878...
Waiting for ticket detail for MV5878...
Found 1 ticket item card(s).
Uploaded MV5878_01_BareBright.jpg to train/BareBright/ and all_by_ticket/MV5878/ using Direct Image Src
Uploaded 1 image(s) for MV5878
Opening ticket MV5877...
Downloading images for MV5877...
Waiting for ticket detail for MV5877...
Found 4 ticket item card(s).
Uploaded MV5877_02_2_Copper.jpg to test/2_Copper/ and all_by_ticket/MV5877/ using Direct Image Src
Uploaded MV5877_04_BareBright.jpg to train/BareBright/ and all_by_ticket/MV5877/ using Direct Image Src
Uploaded MV5877_01_2_Insulated_Wire.jpg to train/2_Insulated_Wire/ and all_by_ticket/MV5877/ using Direct Image Src
Uploaded MV5877_03_Yellow_Brass_Clean.jpg to test/Yellow_Brass_Clean/ and all_by_ticket/MV5877/ using Direct Image Src
Uploaded 4 image(s) for MV5877
Opening ticket MV5876...
Downloading images for MV5876...
Waiting for ticket detail for MV5876...
Found 5 ticket item card(s).
Uploaded MV5876_01_Sheet_Iron.jpg to val/Sheet_Iron/ and all_by_ticket/MV5876/ using Direct Image Src
Uploaded MV5876_03_Sheet_Iron.jpg to train/Sheet_Iron/ and all_by_ticket/MV5876/ using Direct Image Src
Uploaded MV5876_04_Low_Grade_Insulated_Wire.jpg to train/Low_Grade_Insulated_Wire/ and all_by_ticket/MV5876/ using Direct Image Src
Uploaded MV5876_05_Yellow_Brass_Clean.jpg to train/Yellow_Brass_Clean/ and all_by_ticket/MV5876/ using Direct Image Src
Uploaded MV5876_02_Irony_SS.jpg to train/Irony_SS/ and all_by_ticket/MV5876/ using Direct Image Src
Uploaded 5 image(s) for MV5876
Opening ticket MV5875...
Downloading images for MV5875...
Waiting for ticket detail for MV5875...
Found 1 ticket item card(s).
Uploaded MV5875_01_Unclean_Extrusion.jpg to train/Unclean_Extrusion/ and all_by_ticket/MV5875/ using Direct Image Src
Uploaded 1 image(s) for MV5875
Opening ticket MV5874...
Downloading images for MV5874...
Waiting for ticket detail for MV5874...
Found 4 ticket item card(s).
Uploaded MV5874_02_Cat_56.jpg to train/Cat_56/ and all_by_ticket/MV5874/ using Direct Image Src
Uploaded MV5874_04_2_Insulated_Wire.jpg to test/2_Insulated_Wire/ and all_by_ticket/MV5874/ using Direct Image Src
Uploaded MV5874_03_1_Insulated_Wire.jpg to test/1_Insulated_Wire/ and all_by_ticket/MV5874/ using Direct Image Src
Uploaded MV5874_01_Sheet_Iron.jpg to test/Sheet_Iron/ and all_by_ticket/MV5874/ using Direct Image Src
Uploaded 4 image(s) for MV5874
Opening ticket MV5873...
Downloading images for MV5873...
Waiting for ticket detail for MV5873...
Found 4 ticket item card(s).
Uploaded MV5873_03_Extrusion.jpg to train/Extrusion/ and all_by_ticket/MV5873/ using Direct Image Src
Uploaded MV5873_01_Sheet_Iron.jpg to train/Sheet_Iron/ and all_by_ticket/MV5873/ using Direct Image Src
Uploaded MV5873_02_Sealed_Units.jpg to train/Sealed_Units/ and all_by_ticket/MV5873/ using Direct Image Src
Uploaded MV5873_04_2_Copper.jpg to train/2_Copper/ and all_by_ticket/MV5873/ using Direct Image Src
Uploaded 4 image(s) for MV5873
Pagination before click: 181 - 190 of 287
Pagination after click: 191 - 200 of 287

Processing results page 20...
Scraping ticket numbers from current page...
Waiting for search results...
Found 10 ticket(s) on this page after status filtering: ['MV5892', 'MV5891', 'MV5890', 'MV5889', 'MV5888', 'MV5887', 'MV5886', 'MV5885', 'MV5884', 'MV5883']
Opening ticket MV5892...
Downloading images for MV5892...
Waiting for ticket detail for MV5892...
Found 1 ticket item card(s).
Uploaded MV5892_01_Sheet_Iron.jpg to val/Sheet_Iron/ and all_by_ticket/MV5892/ using Direct Image Src
Uploaded 1 image(s) for MV5892
Opening ticket MV5891...
Downloading images for MV5891...
Waiting for ticket detail for MV5891...
Found 2 ticket item card(s).
Uploaded MV5891_02_2_Insulated_Wire.jpg to train/2_Insulated_Wire/ and all_by_ticket/MV5891/ using Direct Image Src
Uploaded MV5891_01_Sheet_Iron.jpg to test/Sheet_Iron/ and all_by_ticket/MV5891/ using Direct Image Src
Uploaded 2 image(s) for MV5891
Opening ticket MV5890...
Downloading images for MV5890...
Waiting for ticket detail for MV5890...
Found 1 ticket item card(s).
Uploaded MV5890_01_Aluminum_Cans.jpg to train/Aluminum_Cans/ and all_by_ticket/MV5890/ using Direct Image Src
Uploaded 1 image(s) for MV5890
Opening ticket MV5889...
Downloading images for MV5889...
Waiting for ticket detail for MV5889...
Found 6 ticket item card(s).
Uploaded MV5889_01_Sheet_Iron.jpg to val/Sheet_Iron/ and all_by_ticket/MV5889/ using Direct Image Src
Uploaded MV5889_05_Dirty_Brass.jpg to train/Dirty_Brass/ and all_by_ticket/MV5889/ using Direct Image Src
Uploaded MV5889_02_1_Insulated_Wire.jpg to train/1_Insulated_Wire/ and all_by_ticket/MV5889/ using Direct Image Src
Uploaded MV5889_04_2_Copper.jpg to train/2_Copper/ and all_by_ticket/MV5889/ using Direct Image Src
Uploaded MV5889_03_1_Copper.jpg to train/1_Copper/ and all_by_ticket/MV5889/ using Direct Image Src
Uploaded MV5889_06_Sheet_Aluminum.jpg to train/Sheet_Aluminum/ and all_by_ticket/MV5889/ using Direct Image Src
Uploaded 6 image(s) for MV5889
Opening ticket MV5888...
Downloading images for MV5888...
Waiting for ticket detail for MV5888...
Found 3 ticket item card(s).
Uploaded MV5888_02_Irony_Aluminum_Radiators.jpg to train/Irony_Aluminum_Radiators/ and all_by_ticket/MV5888/ using Direct Image Src
Uploaded MV5888_03_Auto_Batteries.jpg to train/Auto_Batteries/ and all_by_ticket/MV5888/ using Direct Image Src
Uploaded MV5888_01_Sheet_Iron.jpg to train/Sheet_Iron/ and all_by_ticket/MV5888/ using Direct Image Src
Uploaded 3 image(s) for MV5888
Opening ticket MV5887...
Downloading images for MV5887...
Waiting for ticket detail for MV5887...
Found 1 ticket item card(s).
Uploaded MV5887_01_BareBright.jpg to train/BareBright/ and all_by_ticket/MV5887/ using Direct Image Src
Uploaded 1 image(s) for MV5887
Opening ticket MV5886...
Downloading images for MV5886...
Waiting for ticket detail for MV5886...
Found 2 ticket item card(s).
Uploaded MV5886_01_2_Copper.jpg to train/2_Copper/ and all_by_ticket/MV5886/ using Direct Image Src
Uploaded MV5886_02_Dirty_Brass.jpg to test/Dirty_Brass/ and all_by_ticket/MV5886/ using Direct Image Src
Uploaded 2 image(s) for MV5886
Opening ticket MV5885...
Downloading images for MV5885...
Waiting for ticket detail for MV5885...
Found 3 ticket item card(s).
Uploaded MV5885_02_1_Copper.jpg to val/1_Copper/ and all_by_ticket/MV5885/ using Direct Image Src
Uploaded MV5885_03_Yellow_Brass_Clean.jpg to train/Yellow_Brass_Clean/ and all_by_ticket/MV5885/ using Direct Image Src
Uploaded MV5885_01_2_Copper.jpg to train/2_Copper/ and all_by_ticket/MV5885/ using Direct Image Src
Uploaded 3 image(s) for MV5885
Opening ticket MV5884...
Downloading images for MV5884...
Waiting for ticket detail for MV5884...
Found 1 ticket item card(s).
Uploaded MV5884_01_Cast_Aluminum.jpg to train/Cast_Aluminum/ and all_by_ticket/MV5884/ using Direct Image Src
Uploaded 1 image(s) for MV5884
Opening ticket MV5883...
Downloading images for MV5883...
Waiting for ticket detail for MV5883...
Found 1 ticket item card(s).
Uploaded MV5883_01_2_Copper.jpg to train/2_Copper/ and all_by_ticket/MV5883/ using Direct Image Src
Uploaded 1 image(s) for MV5883
Pagination before click: 191 - 200 of 287
Pagination after click: 201 - 210 of 287

Processing results page 21...
Scraping ticket numbers from current page...
Waiting for search results...
Skipping ticket MV5902 due to status: VOID
Found 9 ticket(s) on this page after status filtering: ['MV5901', 'MV5900', 'MV5899', 'MV5898', 'MV5897', 'MV5896', 'MV5895', 'MV5894', 'MV5893']
Opening ticket MV5901...
Downloading images for MV5901...
Waiting for ticket detail for MV5901...
Found 5 ticket item card(s).
Uploaded MV5901_03_Christmas_Lights.jpg to train/Christmas_Lights/ and all_by_ticket/MV5901/ using Direct Image Src
Uploaded MV5901_02_2_Insulated_Wire.jpg to train/2_Insulated_Wire/ and all_by_ticket/MV5901/ using Direct Image Src
Uploaded MV5901_01_Sheet_Iron.jpg to train/Sheet_Iron/ and all_by_ticket/MV5901/ using Direct Image Src
Uploaded MV5901_04_2_Copper.jpg to test/2_Copper/ and all_by_ticket/MV5901/ using Direct Image Src
Uploaded MV5901_05_Dirty_Brass.jpg to train/Dirty_Brass/ and all_by_ticket/MV5901/ using Direct Image Src
Uploaded 5 image(s) for MV5901
Opening ticket MV5900...
Downloading images for MV5900...
Waiting for ticket detail for MV5900...
Found 6 ticket item card(s).
Uploaded MV5900_01_Sheet_Iron.jpg to train/Sheet_Iron/ and all_by_ticket/MV5900/ using Direct Image Src
Uploaded MV5900_02_Sheet_Iron.jpg to train/Sheet_Iron/ and all_by_ticket/MV5900/ using Direct Image Src
Uploaded MV5900_05_2_Copper.jpg to train/2_Copper/ and all_by_ticket/MV5900/ using Direct Image Src
Uploaded MV5900_03_Irony_Aluminum.jpg to train/Irony_Aluminum/ and all_by_ticket/MV5900/ using Direct Image Src
Uploaded MV5900_04_Transformer.jpg to test/Transformer/ and all_by_ticket/MV5900/ using Direct Image Src
Uploaded MV5900_06_BareBright.jpg to val/BareBright/ and all_by_ticket/MV5900/ using Direct Image Src
Uploaded 6 image(s) for MV5900
Opening ticket MV5899...
Downloading images for MV5899...
Waiting for ticket detail for MV5899...
Found 2 ticket item card(s).
Uploaded MV5899_01_Sheet_Iron.jpg to train/Sheet_Iron/ and all_by_ticket/MV5899/ using Direct Image Src
Uploaded MV5899_02_Aluminum_Cans.jpg to val/Aluminum_Cans/ and all_by_ticket/MV5899/ using Direct Image Src
Uploaded 2 image(s) for MV5899
Opening ticket MV5898...
Downloading images for MV5898...
Waiting for ticket detail for MV5898...
Found 1 ticket item card(s).
Uploaded MV5898_01_Sheet_Iron.jpg to train/Sheet_Iron/ and all_by_ticket/MV5898/ using Direct Image Src
Uploaded 1 image(s) for MV5898
Opening ticket MV5897...
Downloading images for MV5897...
Waiting for ticket detail for MV5897...
Found 8 ticket item card(s).
Uploaded MV5897_05_Gutters_Siding.jpg to train/Gutters_Siding/ and all_by_ticket/MV5897/ using Direct Image Src
Uploaded MV5897_01_Sheet_Copper.jpg to train/Sheet_Copper/ and all_by_ticket/MV5897/ using Direct Image Src
Uploaded MV5897_02_Gutters_Siding.jpg to val/Gutters_Siding/ and all_by_ticket/MV5897/ using Direct Image Src
Uploaded MV5897_03_Gutters_Siding.jpg to train/Gutters_Siding/ and all_by_ticket/MV5897/ using Direct Image Src
Uploaded MV5897_06_Gutters_Siding.jpg to train/Gutters_Siding/ and all_by_ticket/MV5897/ using Direct Image Src
Uploaded MV5897_04_Gutters_Siding.jpg to train/Gutters_Siding/ and all_by_ticket/MV5897/ using Direct Image Src
Uploaded MV5897_07_Gutters_Siding.jpg to test/Gutters_Siding/ and all_by_ticket/MV5897/ using Direct Image Src
Uploaded MV5897_08_Gutters_Siding.jpg to train/Gutters_Siding/ and all_by_ticket/MV5897/ using Direct Image Src
Uploaded 8 image(s) for MV5897
Opening ticket MV5896...
Downloading images for MV5896...
Waiting for ticket detail for MV5896...
Found 2 ticket item card(s).
Uploaded MV5896_01_Sheet_Iron.jpg to train/Sheet_Iron/ and all_by_ticket/MV5896/ using Direct Image Src
Uploaded MV5896_02_Freight_Charge.jpg to train/Freight_Charge/ and all_by_ticket/MV5896/ using Direct Image Src
Uploaded 2 image(s) for MV5896
Opening ticket MV5895...
Downloading images for MV5895...
Waiting for ticket detail for MV5895...
Found 2 ticket item card(s).
Uploaded MV5895_02_Freight_Charge.jpg to val/Freight_Charge/ and all_by_ticket/MV5895/ using Direct Image Src
Uploaded MV5895_01_Sheet_Iron.jpg to train/Sheet_Iron/ and all_by_ticket/MV5895/ using Direct Image Src
Uploaded 2 image(s) for MV5895
Opening ticket MV5894...
Downloading images for MV5894...
Waiting for ticket detail for MV5894...
Found 2 ticket item card(s).
Uploaded MV5894_01_Sheet_Iron.jpg to val/Sheet_Iron/ and all_by_ticket/MV5894/ using Direct Image Src
Uploaded MV5894_02_Freight_Charge.jpg to train/Freight_Charge/ and all_by_ticket/MV5894/ using Direct Image Src
Uploaded 2 image(s) for MV5894
Opening ticket MV5893...
Downloading images for MV5893...
Waiting for ticket detail for MV5893...
Found 9 ticket item card(s).
Uploaded MV5893_06_2_Insulated_Wire.jpg to train/2_Insulated_Wire/ and all_by_ticket/MV5893/ using Direct Image Src
Uploaded MV5893_08_Dirty_Brass.jpg to test/Dirty_Brass/ and all_by_ticket/MV5893/ using Direct Image Src
Uploaded MV5893_03_Electric_Motor.jpg to val/Electric_Motor/ and all_by_ticket/MV5893/ using Direct Image Src
Uploaded MV5893_04_2_Copper.jpg to test/2_Copper/ and all_by_ticket/MV5893/ using Direct Image Src
Uploaded MV5893_02_Sealed_Units.jpg to train/Sealed_Units/ and all_by_ticket/MV5893/ using Direct Image Src
Uploaded MV5893_01_Sheet_Iron.jpg to train/Sheet_Iron/ and all_by_ticket/MV5893/ using Direct Image Src
Uploaded MV5893_07_Electric_Motor.jpg to train/Electric_Motor/ and all_by_ticket/MV5893/ using Direct Image Src
Uploaded MV5893_05_Aluminum_Rim_Clean.jpg to train/Aluminum_Rim_Clean/ and all_by_ticket/MV5893/ using Direct Image Src
Uploaded MV5893_09_Sheet_Aluminum.jpg to train/Sheet_Aluminum/ and all_by_ticket/MV5893/ using Direct Image Src
Uploaded 9 image(s) for MV5893
Pagination before click: 201 - 210 of 287
Pagination after click: 211 - 220 of 287

Processing results page 22...
Scraping ticket numbers from current page...
Waiting for search results...
Skipping ticket MV5906 due to status: VOID
Skipping ticket MV5903 due to status: VOID
Found 8 ticket(s) on this page after status filtering: ['MV5912', 'MV5911', 'MV5910', 'MV5909', 'MV5908', 'MV5907', 'MV5905', 'MV5904']
Opening ticket MV5912...
Downloading images for MV5912...
Waiting for ticket detail for MV5912...
Found 1 ticket item card(s).
Uploaded MV5912_01_Aluminum_Rim_Clean.jpg to train/Aluminum_Rim_Clean/ and all_by_ticket/MV5912/ using Direct Image Src
Uploaded 1 image(s) for MV5912
Opening ticket MV5911...
Downloading images for MV5911...
Waiting for ticket detail for MV5911...
Found 2 ticket item card(s).
Uploaded MV5911_01_Sheet_Iron.jpg to val/Sheet_Iron/ and all_by_ticket/MV5911/ using Direct Image Src
Uploaded MV5911_02_Sheet_Iron.jpg to train/Sheet_Iron/ and all_by_ticket/MV5911/ using Direct Image Src
Uploaded 2 image(s) for MV5911
Opening ticket MV5910...
Downloading images for MV5910...
Waiting for ticket detail for MV5910...
Found 16 ticket item card(s).
Uploaded MV5910_06_Irony_Aluminum.jpg to train/Irony_Aluminum/ and all_by_ticket/MV5910/ using Direct Image Src
Uploaded MV5910_01_DIECAST.jpg to train/DIECAST/ and all_by_ticket/MV5910/ using Direct Image Src
Uploaded MV5910_03_Irony_Aluminum.jpg to train/Irony_Aluminum/ and all_by_ticket/MV5910/ using Direct Image Src
Uploaded MV5910_02_Irony_Aluminum.jpg to train/Irony_Aluminum/ and all_by_ticket/MV5910/ using Direct Image Src
Uploaded MV5910_08_Sheet_Aluminum.jpg to train/Sheet_Aluminum/ and all_by_ticket/MV5910/ using Direct Image Src
Uploaded MV5910_05_Irony_Aluminum.jpg to train/Irony_Aluminum/ and all_by_ticket/MV5910/ using Direct Image Src
Uploaded MV5910_04_Cast_Aluminum.jpg to train/Cast_Aluminum/ and all_by_ticket/MV5910/ using Direct Image Src
Uploaded MV5910_07_2_Insulated_Wire.jpg to train/2_Insulated_Wire/ and all_by_ticket/MV5910/ using Direct Image Src
Uploaded MV5910_12_Dirty_Brass.jpg to train/Dirty_Brass/ and all_by_ticket/MV5910/ using Direct Image Src
Uploaded MV5910_13_2_Copper.jpg to test/2_Copper/ and all_by_ticket/MV5910/ using Direct Image Src
Uploaded MV5910_10_2_Insulated_Wire.jpg to train/2_Insulated_Wire/ and all_by_ticket/MV5910/ using Direct Image Src
Uploaded MV5910_09_Romex.jpg to train/Romex/ and all_by_ticket/MV5910/ using Direct Image Src
Uploaded MV5910_14_Cast_Aluminum.jpg to test/Cast_Aluminum/ and all_by_ticket/MV5910/ using Direct Image Src
Uploaded MV5910_16_Aluminum_Cans.jpg to train/Aluminum_Cans/ and all_by_ticket/MV5910/ using Direct Image Src
Uploaded MV5910_15_Yellow_Brass_Clean.jpg to train/Yellow_Brass_Clean/ and all_by_ticket/MV5910/ using Direct Image Src
Uploaded MV5910_11_Yellow_Brass_Clean.jpg to train/Yellow_Brass_Clean/ and all_by_ticket/MV5910/ using Direct Image Src
Uploaded 16 image(s) for MV5910
Opening ticket MV5909...
Downloading images for MV5909...
Waiting for ticket detail for MV5909...
Found 5 ticket item card(s).
Uploaded MV5909_01_Aluminum_Radiator.jpg to train/Aluminum_Radiator/ and all_by_ticket/MV5909/ using Direct Image Src
Uploaded MV5909_02_Irony_ACR_Radiators.jpg to train/Irony_ACR_Radiators/ and all_by_ticket/MV5909/ using Direct Image Src
Uploaded MV5909_03_2_Insulated_Wire.jpg to train/2_Insulated_Wire/ and all_by_ticket/MV5909/ using Direct Image Src
Uploaded MV5909_05_Aluminum_Cans.jpg to val/Aluminum_Cans/ and all_by_ticket/MV5909/ using Direct Image Src
Uploaded MV5909_04_2_Copper.jpg to train/2_Copper/ and all_by_ticket/MV5909/ using Direct Image Src
Uploaded 5 image(s) for MV5909
Opening ticket MV5908...
Downloading images for MV5908...
Waiting for ticket detail for MV5908...
Found 1 ticket item card(s).
Uploaded MV5908_01_2_Copper.jpg to train/2_Copper/ and all_by_ticket/MV5908/ using Direct Image Src
Uploaded 1 image(s) for MV5908
Opening ticket MV5907...
Downloading images for MV5907...
Waiting for ticket detail for MV5907...
Found 1 ticket item card(s).
No direct full-size image URL found for MV5907 item 1 (Test).
Skipping ticket MV5907: no usable image tasks found.
Uploaded 0 image(s) for MV5907
Opening ticket MV5905...
Downloading images for MV5905...
Waiting for ticket detail for MV5905...
Found 7 ticket item card(s).
Uploaded MV5905_03_Irony_Aluminum.jpg to train/Irony_Aluminum/ and all_by_ticket/MV5905/ using Direct Image Src
Uploaded MV5905_02_Cast_Aluminum.jpg to train/Cast_Aluminum/ and all_by_ticket/MV5905/ using Direct Image Src
Uploaded MV5905_07_Sheet_Iron.jpg to train/Sheet_Iron/ and all_by_ticket/MV5905/ using Direct Image Src
Uploaded MV5905_01_BareBright.jpg to train/BareBright/ and all_by_ticket/MV5905/ using Direct Image Src
Uploaded MV5905_05_Yellow_Brass_Clean.jpg to train/Yellow_Brass_Clean/ and all_by_ticket/MV5905/ using Direct Image Src
Uploaded MV5905_06_2_Copper.jpg to train/2_Copper/ and all_by_ticket/MV5905/ using Direct Image Src
Uploaded MV5905_04_2_Insulated_Wire.jpg to val/2_Insulated_Wire/ and all_by_ticket/MV5905/ using Direct Image Src
Uploaded 7 image(s) for MV5905
Opening ticket MV5904...
Downloading images for MV5904...
Waiting for ticket detail for MV5904...
Found 1 ticket item card(s).
Uploaded MV5904_01_Extrusion.jpg to train/Extrusion/ and all_by_ticket/MV5904/ using Direct Image Src
Uploaded 1 image(s) for MV5904
Pagination before click: 211 - 220 of 287
Pagination after click: 221 - 230 of 287

Processing results page 23...
Scraping ticket numbers from current page...
Waiting for search results...
Skipping ticket MV5921 due to status: VOID
Found 9 ticket(s) on this page after status filtering: ['MV5922', 'MV5920', 'MV5919', 'MV5918', 'MV5917', 'MV5916', 'MV5915', 'MV5914', 'MV5913']
Opening ticket MV5922...
Downloading images for MV5922...
Waiting for ticket detail for MV5922...
Found 2 ticket item card(s).
Uploaded MV5922_01_Gutters_Siding.jpg to val/Gutters_Siding/ and all_by_ticket/MV5922/ using Direct Image Src
Uploaded MV5922_02_Gutters_Siding.jpg to train/Gutters_Siding/ and all_by_ticket/MV5922/ using Direct Image Src
Uploaded 2 image(s) for MV5922
Opening ticket MV5920...
Downloading images for MV5920...
Waiting for ticket detail for MV5920...
Found 2 ticket item card(s).
Uploaded MV5920_01_1_Copper.jpg to train/1_Copper/ and all_by_ticket/MV5920/ using Direct Image Src
Uploaded MV5920_02_2_Copper.jpg to train/2_Copper/ and all_by_ticket/MV5920/ using Direct Image Src
Uploaded 2 image(s) for MV5920
Opening ticket MV5919...
Downloading images for MV5919...
Waiting for ticket detail for MV5919...
Found 1 ticket item card(s).
Uploaded MV5919_01_Sheet_Iron.jpg to train/Sheet_Iron/ and all_by_ticket/MV5919/ using Direct Image Src
Uploaded 1 image(s) for MV5919
Opening ticket MV5918...
Downloading images for MV5918...
Waiting for ticket detail for MV5918...
Found 1 ticket item card(s).
Uploaded MV5918_01_BareBright.jpg to train/BareBright/ and all_by_ticket/MV5918/ using Direct Image Src
Uploaded 1 image(s) for MV5918
Opening ticket MV5917...
Downloading images for MV5917...
Waiting for ticket detail for MV5917...
Found 1 ticket item card(s).
Uploaded MV5917_01_Yellow_Brass_Clean.jpg to train/Yellow_Brass_Clean/ and all_by_ticket/MV5917/ using Direct Image Src
Uploaded 1 image(s) for MV5917
Opening ticket MV5916...
Downloading images for MV5916...
Waiting for ticket detail for MV5916...
Found 1 ticket item card(s).
Uploaded MV5916_01_1_Copper.jpg to train/1_Copper/ and all_by_ticket/MV5916/ using Direct Image Src
Uploaded 1 image(s) for MV5916
Opening ticket MV5915...
Downloading images for MV5915...
Waiting for ticket detail for MV5915...
Found 1 ticket item card(s).
No direct full-size image URL found for MV5915 item 1 (Sheet Iron).
Skipping ticket MV5915: no usable image tasks found.
Uploaded 0 image(s) for MV5915
Opening ticket MV5914...
Downloading images for MV5914...
Waiting for ticket detail for MV5914...
Found 3 ticket item card(s).
Uploaded MV5914_01_Sealed_Units.jpg to train/Sealed_Units/ and all_by_ticket/MV5914/ using Direct Image Src
Uploaded MV5914_03_2_Copper.jpg to train/2_Copper/ and all_by_ticket/MV5914/ using Direct Image Src
Uploaded MV5914_02_Aluminum_Radiator.jpg to test/Aluminum_Radiator/ and all_by_ticket/MV5914/ using Direct Image Src
Uploaded 3 image(s) for MV5914
Opening ticket MV5913...
Downloading images for MV5913...
Waiting for ticket detail for MV5913...
Found 2 ticket item card(s).
Uploaded MV5913_02_Sheet_Iron.jpg to train/Sheet_Iron/ and all_by_ticket/MV5913/ using Direct Image Src
Uploaded MV5913_01_Low_Grade_Insulated_Wire.jpg to train/Low_Grade_Insulated_Wire/ and all_by_ticket/MV5913/ using Direct Image Src
Uploaded 2 image(s) for MV5913
Pagination before click: 221 - 230 of 287
Pagination after click: 231 - 240 of 287

Processing results page 24...
Scraping ticket numbers from current page...
Waiting for search results...
Skipping ticket MV5928 due to status: CANCEL
Skipping ticket MV5926 due to status: VOID
Found 8 ticket(s) on this page after status filtering: ['MV5932', 'MV5931', 'MV5930', 'MV5929', 'MV5927', 'MV5925', 'MV5924', 'MV5923']
Opening ticket MV5932...
Downloading images for MV5932...
Waiting for ticket detail for MV5932...
Found 6 ticket item card(s).
Uploaded MV5932_03_2_Copper.jpg to train/2_Copper/ and all_by_ticket/MV5932/ using Direct Image Src
Uploaded MV5932_02_1_Copper.jpg to train/1_Copper/ and all_by_ticket/MV5932/ using Direct Image Src
Uploaded MV5932_01_Cast_Aluminum.jpg to train/Cast_Aluminum/ and all_by_ticket/MV5932/ using Direct Image Src
Uploaded MV5932_05_Dirty_Brass.jpg to train/Dirty_Brass/ and all_by_ticket/MV5932/ using Direct Image Src
Uploaded MV5932_04_Transformer.jpg to train/Transformer/ and all_by_ticket/MV5932/ using Direct Image Src
Uploaded MV5932_06_Sheet_Iron.jpg to train/Sheet_Iron/ and all_by_ticket/MV5932/ using Direct Image Src
Uploaded 6 image(s) for MV5932
Opening ticket MV5931...
Downloading images for MV5931...
Waiting for ticket detail for MV5931...
Found 2 ticket item card(s).
Uploaded MV5931_01_Gutters_Siding.jpg to val/Gutters_Siding/ and all_by_ticket/MV5931/ using Direct Image Src
Uploaded MV5931_02_Extrusion.jpg to train/Extrusion/ and all_by_ticket/MV5931/ using Direct Image Src
Uploaded 2 image(s) for MV5931
Opening ticket MV5930...
Downloading images for MV5930...
Waiting for ticket detail for MV5930...
Found 2 ticket item card(s).
Uploaded MV5930_02_Sheet_Iron.jpg to train/Sheet_Iron/ and all_by_ticket/MV5930/ using Direct Image Src
Uploaded MV5930_01_Unclean_Extrusion.jpg to train/Unclean_Extrusion/ and all_by_ticket/MV5930/ using Direct Image Src
Uploaded 2 image(s) for MV5930
Opening ticket MV5929...
Downloading images for MV5929...
Waiting for ticket detail for MV5929...
Found 1 ticket item card(s).
Uploaded MV5929_01_Sheet_Iron.jpg to train/Sheet_Iron/ and all_by_ticket/MV5929/ using Direct Image Src
Uploaded 1 image(s) for MV5929
Opening ticket MV5927...
Downloading images for MV5927...
Waiting for ticket detail for MV5927...
Found 1 ticket item card(s).
Uploaded MV5927_01_Sheet_Iron.jpg to train/Sheet_Iron/ and all_by_ticket/MV5927/ using Direct Image Src
Uploaded 1 image(s) for MV5927
Opening ticket MV5925...
Downloading images for MV5925...
Waiting for ticket detail for MV5925...
Found 2 ticket item card(s).
Uploaded MV5925_01_Sheet_Iron.jpg to train/Sheet_Iron/ and all_by_ticket/MV5925/ using Direct Image Src
Uploaded MV5925_02_Electric_Motor.jpg to train/Electric_Motor/ and all_by_ticket/MV5925/ using Direct Image Src
Uploaded 2 image(s) for MV5925
Opening ticket MV5924...
Downloading images for MV5924...
Waiting for ticket detail for MV5924...
Found 1 ticket item card(s).
Uploaded MV5924_01_Sheet_Iron.jpg to train/Sheet_Iron/ and all_by_ticket/MV5924/ using Direct Image Src
Uploaded 1 image(s) for MV5924
Opening ticket MV5923...
Downloading images for MV5923...
Waiting for ticket detail for MV5923...
Found 1 ticket item card(s).
Uploaded MV5923_01_BareBright.jpg to train/BareBright/ and all_by_ticket/MV5923/ using Direct Image Src
Uploaded 1 image(s) for MV5923
Pagination before click: 231 - 240 of 287
Pagination after click: 241 - 250 of 287

Processing results page 25...
Scraping ticket numbers from current page...
Waiting for search results...
Found 10 ticket(s) on this page after status filtering: ['MV5942', 'MV5941', 'MV5940', 'MV5939', 'MV5938', 'MV5937', 'MV5936', 'MV5935', 'MV5934', 'MV5933']
Opening ticket MV5942...
Downloading images for MV5942...
Waiting for ticket detail for MV5942...
Found 2 ticket item card(s).
Uploaded MV5942_01_BareBright.jpg to test/BareBright/ and all_by_ticket/MV5942/ using Direct Image Src
Uploaded MV5942_02_2_Copper.jpg to train/2_Copper/ and all_by_ticket/MV5942/ using Direct Image Src
Uploaded 2 image(s) for MV5942
Opening ticket MV5941...
Downloading images for MV5941...
Waiting for ticket detail for MV5941...
Found 2 ticket item card(s).
Uploaded MV5941_02_Aluminum_Radiator.jpg to test/Aluminum_Radiator/ and all_by_ticket/MV5941/ using Direct Image Src
Uploaded MV5941_01_2_Copper.jpg to test/2_Copper/ and all_by_ticket/MV5941/ using Direct Image Src
Uploaded 2 image(s) for MV5941
Opening ticket MV5940...
Downloading images for MV5940...
Waiting for ticket detail for MV5940...
Found 1 ticket item card(s).
Uploaded MV5940_01_Sheet_Iron.jpg to train/Sheet_Iron/ and all_by_ticket/MV5940/ using Direct Image Src
Uploaded 1 image(s) for MV5940
Opening ticket MV5939...
Downloading images for MV5939...
Waiting for ticket detail for MV5939...
Found 3 ticket item card(s).
Uploaded MV5939_02_Extrusion.jpg to train/Extrusion/ and all_by_ticket/MV5939/ using Direct Image Src
Uploaded MV5939_01_Unclean_Extrusion.jpg to train/Unclean_Extrusion/ and all_by_ticket/MV5939/ using Direct Image Src
Uploaded MV5939_03_Extrusion.jpg to train/Extrusion/ and all_by_ticket/MV5939/ using Direct Image Src
Uploaded 3 image(s) for MV5939
Opening ticket MV5938...
Downloading images for MV5938...
Waiting for ticket detail for MV5938...
Found 8 ticket item card(s).
Uploaded MV5938_03_Steel_Turnings.jpg to train/Steel_Turnings/ and all_by_ticket/MV5938/ using Direct Image Src
Uploaded MV5938_02_Turnings.jpg to train/Turnings/ and all_by_ticket/MV5938/ using Direct Image Src
Uploaded MV5938_01_Steel_Turnings.jpg to train/Steel_Turnings/ and all_by_ticket/MV5938/ using Direct Image Src
Uploaded MV5938_05_Steel_Turnings.jpg to train/Steel_Turnings/ and all_by_ticket/MV5938/ using Direct Image Src
Uploaded MV5938_08_Steel_Turnings.jpg to train/Steel_Turnings/ and all_by_ticket/MV5938/ using Direct Image Src
Uploaded MV5938_04_Steel_Turnings.jpg to test/Steel_Turnings/ and all_by_ticket/MV5938/ using Direct Image Src
Uploaded MV5938_07_Sheet_Iron.jpg to val/Sheet_Iron/ and all_by_ticket/MV5938/ using Direct Image Src
Uploaded MV5938_06_Steel_Turnings.jpg to val/Steel_Turnings/ and all_by_ticket/MV5938/ using Direct Image Src
Uploaded 8 image(s) for MV5938
Opening ticket MV5937...
Downloading images for MV5937...
Waiting for ticket detail for MV5937...
Found 5 ticket item card(s).
Uploaded MV5937_01_2_Copper.jpg to train/2_Copper/ and all_by_ticket/MV5937/ using Direct Image Src
Uploaded MV5937_02_Dirty_Brass.jpg to train/Dirty_Brass/ and all_by_ticket/MV5937/ using Direct Image Src
Uploaded MV5937_04_BareBright.jpg to train/BareBright/ and all_by_ticket/MV5937/ using Direct Image Src
Uploaded MV5937_05_Low_Grade_Insulated_Wire.jpg to train/Low_Grade_Insulated_Wire/ and all_by_ticket/MV5937/ using Direct Image Src
Uploaded MV5937_03_Lead.jpg to train/Lead/ and all_by_ticket/MV5937/ using Direct Image Src
Uploaded 5 image(s) for MV5937
Opening ticket MV5936...
Downloading images for MV5936...
Waiting for ticket detail for MV5936...
Found 1 ticket item card(s).
Uploaded MV5936_01_Sheet_Iron.jpg to test/Sheet_Iron/ and all_by_ticket/MV5936/ using Direct Image Src
Uploaded 1 image(s) for MV5936
Opening ticket MV5935...
Downloading images for MV5935...
Waiting for ticket detail for MV5935...
Found 2 ticket item card(s).
Uploaded MV5935_01_2_Copper.jpg to train/2_Copper/ and all_by_ticket/MV5935/ using Direct Image Src
Uploaded MV5935_02_Sealed_Units.jpg to train/Sealed_Units/ and all_by_ticket/MV5935/ using Direct Image Src
Uploaded 2 image(s) for MV5935
Opening ticket MV5934...
Downloading images for MV5934...
Waiting for ticket detail for MV5934...
Found 2 ticket item card(s).
Uploaded MV5934_01_2_Copper.jpg to val/2_Copper/ and all_by_ticket/MV5934/ using Direct Image Src
Uploaded MV5934_02_BareBright.jpg to train/BareBright/ and all_by_ticket/MV5934/ using Direct Image Src
Uploaded 2 image(s) for MV5934
Opening ticket MV5933...
Downloading images for MV5933...
Waiting for ticket detail for MV5933...
Found 3 ticket item card(s).
Uploaded MV5933_02_1_Insulated_Wire.jpg to train/1_Insulated_Wire/ and all_by_ticket/MV5933/ using Direct Image Src
Uploaded MV5933_03_Yellow_Brass_Clean.jpg to train/Yellow_Brass_Clean/ and all_by_ticket/MV5933/ using Direct Image Src
Uploaded MV5933_01_2_Copper.jpg to train/2_Copper/ and all_by_ticket/MV5933/ using Direct Image Src
Uploaded 3 image(s) for MV5933
Pagination before click: 241 - 250 of 287
Pagination after click: 251 - 260 of 287

Processing results page 26...
Scraping ticket numbers from current page...
Waiting for search results...
Found 10 ticket(s) on this page after status filtering: ['MV5952', 'MV5951', 'MV5950', 'MV5949', 'MV5948', 'MV5947', 'MV5946', 'MV5945', 'MV5944', 'MV5943']
Opening ticket MV5952...
Downloading images for MV5952...
Waiting for ticket detail for MV5952...
Found 2 ticket item card(s).
Uploaded MV5952_02_Electric_Motor.jpg to train/Electric_Motor/ and all_by_ticket/MV5952/ using Direct Image Src
Uploaded MV5952_01_Sheet_Iron.jpg to train/Sheet_Iron/ and all_by_ticket/MV5952/ using Direct Image Src
Uploaded 2 image(s) for MV5952
Opening ticket MV5951...
Downloading images for MV5951...
Waiting for ticket detail for MV5951...
Found 2 ticket item card(s).
Uploaded MV5951_02_Gutters_Siding.jpg to train/Gutters_Siding/ and all_by_ticket/MV5951/ using Direct Image Src
Uploaded MV5951_01_Sheet_Iron.jpg to train/Sheet_Iron/ and all_by_ticket/MV5951/ using Direct Image Src
Uploaded 2 image(s) for MV5951
Opening ticket MV5950...
Downloading images for MV5950...
Waiting for ticket detail for MV5950...
Found 2 ticket item card(s).
Uploaded MV5950_02_Sheet_Iron.jpg to train/Sheet_Iron/ and all_by_ticket/MV5950/ using Direct Image Src
Uploaded MV5950_01_Sheet_Iron.jpg to train/Sheet_Iron/ and all_by_ticket/MV5950/ using Direct Image Src
Uploaded 2 image(s) for MV5950
Opening ticket MV5949...
Downloading images for MV5949...
Waiting for ticket detail for MV5949...
Found 1 ticket item card(s).
Uploaded MV5949_01_Aluminum_Cans.jpg to train/Aluminum_Cans/ and all_by_ticket/MV5949/ using Direct Image Src
Uploaded 1 image(s) for MV5949
Opening ticket MV5948...
Downloading images for MV5948...
Waiting for ticket detail for MV5948...
Found 1 ticket item card(s).
Uploaded MV5948_01_Irony_SS.jpg to train/Irony_SS/ and all_by_ticket/MV5948/ using Direct Image Src
Uploaded 1 image(s) for MV5948
Opening ticket MV5947...
Downloading images for MV5947...
Waiting for ticket detail for MV5947...
Found 1 ticket item card(s).
Uploaded MV5947_01_Irony_SS.jpg to train/Irony_SS/ and all_by_ticket/MV5947/ using Direct Image Src
Uploaded 1 image(s) for MV5947
Opening ticket MV5946...
Downloading images for MV5946...
Waiting for ticket detail for MV5946...
Found 3 ticket item card(s).
Uploaded MV5946_02_Aluminum_Cans.jpg to val/Aluminum_Cans/ and all_by_ticket/MV5946/ using Direct Image Src
Uploaded MV5946_01_Irony_Aluminum.jpg to train/Irony_Aluminum/ and all_by_ticket/MV5946/ using Direct Image Src
Uploaded MV5946_03_Aluminum_Cans.jpg to train/Aluminum_Cans/ and all_by_ticket/MV5946/ using Direct Image Src
Uploaded 3 image(s) for MV5946
Opening ticket MV5945...
Downloading images for MV5945...
Waiting for ticket detail for MV5945...
Found 7 ticket item card(s).
Uploaded MV5945_03_2_Copper.jpg to train/2_Copper/ and all_by_ticket/MV5945/ using Direct Image Src
Uploaded MV5945_01_Dirty_Brass.jpg to train/Dirty_Brass/ and all_by_ticket/MV5945/ using Direct Image Src
Uploaded MV5945_02_1_Copper.jpg to train/1_Copper/ and all_by_ticket/MV5945/ using Direct Image Src
Uploaded MV5945_04_Dirty_Brass.jpg to train/Dirty_Brass/ and all_by_ticket/MV5945/ using Direct Image Src
Uploaded MV5945_05_Sheet_Aluminum.jpg to val/Sheet_Aluminum/ and all_by_ticket/MV5945/ using Direct Image Src
Uploaded MV5945_07_Sheet_Iron.jpg to train/Sheet_Iron/ and all_by_ticket/MV5945/ using Direct Image Src
Uploaded MV5945_06_2_Insulated_Wire.jpg to train/2_Insulated_Wire/ and all_by_ticket/MV5945/ using Direct Image Src
Uploaded 7 image(s) for MV5945
Opening ticket MV5944...
Downloading images for MV5944...
Waiting for ticket detail for MV5944...
Found 1 ticket item card(s).
Uploaded MV5944_01_Gutters_Siding.jpg to train/Gutters_Siding/ and all_by_ticket/MV5944/ using Direct Image Src
Uploaded 1 image(s) for MV5944
Opening ticket MV5943...
Downloading images for MV5943...
Waiting for ticket detail for MV5943...
Found 3 ticket item card(s).
Uploaded MV5943_01_Unclean_Extrusion.jpg to train/Unclean_Extrusion/ and all_by_ticket/MV5943/ using Direct Image Src
Uploaded MV5943_02_Harness_Wire.jpg to val/Harness_Wire/ and all_by_ticket/MV5943/ using Direct Image Src
Uploaded MV5943_03_Irony_Aluminum_Radiators.jpg to train/Irony_Aluminum_Radiators/ and all_by_ticket/MV5943/ using Direct Image Src
Uploaded 3 image(s) for MV5943
Pagination before click: 251 - 260 of 287
Pagination after click: 261 - 270 of 287

Processing results page 27...
Scraping ticket numbers from current page...
Waiting for search results...
Found 10 ticket(s) on this page after status filtering: ['MV5962', 'MV5961', 'MV5960', 'MV5959', 'MV5958', 'MV5957', 'MV5956', 'MV5955', 'MV5954', 'MV5953']
Opening ticket MV5962...
Downloading images for MV5962...
Waiting for ticket detail for MV5962...
Found 1 ticket item card(s).
Uploaded MV5962_01_BareBright.jpg to train/BareBright/ and all_by_ticket/MV5962/ using Direct Image Src
Uploaded 1 image(s) for MV5962
Opening ticket MV5961...
Downloading images for MV5961...
Waiting for ticket detail for MV5961...
Found 1 ticket item card(s).
Uploaded MV5961_01_Sheet_Iron.jpg to train/Sheet_Iron/ and all_by_ticket/MV5961/ using Direct Image Src
Uploaded 1 image(s) for MV5961
Opening ticket MV5960...
Downloading images for MV5960...
Waiting for ticket detail for MV5960...
Found 3 ticket item card(s).
Uploaded MV5960_01_Sheet_Iron.jpg to train/Sheet_Iron/ and all_by_ticket/MV5960/ using Direct Image Src
Uploaded MV5960_03_Dirty_Brass.jpg to train/Dirty_Brass/ and all_by_ticket/MV5960/ using Direct Image Src
Uploaded MV5960_02_2_Insulated_Wire.jpg to test/2_Insulated_Wire/ and all_by_ticket/MV5960/ using Direct Image Src
Uploaded 3 image(s) for MV5960
Opening ticket MV5959...
Downloading images for MV5959...
Waiting for ticket detail for MV5959...
Found 4 ticket item card(s).
Uploaded MV5959_01_Romex.jpg to train/Romex/ and all_by_ticket/MV5959/ using Direct Image Src
Uploaded MV5959_04_2_Copper.jpg to train/2_Copper/ and all_by_ticket/MV5959/ using Direct Image Src
Uploaded MV5959_02_2_Copper.jpg to train/2_Copper/ and all_by_ticket/MV5959/ using Direct Image Src
Uploaded MV5959_03_2_Insulated_Wire.jpg to train/2_Insulated_Wire/ and all_by_ticket/MV5959/ using Direct Image Src
Uploaded 4 image(s) for MV5959
Opening ticket MV5958...
Downloading images for MV5958...
Waiting for ticket detail for MV5958...
Found 3 ticket item card(s).
Uploaded MV5958_03_Irony_Aluminum.jpg to train/Irony_Aluminum/ and all_by_ticket/MV5958/ using Direct Image Src
Uploaded MV5958_02_Cast_Aluminum.jpg to val/Cast_Aluminum/ and all_by_ticket/MV5958/ using Direct Image Src
Uploaded MV5958_01_AluminumCopper_Radiator.jpg to test/AluminumCopper_Radiator/ and all_by_ticket/MV5958/ using Direct Image Src
Uploaded 3 image(s) for MV5958
Opening ticket MV5957...
Downloading images for MV5957...
Waiting for ticket detail for MV5957...
Found 3 ticket item card(s).
Uploaded MV5957_01_Sealed_Units.jpg to train/Sealed_Units/ and all_by_ticket/MV5957/ using Direct Image Src
Uploaded MV5957_02_2_Insulated_Wire.jpg to train/2_Insulated_Wire/ and all_by_ticket/MV5957/ using Direct Image Src
Uploaded MV5957_03_2_Copper.jpg to train/2_Copper/ and all_by_ticket/MV5957/ using Direct Image Src
Uploaded 3 image(s) for MV5957
Opening ticket MV5956...
Downloading images for MV5956...
Waiting for ticket detail for MV5956...
Found 4 ticket item card(s).
Uploaded MV5956_01_Sheet_Iron.jpg to train/Sheet_Iron/ and all_by_ticket/MV5956/ using Direct Image Src
Uploaded MV5956_02_Aluminum_Cans.jpg to train/Aluminum_Cans/ and all_by_ticket/MV5956/ using Direct Image Src
Uploaded MV5956_04_Dirty_Brass.jpg to train/Dirty_Brass/ and all_by_ticket/MV5956/ using Direct Image Src
Uploaded MV5956_03_2_Copper.jpg to train/2_Copper/ and all_by_ticket/MV5956/ using Direct Image Src
Uploaded 4 image(s) for MV5956
Opening ticket MV5955...
Downloading images for MV5955...
Waiting for ticket detail for MV5955...
Found 3 ticket item card(s).
Uploaded MV5955_01_Sheet_Iron.jpg to train/Sheet_Iron/ and all_by_ticket/MV5955/ using Direct Image Src
Uploaded MV5955_03_2_Copper.jpg to train/2_Copper/ and all_by_ticket/MV5955/ using Direct Image Src
Uploaded MV5955_02_2_Insulated_Wire.jpg to train/2_Insulated_Wire/ and all_by_ticket/MV5955/ using Direct Image Src
Uploaded 3 image(s) for MV5955
Opening ticket MV5954...
Downloading images for MV5954...
Waiting for ticket detail for MV5954...
Found 2 ticket item card(s).
Uploaded MV5954_02_2_Copper.jpg to test/2_Copper/ and all_by_ticket/MV5954/ using Direct Image Src
Uploaded MV5954_01_Cast_Aluminum.jpg to test/Cast_Aluminum/ and all_by_ticket/MV5954/ using Direct Image Src
Uploaded 2 image(s) for MV5954
Opening ticket MV5953...
Downloading images for MV5953...
Waiting for ticket detail for MV5953...
Found 1 ticket item card(s).
Uploaded MV5953_01_Sheet_Iron.jpg to val/Sheet_Iron/ and all_by_ticket/MV5953/ using Direct Image Src
Uploaded 1 image(s) for MV5953
Pagination before click: 261 - 270 of 287
Pagination after click: 271 - 280 of 287

Processing results page 28...
Scraping ticket numbers from current page...
Waiting for search results...
Skipping ticket MV5967 due to status: VOID
Skipping ticket MV5963 due to status: VOID
Found 8 ticket(s) on this page after status filtering: ['MV5972', 'MV5971', 'MV5970', 'MV5969', 'MV5968', 'MV5966', 'MV5965', 'MV5964']
Opening ticket MV5972...
Downloading images for MV5972...
Waiting for ticket detail for MV5972...
Found 1 ticket item card(s).
Uploaded MV5972_01_Electric_Motor.jpg to train/Electric_Motor/ and all_by_ticket/MV5972/ using Direct Image Src
Uploaded 1 image(s) for MV5972
Opening ticket MV5971...
Downloading images for MV5971...
Waiting for ticket detail for MV5971...
Found 1 ticket item card(s).
No direct full-size image URL found for MV5971 item 1 (Test).
Skipping ticket MV5971: no usable image tasks found.
Uploaded 0 image(s) for MV5971
Opening ticket MV5970...
Downloading images for MV5970...
Waiting for ticket detail for MV5970...
Found 1 ticket item card(s).
Uploaded MV5970_01_Gutters_Siding.jpg to train/Gutters_Siding/ and all_by_ticket/MV5970/ using Direct Image Src
Uploaded 1 image(s) for MV5970
Opening ticket MV5969...
Downloading images for MV5969...
Waiting for ticket detail for MV5969...
Found 3 ticket item card(s).
Uploaded MV5969_01_Sheet_Iron.jpg to val/Sheet_Iron/ and all_by_ticket/MV5969/ using Direct Image Src
Uploaded MV5969_02_2_Copper.jpg to train/2_Copper/ and all_by_ticket/MV5969/ using Direct Image Src
Uploaded MV5969_03_2_Insulated_Wire.jpg to train/2_Insulated_Wire/ and all_by_ticket/MV5969/ using Direct Image Src
Uploaded 3 image(s) for MV5969
Opening ticket MV5968...
Downloading images for MV5968...
Waiting for ticket detail for MV5968...
Found 5 ticket item card(s).
Uploaded MV5968_02_Electric_Motor.jpg to train/Electric_Motor/ and all_by_ticket/MV5968/ using Direct Image Src
Uploaded MV5968_03_1_Copper.jpg to train/1_Copper/ and all_by_ticket/MV5968/ using Direct Image Src
Uploaded MV5968_01_2_Insulated_Wire.jpg to train/2_Insulated_Wire/ and all_by_ticket/MV5968/ using Direct Image Src
Uploaded MV5968_04_Dirty_Brass.jpg to train/Dirty_Brass/ and all_by_ticket/MV5968/ using Direct Image Src
Uploaded MV5968_05_Cast_Aluminum.jpg to train/Cast_Aluminum/ and all_by_ticket/MV5968/ using Direct Image Src
Uploaded 5 image(s) for MV5968
Opening ticket MV5966...
Downloading images for MV5966...
Waiting for ticket detail for MV5966...
Found 2 ticket item card(s).
Uploaded MV5966_01_BareBright.jpg to test/BareBright/ and all_by_ticket/MV5966/ using Direct Image Src
Uploaded MV5966_02_1_Copper.jpg to test/1_Copper/ and all_by_ticket/MV5966/ using Direct Image Src
Uploaded 2 image(s) for MV5966
Opening ticket MV5965...
Downloading images for MV5965...
Waiting for ticket detail for MV5965...
Found 2 ticket item card(s).
Uploaded MV5965_01_Sheet_Iron.jpg to train/Sheet_Iron/ and all_by_ticket/MV5965/ using Direct Image Src
Uploaded MV5965_02_Cast_Aluminum.jpg to train/Cast_Aluminum/ and all_by_ticket/MV5965/ using Direct Image Src
Uploaded 2 image(s) for MV5965
Opening ticket MV5964...
Downloading images for MV5964...
Waiting for ticket detail for MV5964...
Found 7 ticket item card(s).
Uploaded MV5964_01_Chrome_Rims.jpg to train/Chrome_Rims/ and all_by_ticket/MV5964/ using Direct Image Src
Uploaded MV5964_02_AluminumCopper_Radiator.jpg to train/AluminumCopper_Radiator/ and all_by_ticket/MV5964/ using Direct Image Src
Uploaded MV5964_04_2_Copper.jpg to train/2_Copper/ and all_by_ticket/MV5964/ using Direct Image Src
Uploaded MV5964_05_Aluminum_Rim_Clean.jpg to train/Aluminum_Rim_Clean/ and all_by_ticket/MV5964/ using Direct Image Src
Uploaded MV5964_03_BareBright.jpg to train/BareBright/ and all_by_ticket/MV5964/ using Direct Image Src
Uploaded MV5964_06_Sealed_Units.jpg to train/Sealed_Units/ and all_by_ticket/MV5964/ using Direct Image Src
Uploaded MV5964_07_2_Insulated_Wire.jpg to train/2_Insulated_Wire/ and all_by_ticket/MV5964/ using Direct Image Src
Uploaded 7 image(s) for MV5964
Pagination before click: 271 - 280 of 287
Pagination after click: 281 - 287 of 287

Processing results page 29...
Scraping ticket numbers from current page...
Waiting for search results...
Found 7 ticket(s) on this page after status filtering: ['MV5979', 'MV5978', 'MV5977', 'MV5976', 'MV5975', 'MV5974', 'MV5973']
Opening ticket MV5979...
Downloading images for MV5979...
Waiting for ticket detail for MV5979...
Found 2 ticket item card(s).
Uploaded MV5979_02_Aluminum_Cans.jpg to train/Aluminum_Cans/ and all_by_ticket/MV5979/ using Direct Image Src
Uploaded MV5979_01_Gutters_Siding.jpg to train/Gutters_Siding/ and all_by_ticket/MV5979/ using Direct Image Src
Uploaded 2 image(s) for MV5979
Opening ticket MV5978...
Downloading images for MV5978...
Waiting for ticket detail for MV5978...
Found 1 ticket item card(s).
Uploaded MV5978_01_BareBright.jpg to train/BareBright/ and all_by_ticket/MV5978/ using Direct Image Src
Uploaded 1 image(s) for MV5978
Opening ticket MV5977...
Downloading images for MV5977...
Waiting for ticket detail for MV5977...
Found 1 ticket item card(s).
No direct full-size image URL found for MV5977 item 1 (Advance).
Skipping ticket MV5977: no usable image tasks found.
Uploaded 0 image(s) for MV5977
Opening ticket MV5976...
Downloading images for MV5976...
Waiting for ticket detail for MV5976...
Found 2 ticket item card(s).
Uploaded MV5976_02_Irony_Aluminum.jpg to train/Irony_Aluminum/ and all_by_ticket/MV5976/ using Direct Image Src
Uploaded MV5976_01_Sheet_Iron.jpg to train/Sheet_Iron/ and all_by_ticket/MV5976/ using Direct Image Src
Uploaded 2 image(s) for MV5976
Opening ticket MV5975...
Downloading images for MV5975...
Waiting for ticket detail for MV5975...
Found 1 ticket item card(s).
Uploaded MV5975_01_Sheet_Iron.jpg to train/Sheet_Iron/ and all_by_ticket/MV5975/ using Direct Image Src
Uploaded 1 image(s) for MV5975
Opening ticket MV5974...
Downloading images for MV5974...
Waiting for ticket detail for MV5974...
Found 1 ticket item card(s).
Uploaded MV5974_01_Sheet_Iron.jpg to train/Sheet_Iron/ and all_by_ticket/MV5974/ using Direct Image Src
Uploaded 1 image(s) for MV5974
Opening ticket MV5973...
Downloading images for MV5973...
Waiting for ticket detail for MV5973...
Found 2 ticket item card(s).
Uploaded MV5973_02_Sheet_Iron.jpg to test/Sheet_Iron/ and all_by_ticket/MV5973/ using Direct Image Src
Uploaded MV5973_01_BareBright.jpg to train/BareBright/ and all_by_ticket/MV5973/ using Direct Image Src
Uploaded 2 image(s) for MV5973
Reached last page.

Finished scraping and uploading images.
S3 bucket used: mvmr-scrapright-images-ojanama
Dataset structure used: train/<label>/, val/<label>/, test/<label>/, all_by_ticket/<ticket_number>/
{
    "StoppingInstances": [
        {
            "InstanceId": "i-0cea2f3cf1a36acbb",
            "CurrentState": {
                "Code": 64,
                "Name": "stopping"
            },
            "PreviousState": {
                "Code": 16,
                "Name": "running"
            }
        }
    ]
}
