Starting weekly scrape at 2026-07-26T04:02:06+00:00...
Resolved date range: 07/19/2026 -> 07/25/2026
Valid ticket prefixes: ['MV']
Logging into ScrapRight...
Login submitted.
Waiting for login to complete in the browser...
Login detected. Continuing automatically...
Opening TRANSACTIONS menu...
Selecting Date Range...
Date Range selected.
Filling date range: 07/19/2026 -> 07/25/2026
Start date entered: 07192026
End date entered:   07252026
Clicking search...

Processing results page 1...
Scraping ticket numbers from current page...
Waiting for search results...
Skipping ticket MV6558 due to status: VOID
Found 9 ticket(s) on this page after status filtering: ['MV6557', 'MV6556', 'MV6555', 'MV6554', 'MV6553', 'MV6552', 'MV6551', 'MV6550', 'MV6549']
Opening ticket MV6557...
Downloading images for MV6557...
Waiting for ticket detail for MV6557...
Found 1 ticket item card(s).
Uploaded MV6557_01_Sheet_Iron.jpg to train/Sheet_Iron/ and all_by_ticket/MV6557/ using Direct Image Src
Uploaded 1 image(s) for MV6557
Opening ticket MV6556...
Downloading images for MV6556...
Waiting for ticket detail for MV6556...
Found 7 ticket item card(s).
Uploaded MV6556_01_Sheet_Iron.jpg to train/Sheet_Iron/ and all_by_ticket/MV6556/ using Direct Image Src
Uploaded MV6556_02_Sheet_Aluminum.jpg to train/Sheet_Aluminum/ and all_by_ticket/MV6556/ using Direct Image Src
Uploaded MV6556_07_Sheet_Iron.jpg to train/Sheet_Iron/ and all_by_ticket/MV6556/ using Direct Image Src
Uploaded MV6556_05_Aluminum_Rim_Clean.jpg to train/Aluminum_Rim_Clean/ and all_by_ticket/MV6556/ using Direct Image Src
Uploaded MV6556_03_Irony_Aluminum.jpg to train/Irony_Aluminum/ and all_by_ticket/MV6556/ using Direct Image Src
Uploaded MV6556_04_Sheet_Aluminum.jpg to train/Sheet_Aluminum/ and all_by_ticket/MV6556/ using Direct Image Src
Uploaded MV6556_06_Irony_Aluminum.jpg to train/Irony_Aluminum/ and all_by_ticket/MV6556/ using Direct Image Src
Uploaded 7 image(s) for MV6556
Opening ticket MV6555...
Downloading images for MV6555...
Waiting for ticket detail for MV6555...
Found 1 ticket item card(s).
Uploaded MV6555_01_Sheet_Iron.jpg to val/Sheet_Iron/ and all_by_ticket/MV6555/ using Direct Image Src
Uploaded 1 image(s) for MV6555
Opening ticket MV6554...
Downloading images for MV6554...
Waiting for ticket detail for MV6554...
Found 1 ticket item card(s).
Uploaded MV6554_01_Sheet_Iron.jpg to train/Sheet_Iron/ and all_by_ticket/MV6554/ using Direct Image Src
Uploaded 1 image(s) for MV6554
Opening ticket MV6553...
Downloading images for MV6553...
Waiting for ticket detail for MV6553...
Found 1 ticket item card(s).
Uploaded MV6553_01_Sheet_Iron.jpg to train/Sheet_Iron/ and all_by_ticket/MV6553/ using Direct Image Src
Uploaded 1 image(s) for MV6553
Opening ticket MV6552...
Downloading images for MV6552...
Waiting for ticket detail for MV6552...
Found 1 ticket item card(s).
Uploaded MV6552_01_Aluminum_Cans.jpg to train/Aluminum_Cans/ and all_by_ticket/MV6552/ using Direct Image Src
Uploaded 1 image(s) for MV6552
Opening ticket MV6551...
Downloading images for MV6551...
Waiting for ticket detail for MV6551...
Found 2 ticket item card(s).
Uploaded MV6551_01_2_Insulated_Wire.jpg to test/2_Insulated_Wire/ and all_by_ticket/MV6551/ using Direct Image Src
Uploaded MV6551_02_Irony_Aluminum.jpg to train/Irony_Aluminum/ and all_by_ticket/MV6551/ using Direct Image Src
Uploaded 2 image(s) for MV6551
Opening ticket MV6550...
Downloading images for MV6550...
Waiting for ticket detail for MV6550...
Found 7 ticket item card(s).
Uploaded MV6550_02_Yellow_Brass_Clean.jpg to train/Yellow_Brass_Clean/ and all_by_ticket/MV6550/ using Direct Image Src
Uploaded MV6550_05_Extrusion.jpg to val/Extrusion/ and all_by_ticket/MV6550/ using Direct Image Src
Uploaded MV6550_06_Unclean_Extrusion.jpg to train/Unclean_Extrusion/ and all_by_ticket/MV6550/ using Direct Image Src
Uploaded MV6550_01_Aluminum_Wire_Insulated.jpg to train/Aluminum_Wire_Insulated/ and all_by_ticket/MV6550/ using Direct Image Src
Uploaded MV6550_04_Cast_Aluminum.jpg to train/Cast_Aluminum/ and all_by_ticket/MV6550/ using Direct Image Src
Uploaded MV6550_03_2_Copper.jpg to test/2_Copper/ and all_by_ticket/MV6550/ using Direct Image Src
Uploaded MV6550_07_2_Insulated_Wire.jpg to train/2_Insulated_Wire/ and all_by_ticket/MV6550/ using Direct Image Src
Uploaded 7 image(s) for MV6550
Opening ticket MV6549...
Downloading images for MV6549...
Waiting for ticket detail for MV6549...
Found 2 ticket item card(s).
Uploaded MV6549_01_Irony_Aluminum.jpg to test/Irony_Aluminum/ and all_by_ticket/MV6549/ using Direct Image Src
Uploaded MV6549_02_Extrusion.jpg to train/Extrusion/ and all_by_ticket/MV6549/ using Direct Image Src
Uploaded 2 image(s) for MV6549
Pagination before click: 1 - 10 of 300
Pagination after click: 11 - 20 of 300

Processing results page 2...
Scraping ticket numbers from current page...
Waiting for search results...
Skipping ticket MV6567 due to status: VOID
Skipping ticket MV6563 due to status: VOID
Skipping ticket MV6562 due to status: VOID
Found 7 ticket(s) on this page after status filtering: ['MV6568', 'MV6566', 'MV6565', 'MV6564', 'MV6561', 'MV6560', 'MV6559']
Opening ticket MV6568...
Downloading images for MV6568...
Waiting for ticket detail for MV6568...
Found 8 ticket item card(s).
Uploaded MV6568_06_Electric_Motor.jpg to train/Electric_Motor/ and all_by_ticket/MV6568/ using Direct Image Src
Uploaded MV6568_01_Irony_Brass_50.jpg to train/Irony_Brass_50/ and all_by_ticket/MV6568/ using Direct Image Src
Uploaded MV6568_07_Sheet_Iron.jpg to val/Sheet_Iron/ and all_by_ticket/MV6568/ using Direct Image Src
Uploaded MV6568_04_Dirty_Brass.jpg to train/Dirty_Brass/ and all_by_ticket/MV6568/ using Direct Image Src
Uploaded MV6568_05_Sealed_Units.jpg to train/Sealed_Units/ and all_by_ticket/MV6568/ using Direct Image Src
Uploaded MV6568_03_Ac_Coil.jpg to val/Ac_Coil/ and all_by_ticket/MV6568/ using Direct Image Src
Uploaded MV6568_02_Cast_Aluminum.jpg to train/Cast_Aluminum/ and all_by_ticket/MV6568/ using Direct Image Src
Uploaded MV6568_08_Low_Grade_Insulated_Wire.jpg to test/Low_Grade_Insulated_Wire/ and all_by_ticket/MV6568/ using Direct Image Src
Uploaded 8 image(s) for MV6568
Opening ticket MV6566...
Downloading images for MV6566...
Waiting for ticket detail for MV6566...
Found 8 ticket item card(s).
Uploaded MV6566_02_2_Copper.jpg to train/2_Copper/ and all_by_ticket/MV6566/ using Direct Image Src
Uploaded MV6566_07_Cast_Aluminum.jpg to train/Cast_Aluminum/ and all_by_ticket/MV6566/ using Direct Image Src
Uploaded MV6566_01_Sheet_Iron.jpg to train/Sheet_Iron/ and all_by_ticket/MV6566/ using Direct Image Src
Uploaded MV6566_06_Unclean_Extrusion.jpg to train/Unclean_Extrusion/ and all_by_ticket/MV6566/ using Direct Image Src
Uploaded MV6566_05_Sheet_Aluminum.jpg to train/Sheet_Aluminum/ and all_by_ticket/MV6566/ using Direct Image Src
Uploaded MV6566_08_Aluminum_Rim_Clean.jpg to train/Aluminum_Rim_Clean/ and all_by_ticket/MV6566/ using Direct Image Src
Uploaded MV6566_04_Cast_Aluminum.jpg to train/Cast_Aluminum/ and all_by_ticket/MV6566/ using Direct Image Src
Uploaded MV6566_03_2_Insulated_Wire.jpg to train/2_Insulated_Wire/ and all_by_ticket/MV6566/ using Direct Image Src
Uploaded 8 image(s) for MV6566
Opening ticket MV6565...
Downloading images for MV6565...
Waiting for ticket detail for MV6565...
Found 4 ticket item card(s).
Uploaded MV6565_02_BareBright.jpg to train/BareBright/ and all_by_ticket/MV6565/ using Direct Image Src
Uploaded MV6565_03_2_Copper.jpg to test/2_Copper/ and all_by_ticket/MV6565/ using Direct Image Src
Uploaded MV6565_01_Extrusion.jpg to train/Extrusion/ and all_by_ticket/MV6565/ using Direct Image Src
Uploaded MV6565_04_2_Insulated_Wire.jpg to train/2_Insulated_Wire/ and all_by_ticket/MV6565/ using Direct Image Src
Uploaded 4 image(s) for MV6565
Opening ticket MV6564...
Downloading images for MV6564...
Waiting for ticket detail for MV6564...
Found 1 ticket item card(s).
Uploaded MV6564_01_Extrusion.jpg to train/Extrusion/ and all_by_ticket/MV6564/ using Direct Image Src
Uploaded 1 image(s) for MV6564
Opening ticket MV6561...
Downloading images for MV6561...
Waiting for ticket detail for MV6561...
Found 1 ticket item card(s).
Uploaded MV6561_01_Sheet_Iron.jpg to val/Sheet_Iron/ and all_by_ticket/MV6561/ using Direct Image Src
Uploaded 1 image(s) for MV6561
Opening ticket MV6560...
Downloading images for MV6560...
Waiting for ticket detail for MV6560...
Found 1 ticket item card(s).
No direct full-size image URL found for MV6560 item 1 (Test).
Skipping ticket MV6560: no usable image tasks found.
Uploaded 0 image(s) for MV6560
Opening ticket MV6559...
Downloading images for MV6559...
Waiting for ticket detail for MV6559...
Found 3 ticket item card(s).
Uploaded MV6559_03_Sheet_Iron.jpg to train/Sheet_Iron/ and all_by_ticket/MV6559/ using Direct Image Src
Uploaded MV6559_01_Sheet_Iron.jpg to train/Sheet_Iron/ and all_by_ticket/MV6559/ using Direct Image Src
Uploaded MV6559_02_Extrusion.jpg to val/Extrusion/ and all_by_ticket/MV6559/ using Direct Image Src
Uploaded 3 image(s) for MV6559
Pagination before click: 11 - 20 of 300
Pagination after click: 21 - 30 of 300

Processing results page 3...
Scraping ticket numbers from current page...
Waiting for search results...
Skipping ticket MV6578 due to status: CANCEL
Skipping ticket MV6569 due to status: VOID
Found 8 ticket(s) on this page after status filtering: ['MV6577', 'MV6576', 'MV6575', 'MV6574', 'MV6573', 'MV6572', 'MV6571', 'MV6570']
Opening ticket MV6577...
Downloading images for MV6577...
Waiting for ticket detail for MV6577...
Found 1 ticket item card(s).
Uploaded MV6577_01_BareBright.jpg to train/BareBright/ and all_by_ticket/MV6577/ using Direct Image Src
Uploaded 1 image(s) for MV6577
Opening ticket MV6576...
Downloading images for MV6576...
Waiting for ticket detail for MV6576...
Found 2 ticket item card(s).
Uploaded MV6576_02_Electric_Motor.jpg to train/Electric_Motor/ and all_by_ticket/MV6576/ using Direct Image Src
Uploaded MV6576_01_Irony_Aluminum_Radiators.jpg to train/Irony_Aluminum_Radiators/ and all_by_ticket/MV6576/ using Direct Image Src
Uploaded 2 image(s) for MV6576
Opening ticket MV6575...
Downloading images for MV6575...
Waiting for ticket detail for MV6575...
Found 12 ticket item card(s).
Uploaded MV6575_02_Hard_Drive.jpg to train/Hard_Drive/ and all_by_ticket/MV6575/ using Direct Image Src
Uploaded MV6575_03_Cast_Aluminum.jpg to test/Cast_Aluminum/ and all_by_ticket/MV6575/ using Direct Image Src
Uploaded MV6575_01_2_Insulated_Wire.jpg to train/2_Insulated_Wire/ and all_by_ticket/MV6575/ using Direct Image Src
Uploaded MV6575_10_Electric_Motor.jpg to test/Electric_Motor/ and all_by_ticket/MV6575/ using Direct Image Src
Uploaded MV6575_09_Circuit_Board_Low_Grade.jpg to train/Circuit_Board_Low_Grade/ and all_by_ticket/MV6575/ using Direct Image Src
Uploaded MV6575_11_Irony_Aluminum.jpg to train/Irony_Aluminum/ and all_by_ticket/MV6575/ using Direct Image Src
Uploaded MV6575_12_Sheet_Iron.jpg to train/Sheet_Iron/ and all_by_ticket/MV6575/ using Direct Image Src
Uploaded MV6575_07_Misc_Electronic_Scrap.jpg to train/Misc_Electronic_Scrap/ and all_by_ticket/MV6575/ using Direct Image Src
Uploaded MV6575_04_Low_Grade_Insulated_Wire.jpg to train/Low_Grade_Insulated_Wire/ and all_by_ticket/MV6575/ using Direct Image Src
Uploaded MV6575_08_Sheet_Iron.jpg to train/Sheet_Iron/ and all_by_ticket/MV6575/ using Direct Image Src
Uploaded MV6575_05_Complete_PC.jpg to train/Complete_PC/ and all_by_ticket/MV6575/ using Direct Image Src
Uploaded MV6575_06_Irony_Aluminum.jpg to test/Irony_Aluminum/ and all_by_ticket/MV6575/ using Direct Image Src
Uploaded 12 image(s) for MV6575
Opening ticket MV6574...
Downloading images for MV6574...
Waiting for ticket detail for MV6574...
Found 3 ticket item card(s).
Uploaded MV6574_03_Yellow_Brass_Clean.jpg to train/Yellow_Brass_Clean/ and all_by_ticket/MV6574/ using Direct Image Src
Uploaded MV6574_01_2_Copper.jpg to train/2_Copper/ and all_by_ticket/MV6574/ using Direct Image Src
Uploaded MV6574_02_2_Insulated_Wire.jpg to train/2_Insulated_Wire/ and all_by_ticket/MV6574/ using Direct Image Src
Uploaded 3 image(s) for MV6574
Opening ticket MV6573...
Downloading images for MV6573...
Waiting for ticket detail for MV6573...
Found 4 ticket item card(s).
Uploaded MV6573_04_Aluminum_Cans.jpg to val/Aluminum_Cans/ and all_by_ticket/MV6573/ using Direct Image Src
Uploaded MV6573_03_Low_Grade_Insulated_Wire.jpg to train/Low_Grade_Insulated_Wire/ and all_by_ticket/MV6573/ using Direct Image Src
Uploaded MV6573_01_Sheet_Iron.jpg to train/Sheet_Iron/ and all_by_ticket/MV6573/ using Direct Image Src
Uploaded MV6573_02_Gutters_Siding.jpg to val/Gutters_Siding/ and all_by_ticket/MV6573/ using Direct Image Src
Uploaded 4 image(s) for MV6573
Opening ticket MV6572...
Downloading images for MV6572...
Waiting for ticket detail for MV6572...
Found 1 ticket item card(s).
Uploaded MV6572_01_Aluminum_Rim_Clean.jpg to train/Aluminum_Rim_Clean/ and all_by_ticket/MV6572/ using Direct Image Src
Uploaded 1 image(s) for MV6572
Opening ticket MV6571...
Downloading images for MV6571...
Waiting for ticket detail for MV6571...
Found 1 ticket item card(s).
No direct full-size image URL found for MV6571 item 1 (Test).
Skipping ticket MV6571: no usable image tasks found.
Uploaded 0 image(s) for MV6571
Opening ticket MV6570...
Downloading images for MV6570...
Waiting for ticket detail for MV6570...
Found 2 ticket item card(s).
Uploaded MV6570_02_Unclean_Extrusion.jpg to train/Unclean_Extrusion/ and all_by_ticket/MV6570/ using Direct Image Src
Uploaded MV6570_01_Aluminum_Rim_Clean.jpg to train/Aluminum_Rim_Clean/ and all_by_ticket/MV6570/ using Direct Image Src
Uploaded 2 image(s) for MV6570
Pagination before click: 21 - 30 of 300
Pagination after click: 31 - 40 of 300

Processing results page 4...
Scraping ticket numbers from current page...
Waiting for search results...
Skipping ticket MV6581 due to status: CANCEL
Found 9 ticket(s) on this page after status filtering: ['MV6588', 'MV6587', 'MV6586', 'MV6585', 'MV6584', 'MV6583', 'MV6582', 'MV6580', 'MV6579']
Opening ticket MV6588...
Downloading images for MV6588...
Waiting for ticket detail for MV6588...
Found 1 ticket item card(s).
Uploaded MV6588_01_Sheet_Iron.jpg to train/Sheet_Iron/ and all_by_ticket/MV6588/ using Direct Image Src
Uploaded 1 image(s) for MV6588
Opening ticket MV6587...
Downloading images for MV6587...
Waiting for ticket detail for MV6587...
Found 17 ticket item card(s).
Uploaded MV6587_01_1_Insulated_Wire.jpg to train/1_Insulated_Wire/ and all_by_ticket/MV6587/ using Direct Image Src
Uploaded MV6587_02_Ballast.jpg to train/Ballast/ and all_by_ticket/MV6587/ using Direct Image Src
Uploaded MV6587_09_2_Insulated_Wire.jpg to train/2_Insulated_Wire/ and all_by_ticket/MV6587/ using Direct Image Src
Uploaded MV6587_10_Aluminum_Wire_Clean_No_Insulation.jpg to train/Aluminum_Wire_Clean_No_Insulation/ and all_by_ticket/MV6587/ using Direct Image Src
Uploaded MV6587_11_Cast_Aluminum.jpg to train/Cast_Aluminum/ and all_by_ticket/MV6587/ using Direct Image Src
Uploaded MV6587_12_Extrusion.jpg to train/Extrusion/ and all_by_ticket/MV6587/ using Direct Image Src
Uploaded MV6587_03_Yellow_Brass_Clean.jpg to test/Yellow_Brass_Clean/ and all_by_ticket/MV6587/ using Direct Image Src
Uploaded MV6587_08_2_Insulated_Wire.jpg to train/2_Insulated_Wire/ and all_by_ticket/MV6587/ using Direct Image Src
Uploaded MV6587_04_BareBright.jpg to test/BareBright/ and all_by_ticket/MV6587/ using Direct Image Src
Uploaded MV6587_06_2_Copper.jpg to train/2_Copper/ and all_by_ticket/MV6587/ using Direct Image Src
Uploaded MV6587_07_2_Copper.jpg to train/2_Copper/ and all_by_ticket/MV6587/ using Direct Image Src
Uploaded MV6587_05_BareBright.jpg to train/BareBright/ and all_by_ticket/MV6587/ using Direct Image Src
Uploaded MV6587_13_Sheet_Aluminum.jpg to val/Sheet_Aluminum/ and all_by_ticket/MV6587/ using Direct Image Src
Uploaded MV6587_14_Cast_Aluminum.jpg to train/Cast_Aluminum/ and all_by_ticket/MV6587/ using Direct Image Src
Uploaded MV6587_16_Aluminum_Cans.jpg to train/Aluminum_Cans/ and all_by_ticket/MV6587/ using Direct Image Src
Uploaded MV6587_15_Unclean_Extrusion.jpg to train/Unclean_Extrusion/ and all_by_ticket/MV6587/ using Direct Image Src
Uploaded MV6587_17_Irony_Aluminum.jpg to train/Irony_Aluminum/ and all_by_ticket/MV6587/ using Direct Image Src
Uploaded 17 image(s) for MV6587
Opening ticket MV6586...
Downloading images for MV6586...
Waiting for ticket detail for MV6586...
Found 1 ticket item card(s).
Uploaded MV6586_01_Sheet_Iron.jpg to test/Sheet_Iron/ and all_by_ticket/MV6586/ using Direct Image Src
Uploaded 1 image(s) for MV6586
Opening ticket MV6585...
Downloading images for MV6585...
Waiting for ticket detail for MV6585...
Found 1 ticket item card(s).
Uploaded MV6585_01_Auto_Batteries.jpg to val/Auto_Batteries/ and all_by_ticket/MV6585/ using Direct Image Src
Uploaded 1 image(s) for MV6585
Opening ticket MV6584...
Downloading images for MV6584...
Waiting for ticket detail for MV6584...
Found 1 ticket item card(s).
Uploaded MV6584_01_Sheet_Aluminum.jpg to train/Sheet_Aluminum/ and all_by_ticket/MV6584/ using Direct Image Src
Uploaded 1 image(s) for MV6584
Opening ticket MV6583...
Downloading images for MV6583...
Waiting for ticket detail for MV6583...
Found 2 ticket item card(s).
Uploaded MV6583_01_Aluminum_Cans.jpg to train/Aluminum_Cans/ and all_by_ticket/MV6583/ using Direct Image Src
Uploaded MV6583_02_Gutters_Siding.jpg to train/Gutters_Siding/ and all_by_ticket/MV6583/ using Direct Image Src
Uploaded 2 image(s) for MV6583
Opening ticket MV6582...
Downloading images for MV6582...
Waiting for ticket detail for MV6582...
Found 9 ticket item card(s).
Uploaded MV6582_05_Low_Grade_Insulated_Wire.jpg to train/Low_Grade_Insulated_Wire/ and all_by_ticket/MV6582/ using Direct Image Src
Uploaded MV6582_02_Irony_Aluminum.jpg to train/Irony_Aluminum/ and all_by_ticket/MV6582/ using Direct Image Src
Uploaded MV6582_01_Aluminum_Cans.jpg to test/Aluminum_Cans/ and all_by_ticket/MV6582/ using Direct Image Src
Uploaded MV6582_04_Sheet_Iron.jpg to train/Sheet_Iron/ and all_by_ticket/MV6582/ using Direct Image Src
Uploaded MV6582_03_Sheet_Aluminum.jpg to train/Sheet_Aluminum/ and all_by_ticket/MV6582/ using Direct Image Src
Uploaded MV6582_08_2_Copper.jpg to val/2_Copper/ and all_by_ticket/MV6582/ using Direct Image Src
Uploaded MV6582_07_Electric_Motor.jpg to train/Electric_Motor/ and all_by_ticket/MV6582/ using Direct Image Src
Uploaded MV6582_06_Sheet_Iron.jpg to train/Sheet_Iron/ and all_by_ticket/MV6582/ using Direct Image Src
Uploaded MV6582_09_Dirty_Brass.jpg to train/Dirty_Brass/ and all_by_ticket/MV6582/ using Direct Image Src
Uploaded 9 image(s) for MV6582
Opening ticket MV6580...
Downloading images for MV6580...
Waiting for ticket detail for MV6580...
Found 1 ticket item card(s).
Uploaded MV6580_01_Sheet_Iron.jpg to test/Sheet_Iron/ and all_by_ticket/MV6580/ using Direct Image Src
Uploaded 1 image(s) for MV6580
Opening ticket MV6579...
Downloading images for MV6579...
Waiting for ticket detail for MV6579...
Found 8 ticket item card(s).
Uploaded MV6579_04_2_Copper.jpg to train/2_Copper/ and all_by_ticket/MV6579/ using Direct Image Src
Uploaded MV6579_01_Sheet_Iron.jpg to train/Sheet_Iron/ and all_by_ticket/MV6579/ using Direct Image Src
Uploaded MV6579_05_Dirty_Brass.jpg to val/Dirty_Brass/ and all_by_ticket/MV6579/ using Direct Image Src
Uploaded MV6579_02_Irony_SS.jpg to train/Irony_SS/ and all_by_ticket/MV6579/ using Direct Image Src
Uploaded MV6579_03_Sheet_Iron.jpg to train/Sheet_Iron/ and all_by_ticket/MV6579/ using Direct Image Src
Uploaded MV6579_06_Aluminum_Cans.jpg to train/Aluminum_Cans/ and all_by_ticket/MV6579/ using Direct Image Src
Uploaded MV6579_07_Gutters_Siding.jpg to train/Gutters_Siding/ and all_by_ticket/MV6579/ using Direct Image Src
Uploaded MV6579_08_Extrusion.jpg to train/Extrusion/ and all_by_ticket/MV6579/ using Direct Image Src
Uploaded 8 image(s) for MV6579
Pagination before click: 31 - 40 of 300
Pagination after click: 41 - 50 of 300

Processing results page 5...
Scraping ticket numbers from current page...
Waiting for search results...
Found 10 ticket(s) on this page after status filtering: ['MV6598', 'MV6597', 'MV6596', 'MV6595', 'MV6594', 'MV6593', 'MV6592', 'MV6591', 'MV6590', 'MV6589']
Opening ticket MV6598...
Downloading images for MV6598...
Waiting for ticket detail for MV6598...
Found 2 ticket item card(s).
Uploaded MV6598_02_2_Copper.jpg to val/2_Copper/ and all_by_ticket/MV6598/ using Direct Image Src
Uploaded MV6598_01_1_Insulated_Wire.jpg to test/1_Insulated_Wire/ and all_by_ticket/MV6598/ using Direct Image Src
Uploaded 2 image(s) for MV6598
Opening ticket MV6597...
Downloading images for MV6597...
Waiting for ticket detail for MV6597...
Found 2 ticket item card(s).
Uploaded MV6597_01_Catalytic_Converters.jpg to train/Catalytic_Converters/ and all_by_ticket/MV6597/ using Direct Image Src
Uploaded MV6597_02_2_Copper.jpg to train/2_Copper/ and all_by_ticket/MV6597/ using Direct Image Src
Uploaded 2 image(s) for MV6597
Opening ticket MV6596...
Downloading images for MV6596...
Waiting for ticket detail for MV6596...
Found 14 ticket item card(s).
Uploaded MV6596_03_BareBright.jpg to train/BareBright/ and all_by_ticket/MV6596/ using Direct Image Src
Uploaded MV6596_02_Dirty_Brass.jpg to val/Dirty_Brass/ and all_by_ticket/MV6596/ using Direct Image Src
Uploaded MV6596_04_Low_Grade_Insulated_Wire.jpg to train/Low_Grade_Insulated_Wire/ and all_by_ticket/MV6596/ using Direct Image Src
Uploaded MV6596_01_Sheet_Iron.jpg to train/Sheet_Iron/ and all_by_ticket/MV6596/ using Direct Image Src
Uploaded MV6596_06_Circuit_Board_Mid_Grade.jpg to train/Circuit_Board_Mid_Grade/ and all_by_ticket/MV6596/ using Direct Image Src
Uploaded MV6596_08_Cast_Aluminum.jpg to train/Cast_Aluminum/ and all_by_ticket/MV6596/ using Direct Image Src
Uploaded MV6596_07_Circuit_Board_Low_Grade.jpg to train/Circuit_Board_Low_Grade/ and all_by_ticket/MV6596/ using Direct Image Src
Uploaded MV6596_05_Cat_56.jpg to train/Cat_56/ and all_by_ticket/MV6596/ using Direct Image Src
Uploaded MV6596_14_Irony_SS.jpg to test/Irony_SS/ and all_by_ticket/MV6596/ using Direct Image Src
Uploaded MV6596_09_Transformer.jpg to test/Transformer/ and all_by_ticket/MV6596/ using Direct Image Src
Uploaded MV6596_12_Cast_Aluminum.jpg to train/Cast_Aluminum/ and all_by_ticket/MV6596/ using Direct Image Src
Uploaded MV6596_10_Low_Grade_Insulated_Wire.jpg to train/Low_Grade_Insulated_Wire/ and all_by_ticket/MV6596/ using Direct Image Src
Uploaded MV6596_13_Sheet_Iron.jpg to train/Sheet_Iron/ and all_by_ticket/MV6596/ using Direct Image Src
Uploaded MV6596_11_Sheet_Iron.jpg to val/Sheet_Iron/ and all_by_ticket/MV6596/ using Direct Image Src
Uploaded 14 image(s) for MV6596
Opening ticket MV6595...
Downloading images for MV6595...
Waiting for ticket detail for MV6595...
Found 2 ticket item card(s).
Uploaded MV6595_02_Irony_Aluminum.jpg to val/Irony_Aluminum/ and all_by_ticket/MV6595/ using Direct Image Src
Uploaded MV6595_01_Sheet_Iron.jpg to train/Sheet_Iron/ and all_by_ticket/MV6595/ using Direct Image Src
Uploaded 2 image(s) for MV6595
Opening ticket MV6594...
Downloading images for MV6594...
Waiting for ticket detail for MV6594...
Found 5 ticket item card(s).
Uploaded MV6594_01_Sheet_Iron.jpg to train/Sheet_Iron/ and all_by_ticket/MV6594/ using Direct Image Src
Uploaded MV6594_05_1_Insulated_Wire.jpg to val/1_Insulated_Wire/ and all_by_ticket/MV6594/ using Direct Image Src
Uploaded MV6594_03_2_Copper.jpg to test/2_Copper/ and all_by_ticket/MV6594/ using Direct Image Src
Uploaded MV6594_02_Yellow_Brass_Clean.jpg to val/Yellow_Brass_Clean/ and all_by_ticket/MV6594/ using Direct Image Src
Uploaded MV6594_04_2_Insulated_Wire.jpg to train/2_Insulated_Wire/ and all_by_ticket/MV6594/ using Direct Image Src
Uploaded 5 image(s) for MV6594
Opening ticket MV6593...
Downloading images for MV6593...
Waiting for ticket detail for MV6593...
Found 2 ticket item card(s).
Uploaded MV6593_02_2_Copper.jpg to train/2_Copper/ and all_by_ticket/MV6593/ using Direct Image Src
Uploaded MV6593_01_BareBright.jpg to train/BareBright/ and all_by_ticket/MV6593/ using Direct Image Src
Uploaded 2 image(s) for MV6593
Opening ticket MV6592...
Downloading images for MV6592...
Waiting for ticket detail for MV6592...
Found 7 ticket item card(s).
Uploaded MV6592_04_BareBright.jpg to train/BareBright/ and all_by_ticket/MV6592/ using Direct Image Src
Uploaded MV6592_01_Cat_56.jpg to train/Cat_56/ and all_by_ticket/MV6592/ using Direct Image Src
Uploaded MV6592_07_Low_Grade_Insulated_Wire.jpg to train/Low_Grade_Insulated_Wire/ and all_by_ticket/MV6592/ using Direct Image Src
Uploaded MV6592_05_Circuit_Board_Low_Grade.jpg to train/Circuit_Board_Low_Grade/ and all_by_ticket/MV6592/ using Direct Image Src
Uploaded MV6592_02_Cast_Aluminum.jpg to test/Cast_Aluminum/ and all_by_ticket/MV6592/ using Direct Image Src
Uploaded MV6592_06_2_Insulated_Wire.jpg to test/2_Insulated_Wire/ and all_by_ticket/MV6592/ using Direct Image Src
Uploaded MV6592_03_Yellow_Brass_Clean.jpg to train/Yellow_Brass_Clean/ and all_by_ticket/MV6592/ using Direct Image Src
Uploaded 7 image(s) for MV6592
Opening ticket MV6591...
Downloading images for MV6591...
Waiting for ticket detail for MV6591...
Found 1 ticket item card(s).
Uploaded MV6591_01_Aluminum_Cans.jpg to train/Aluminum_Cans/ and all_by_ticket/MV6591/ using Direct Image Src
Uploaded 1 image(s) for MV6591
Opening ticket MV6590...
Downloading images for MV6590...
Waiting for ticket detail for MV6590...
Found 8 ticket item card(s).
Uploaded MV6590_02_2_Copper.jpg to val/2_Copper/ and all_by_ticket/MV6590/ using Direct Image Src
Uploaded MV6590_03_Sheet_Aluminum.jpg to test/Sheet_Aluminum/ and all_by_ticket/MV6590/ using Direct Image Src
Uploaded MV6590_01_Sheet_Iron.jpg to train/Sheet_Iron/ and all_by_ticket/MV6590/ using Direct Image Src
Uploaded MV6590_05_Dirty_Brass.jpg to train/Dirty_Brass/ and all_by_ticket/MV6590/ using Direct Image Src
Uploaded MV6590_07_Lead.jpg to train/Lead/ and all_by_ticket/MV6590/ using Direct Image Src
Uploaded MV6590_06_2_Insulated_Wire.jpg to train/2_Insulated_Wire/ and all_by_ticket/MV6590/ using Direct Image Src
Uploaded MV6590_04_Yellow_Brass_Clean.jpg to val/Yellow_Brass_Clean/ and all_by_ticket/MV6590/ using Direct Image Src
Uploaded MV6590_08_Sheet_Iron.jpg to train/Sheet_Iron/ and all_by_ticket/MV6590/ using Direct Image Src
Uploaded 8 image(s) for MV6590
Opening ticket MV6589...
Downloading images for MV6589...
Waiting for ticket detail for MV6589...
Found 1 ticket item card(s).
Uploaded MV6589_01_Sheet_Aluminum.jpg to test/Sheet_Aluminum/ and all_by_ticket/MV6589/ using Direct Image Src
Uploaded 1 image(s) for MV6589
Pagination before click: 41 - 50 of 300
Pagination after click: 51 - 60 of 300

Processing results page 6...
Scraping ticket numbers from current page...
Waiting for search results...
Found 10 ticket(s) on this page after status filtering: ['MV6608', 'MV6607', 'MV6606', 'MV6605', 'MV6604', 'MV6603', 'MV6602', 'MV6601', 'MV6600', 'MV6599']
Opening ticket MV6608...
Downloading images for MV6608...
Waiting for ticket detail for MV6608...
Found 9 ticket item card(s).
Uploaded MV6608_01_Circuit_Board_Low_Grade.jpg to train/Circuit_Board_Low_Grade/ and all_by_ticket/MV6608/ using Direct Image Src
Uploaded MV6608_05_Sheet_Iron.jpg to train/Sheet_Iron/ and all_by_ticket/MV6608/ using Direct Image Src
Uploaded MV6608_02_Circuit_Board_Mid_Grade.jpg to train/Circuit_Board_Mid_Grade/ and all_by_ticket/MV6608/ using Direct Image Src
Uploaded MV6608_03_Circuit_Board_Mid_Grade.jpg to test/Circuit_Board_Mid_Grade/ and all_by_ticket/MV6608/ using Direct Image Src
Uploaded MV6608_04_Sheet_Iron.jpg to train/Sheet_Iron/ and all_by_ticket/MV6608/ using Direct Image Src
Uploaded MV6608_08_Circuit_Board_Low_Grade.jpg to train/Circuit_Board_Low_Grade/ and all_by_ticket/MV6608/ using Direct Image Src
Uploaded MV6608_06_Sheet_Iron.jpg to train/Sheet_Iron/ and all_by_ticket/MV6608/ using Direct Image Src
Uploaded MV6608_07_Circuit_Board_Low_Grade.jpg to test/Circuit_Board_Low_Grade/ and all_by_ticket/MV6608/ using Direct Image Src
Uploaded MV6608_09_Circuit_Board_Low_Grade.jpg to val/Circuit_Board_Low_Grade/ and all_by_ticket/MV6608/ using Direct Image Src
Uploaded 9 image(s) for MV6608
Opening ticket MV6607...
Downloading images for MV6607...
Waiting for ticket detail for MV6607...
Found 1 ticket item card(s).
Uploaded MV6607_01_Aluminum_Cans.jpg to train/Aluminum_Cans/ and all_by_ticket/MV6607/ using Direct Image Src
Uploaded 1 image(s) for MV6607
Opening ticket MV6606...
Downloading images for MV6606...
Waiting for ticket detail for MV6606...
Found 3 ticket item card(s).
Uploaded MV6606_01_Sheet_Iron.jpg to train/Sheet_Iron/ and all_by_ticket/MV6606/ using Direct Image Src
Uploaded MV6606_03_2_Copper.jpg to test/2_Copper/ and all_by_ticket/MV6606/ using Direct Image Src
Uploaded MV6606_02_AluminumCopper_Radiator.jpg to train/AluminumCopper_Radiator/ and all_by_ticket/MV6606/ using Direct Image Src
Uploaded 3 image(s) for MV6606
Opening ticket MV6605...
Downloading images for MV6605...
Waiting for ticket detail for MV6605...
Found 1 ticket item card(s).
Uploaded MV6605_01_Sheet_Iron.jpg to train/Sheet_Iron/ and all_by_ticket/MV6605/ using Direct Image Src
Uploaded 1 image(s) for MV6605
Opening ticket MV6604...
Downloading images for MV6604...
Waiting for ticket detail for MV6604...
Found 1 ticket item card(s).
No direct full-size image URL found for MV6604 item 1 (Test).
Skipping ticket MV6604: no usable image tasks found.
Uploaded 0 image(s) for MV6604
Opening ticket MV6603...
Downloading images for MV6603...
Waiting for ticket detail for MV6603...
Found 10 ticket item card(s).
Uploaded MV6603_04_Dirty_Brass.jpg to train/Dirty_Brass/ and all_by_ticket/MV6603/ using Direct Image Src
Uploaded MV6603_01_AluminumCopper_Radiator.jpg to train/AluminumCopper_Radiator/ and all_by_ticket/MV6603/ using Direct Image Src
Uploaded MV6603_05_Dirty_Brass.jpg to train/Dirty_Brass/ and all_by_ticket/MV6603/ using Direct Image Src
Uploaded MV6603_03_Christmas_Lights.jpg to train/Christmas_Lights/ and all_by_ticket/MV6603/ using Direct Image Src
Uploaded MV6603_02_Aluminum_Wire_Insulated.jpg to train/Aluminum_Wire_Insulated/ and all_by_ticket/MV6603/ using Direct Image Src
Uploaded MV6603_08_Electric_Motor.jpg to train/Electric_Motor/ and all_by_ticket/MV6603/ using Direct Image Src
Uploaded MV6603_06_2_Insulated_Wire.jpg to train/2_Insulated_Wire/ and all_by_ticket/MV6603/ using Direct Image Src
Uploaded MV6603_07_Cat_56.jpg to train/Cat_56/ and all_by_ticket/MV6603/ using Direct Image Src
Uploaded MV6603_09_2_Copper.jpg to train/2_Copper/ and all_by_ticket/MV6603/ using Direct Image Src
Uploaded MV6603_10_BareBright.jpg to train/BareBright/ and all_by_ticket/MV6603/ using Direct Image Src
Uploaded 10 image(s) for MV6603
Opening ticket MV6602...
Downloading images for MV6602...
Waiting for ticket detail for MV6602...
Found 1 ticket item card(s).
Uploaded MV6602_01_2_Copper.jpg to train/2_Copper/ and all_by_ticket/MV6602/ using Direct Image Src
Uploaded 1 image(s) for MV6602
Opening ticket MV6601...
Downloading images for MV6601...
Waiting for ticket detail for MV6601...
Found 10 ticket item card(s).
Uploaded MV6601_02_BareBright.jpg to train/BareBright/ and all_by_ticket/MV6601/ using Direct Image Src
Uploaded MV6601_05_Circuit_Board_Low_Grade.jpg to train/Circuit_Board_Low_Grade/ and all_by_ticket/MV6601/ using Direct Image Src
Uploaded MV6601_03_2_Insulated_Wire.jpg to train/2_Insulated_Wire/ and all_by_ticket/MV6601/ using Direct Image Src
Uploaded MV6601_07_Auto_Batteries.jpg to train/Auto_Batteries/ and all_by_ticket/MV6601/ using Direct Image Src
Uploaded MV6601_04_Sheet_Iron.jpg to train/Sheet_Iron/ and all_by_ticket/MV6601/ using Direct Image Src
Uploaded MV6601_08_Electric_Motor.jpg to train/Electric_Motor/ and all_by_ticket/MV6601/ using Direct Image Src
Uploaded MV6601_01_Electric_Motor.jpg to train/Electric_Motor/ and all_by_ticket/MV6601/ using Direct Image Src
Uploaded MV6601_06_Cast_Aluminum.jpg to train/Cast_Aluminum/ and all_by_ticket/MV6601/ using Direct Image Src
Uploaded MV6601_09_Gutters_Siding.jpg to train/Gutters_Siding/ and all_by_ticket/MV6601/ using Direct Image Src
Uploaded MV6601_10_Sheet_Iron.jpg to test/Sheet_Iron/ and all_by_ticket/MV6601/ using Direct Image Src
Uploaded 10 image(s) for MV6601
Opening ticket MV6600...
Downloading images for MV6600...
Waiting for ticket detail for MV6600...
Found 4 ticket item card(s).
Uploaded MV6600_02_Aluminum_Radiator.jpg to train/Aluminum_Radiator/ and all_by_ticket/MV6600/ using Direct Image Src
Uploaded MV6600_01_BareBright.jpg to train/BareBright/ and all_by_ticket/MV6600/ using Direct Image Src
Uploaded MV6600_04_Dirty_Brass.jpg to train/Dirty_Brass/ and all_by_ticket/MV6600/ using Direct Image Src
Uploaded MV6600_03_Extrusion.jpg to train/Extrusion/ and all_by_ticket/MV6600/ using Direct Image Src
Uploaded 4 image(s) for MV6600
Opening ticket MV6599...
Downloading images for MV6599...
Waiting for ticket detail for MV6599...
Found 2 ticket item card(s).
Uploaded MV6599_01_1_Insulated_Wire.jpg to test/1_Insulated_Wire/ and all_by_ticket/MV6599/ using Direct Image Src
Uploaded MV6599_02_BareBright.jpg to train/BareBright/ and all_by_ticket/MV6599/ using Direct Image Src
Uploaded 2 image(s) for MV6599
Pagination before click: 51 - 60 of 300
Pagination after click: 61 - 70 of 300

Processing results page 7...
Scraping ticket numbers from current page...
Waiting for search results...
Skipping ticket MV6618 due to status: CANCEL
Skipping ticket MV6617 due to status: CANCEL
Found 8 ticket(s) on this page after status filtering: ['MV6616', 'MV6615', 'MV6614', 'MV6613', 'MV6612', 'MV6611', 'MV6610', 'MV6609']
Opening ticket MV6616...
Downloading images for MV6616...
Waiting for ticket detail for MV6616...
Found 20 ticket item card(s).
Uploaded MV6616_04_Misc_Electronic_Scrap.jpg to train/Misc_Electronic_Scrap/ and all_by_ticket/MV6616/ using Direct Image Src
Uploaded MV6616_01_Low_Grade_Insulated_Wire.jpg to train/Low_Grade_Insulated_Wire/ and all_by_ticket/MV6616/ using Direct Image Src
Uploaded MV6616_03_Misc_Electronic_Scrap.jpg to train/Misc_Electronic_Scrap/ and all_by_ticket/MV6616/ using Direct Image Src
Uploaded MV6616_05_Misc_Electronic_Scrap.jpg to train/Misc_Electronic_Scrap/ and all_by_ticket/MV6616/ using Direct Image Src
Uploaded MV6616_02_Misc_Electronic_Scrap.jpg to train/Misc_Electronic_Scrap/ and all_by_ticket/MV6616/ using Direct Image Src
Uploaded MV6616_07_Misc_Electronic_Scrap.jpg to val/Misc_Electronic_Scrap/ and all_by_ticket/MV6616/ using Direct Image Src
Uploaded MV6616_06_Misc_Electronic_Scrap.jpg to train/Misc_Electronic_Scrap/ and all_by_ticket/MV6616/ using Direct Image Src
Uploaded MV6616_08_Misc_Electronic_Scrap.jpg to train/Misc_Electronic_Scrap/ and all_by_ticket/MV6616/ using Direct Image Src
Uploaded MV6616_13_Misc_Electronic_Scrap.jpg to test/Misc_Electronic_Scrap/ and all_by_ticket/MV6616/ using Direct Image Src
Uploaded MV6616_09_Misc_Electronic_Scrap.jpg to train/Misc_Electronic_Scrap/ and all_by_ticket/MV6616/ using Direct Image Src
Uploaded MV6616_12_Cardboard.jpg to train/Cardboard/ and all_by_ticket/MV6616/ using Direct Image Src
Uploaded MV6616_10_Misc_Electronic_Scrap.jpg to train/Misc_Electronic_Scrap/ and all_by_ticket/MV6616/ using Direct Image Src
Uploaded MV6616_14_Misc_Electronic_Scrap.jpg to test/Misc_Electronic_Scrap/ and all_by_ticket/MV6616/ using Direct Image Src
Uploaded MV6616_15_Misc_Electronic_Scrap.jpg to train/Misc_Electronic_Scrap/ and all_by_ticket/MV6616/ using Direct Image Src
Uploaded MV6616_11_Misc_Electronic_Scrap.jpg to train/Misc_Electronic_Scrap/ and all_by_ticket/MV6616/ using Direct Image Src
Uploaded MV6616_16_Misc_Electronic_Scrap.jpg to train/Misc_Electronic_Scrap/ and all_by_ticket/MV6616/ using Direct Image Src
Uploaded MV6616_17_Misc_Electronic_Scrap.jpg to train/Misc_Electronic_Scrap/ and all_by_ticket/MV6616/ using Direct Image Src
Uploaded MV6616_19_Misc_Electronic_Scrap.jpg to train/Misc_Electronic_Scrap/ and all_by_ticket/MV6616/ using Direct Image Src
Uploaded MV6616_18_Misc_Electronic_Scrap.jpg to train/Misc_Electronic_Scrap/ and all_by_ticket/MV6616/ using Direct Image Src
Uploaded MV6616_20_Misc_Electronic_Scrap.jpg to val/Misc_Electronic_Scrap/ and all_by_ticket/MV6616/ using Direct Image Src
Uploaded 20 image(s) for MV6616
Opening ticket MV6615...
Downloading images for MV6615...
Waiting for ticket detail for MV6615...
Found 6 ticket item card(s).
Uploaded MV6615_02_BareBright.jpg to test/BareBright/ and all_by_ticket/MV6615/ using Direct Image Src
Uploaded MV6615_03_1_Copper.jpg to train/1_Copper/ and all_by_ticket/MV6615/ using Direct Image Src
Uploaded MV6615_05_Low_Grade_Insulated_Wire.jpg to train/Low_Grade_Insulated_Wire/ and all_by_ticket/MV6615/ using Direct Image Src
Uploaded MV6615_04_2_Copper.jpg to test/2_Copper/ and all_by_ticket/MV6615/ using Direct Image Src
Uploaded MV6615_01_2_Copper.jpg to train/2_Copper/ and all_by_ticket/MV6615/ using Direct Image Src
Uploaded MV6615_06_Irony_Aluminum.jpg to train/Irony_Aluminum/ and all_by_ticket/MV6615/ using Direct Image Src
Uploaded 6 image(s) for MV6615
Opening ticket MV6614...
Downloading images for MV6614...
Waiting for ticket detail for MV6614...
Found 1 ticket item card(s).
Uploaded MV6614_01_Aluminum_Cans.jpg to train/Aluminum_Cans/ and all_by_ticket/MV6614/ using Direct Image Src
Uploaded 1 image(s) for MV6614
Opening ticket MV6613...
Downloading images for MV6613...
Waiting for ticket detail for MV6613...
Found 2 ticket item card(s).
Uploaded MV6613_01_Dirty_Brass.jpg to train/Dirty_Brass/ and all_by_ticket/MV6613/ using Direct Image Src
Uploaded MV6613_02_Yellow_Brass_Clean.jpg to train/Yellow_Brass_Clean/ and all_by_ticket/MV6613/ using Direct Image Src
Uploaded 2 image(s) for MV6613
Opening ticket MV6612...
Downloading images for MV6612...
Waiting for ticket detail for MV6612...
Found 9 ticket item card(s).
Uploaded MV6612_03_Cast_Aluminum.jpg to train/Cast_Aluminum/ and all_by_ticket/MV6612/ using Direct Image Src
Uploaded MV6612_01_Aluminum_Radiator.jpg to val/Aluminum_Radiator/ and all_by_ticket/MV6612/ using Direct Image Src
Uploaded MV6612_04_Unclean_Extrusion.jpg to train/Unclean_Extrusion/ and all_by_ticket/MV6612/ using Direct Image Src
Uploaded MV6612_02_Extrusion.jpg to train/Extrusion/ and all_by_ticket/MV6612/ using Direct Image Src
Uploaded MV6612_05_Low_Grade_Insulated_Wire.jpg to train/Low_Grade_Insulated_Wire/ and all_by_ticket/MV6612/ using Direct Image Src
Uploaded MV6612_08_Irony_Aluminum.jpg to train/Irony_Aluminum/ and all_by_ticket/MV6612/ using Direct Image Src
Uploaded MV6612_09_Sheet_Iron.jpg to train/Sheet_Iron/ and all_by_ticket/MV6612/ using Direct Image Src
Uploaded MV6612_07_Sheet_Iron.jpg to train/Sheet_Iron/ and all_by_ticket/MV6612/ using Direct Image Src
Uploaded MV6612_06_Extrusion.jpg to val/Extrusion/ and all_by_ticket/MV6612/ using Direct Image Src
Uploaded 9 image(s) for MV6612
Opening ticket MV6611...
Downloading images for MV6611...
Waiting for ticket detail for MV6611...
Found 10 ticket item card(s).
Uploaded MV6611_02_Irony_ACR_Radiators.jpg to train/Irony_ACR_Radiators/ and all_by_ticket/MV6611/ using Direct Image Src
Uploaded MV6611_03_Sealed_Units.jpg to train/Sealed_Units/ and all_by_ticket/MV6611/ using Direct Image Src
Uploaded MV6611_01_Sheet_Iron.jpg to train/Sheet_Iron/ and all_by_ticket/MV6611/ using Direct Image Src
Uploaded MV6611_04_2_Copper.jpg to train/2_Copper/ and all_by_ticket/MV6611/ using Direct Image Src
Uploaded MV6611_06_Gutters_Siding.jpg to train/Gutters_Siding/ and all_by_ticket/MV6611/ using Direct Image Src
Uploaded MV6611_07_Sheet_Aluminum.jpg to train/Sheet_Aluminum/ and all_by_ticket/MV6611/ using Direct Image Src
Uploaded MV6611_08_1_Insulated_Wire.jpg to train/1_Insulated_Wire/ and all_by_ticket/MV6611/ using Direct Image Src
Uploaded MV6611_05_Unclean_Extrusion.jpg to train/Unclean_Extrusion/ and all_by_ticket/MV6611/ using Direct Image Src
Uploaded MV6611_09_Compressors.jpg to train/Compressors/ and all_by_ticket/MV6611/ using Direct Image Src
Uploaded MV6611_10_Sheet_Iron.jpg to test/Sheet_Iron/ and all_by_ticket/MV6611/ using Direct Image Src
Uploaded 10 image(s) for MV6611
Opening ticket MV6610...
Downloading images for MV6610...
Waiting for ticket detail for MV6610...
Found 2 ticket item card(s).
Uploaded MV6610_02_Sheet_Iron.jpg to train/Sheet_Iron/ and all_by_ticket/MV6610/ using Direct Image Src
Uploaded MV6610_01_Sheet_Iron.jpg to train/Sheet_Iron/ and all_by_ticket/MV6610/ using Direct Image Src
Uploaded 2 image(s) for MV6610
Opening ticket MV6609...
Downloading images for MV6609...
Waiting for ticket detail for MV6609...
Found 2 ticket item card(s).
Uploaded MV6609_02_Dirty_Brass.jpg to train/Dirty_Brass/ and all_by_ticket/MV6609/ using Direct Image Src
Uploaded MV6609_01_2_Copper.jpg to val/2_Copper/ and all_by_ticket/MV6609/ using Direct Image Src
Uploaded 2 image(s) for MV6609
Pagination before click: 61 - 70 of 300
Pagination after click: 71 - 80 of 300

Processing results page 8...
Scraping ticket numbers from current page...
Waiting for search results...
Skipping ticket MV6624 due to status: VOID
Skipping ticket MV6623 due to status: VOID
Skipping ticket MV6622 due to status: VOID
Found 7 ticket(s) on this page after status filtering: ['MV6628', 'MV6627', 'MV6626', 'MV6625', 'MV6621', 'MV6620', 'MV6619']
Opening ticket MV6628...
Downloading images for MV6628...
Waiting for ticket detail for MV6628...
Found 8 ticket item card(s).
Uploaded MV6628_04_2_Insulated_Wire.jpg to train/2_Insulated_Wire/ and all_by_ticket/MV6628/ using Direct Image Src
Uploaded MV6628_03_BareBright.jpg to train/BareBright/ and all_by_ticket/MV6628/ using Direct Image Src
Uploaded MV6628_08_Aluminum_Wire_Insulated.jpg to train/Aluminum_Wire_Insulated/ and all_by_ticket/MV6628/ using Direct Image Src
Uploaded MV6628_06_1_Insulated_Wire.jpg to train/1_Insulated_Wire/ and all_by_ticket/MV6628/ using Direct Image Src
Uploaded MV6628_07_Aluminum_Wire_Insulated.jpg to train/Aluminum_Wire_Insulated/ and all_by_ticket/MV6628/ using Direct Image Src
Uploaded MV6628_05_2_Insulated_Wire.jpg to test/2_Insulated_Wire/ and all_by_ticket/MV6628/ using Direct Image Src
Uploaded MV6628_02_Extrusion.jpg to train/Extrusion/ and all_by_ticket/MV6628/ using Direct Image Src
Uploaded MV6628_01_Sheet_Iron.jpg to train/Sheet_Iron/ and all_by_ticket/MV6628/ using Direct Image Src
Uploaded 8 image(s) for MV6628
Opening ticket MV6627...
Downloading images for MV6627...
Waiting for ticket detail for MV6627...
Found 4 ticket item card(s).
Uploaded MV6627_01_Cast_Aluminum.jpg to train/Cast_Aluminum/ and all_by_ticket/MV6627/ using Direct Image Src
Uploaded MV6627_02_Aluminum_Rim_Clean.jpg to train/Aluminum_Rim_Clean/ and all_by_ticket/MV6627/ using Direct Image Src
Uploaded MV6627_03_Aluminum_Radiator.jpg to val/Aluminum_Radiator/ and all_by_ticket/MV6627/ using Direct Image Src
Uploaded MV6627_04_Sheet_Iron.jpg to train/Sheet_Iron/ and all_by_ticket/MV6627/ using Direct Image Src
Uploaded 4 image(s) for MV6627
Opening ticket MV6626...
Downloading images for MV6626...
Waiting for ticket detail for MV6626...
Found 1 ticket item card(s).
Uploaded MV6626_01_Sheet_Iron.jpg to val/Sheet_Iron/ and all_by_ticket/MV6626/ using Direct Image Src
Uploaded 1 image(s) for MV6626
Opening ticket MV6625...
Downloading images for MV6625...
Waiting for ticket detail for MV6625...
Found 2 ticket item card(s).
Uploaded MV6625_02_2_Insulated_Wire.jpg to train/2_Insulated_Wire/ and all_by_ticket/MV6625/ using Direct Image Src
Uploaded MV6625_01_2_Copper.jpg to train/2_Copper/ and all_by_ticket/MV6625/ using Direct Image Src
Uploaded 2 image(s) for MV6625
Opening ticket MV6621...
Downloading images for MV6621...
Waiting for ticket detail for MV6621...
Found 1 ticket item card(s).
Uploaded MV6621_01_Aluminum_Cans.jpg to train/Aluminum_Cans/ and all_by_ticket/MV6621/ using Direct Image Src
Uploaded 1 image(s) for MV6621
Opening ticket MV6620...
Downloading images for MV6620...
Waiting for ticket detail for MV6620...
Found 2 ticket item card(s).
Uploaded MV6620_01_Aluminum_Cans.jpg to test/Aluminum_Cans/ and all_by_ticket/MV6620/ using Direct Image Src
Uploaded MV6620_02_Aluminum_Cans.jpg to train/Aluminum_Cans/ and all_by_ticket/MV6620/ using Direct Image Src
Uploaded 2 image(s) for MV6620
Opening ticket MV6619...
Downloading images for MV6619...
Waiting for ticket detail for MV6619...
Found 1 ticket item card(s).
Uploaded MV6619_01_1_Insulated_Wire.jpg to train/1_Insulated_Wire/ and all_by_ticket/MV6619/ using Direct Image Src
Uploaded 1 image(s) for MV6619
Pagination before click: 71 - 80 of 300
Pagination after click: 81 - 90 of 300

Processing results page 9...
Scraping ticket numbers from current page...
Waiting for search results...
Skipping ticket MV6629 due to status: VOID
Found 9 ticket(s) on this page after status filtering: ['MV6638', 'MV6637', 'MV6636', 'MV6635', 'MV6634', 'MV6633', 'MV6632', 'MV6631', 'MV6630']
Opening ticket MV6638...
Downloading images for MV6638...
Waiting for ticket detail for MV6638...
Found 2 ticket item card(s).
Uploaded MV6638_01_Aluminum_Cans.jpg to train/Aluminum_Cans/ and all_by_ticket/MV6638/ using Direct Image Src
Uploaded MV6638_02_Aluminum_Cans.jpg to train/Aluminum_Cans/ and all_by_ticket/MV6638/ using Direct Image Src
Uploaded 2 image(s) for MV6638
Opening ticket MV6637...
Downloading images for MV6637...
Waiting for ticket detail for MV6637...
Found 11 ticket item card(s).
Uploaded MV6637_01_Unclean_Extrusion.jpg to train/Unclean_Extrusion/ and all_by_ticket/MV6637/ using Direct Image Src
Uploaded MV6637_02_2_Insulated_Wire.jpg to val/2_Insulated_Wire/ and all_by_ticket/MV6637/ using Direct Image Src
Uploaded MV6637_09_Irony_ACR_Radiators.jpg to train/Irony_ACR_Radiators/ and all_by_ticket/MV6637/ using Direct Image Src
Uploaded MV6637_10_Extrusion.jpg to train/Extrusion/ and all_by_ticket/MV6637/ using Direct Image Src
Uploaded MV6637_11_2_Copper.jpg to train/2_Copper/ and all_by_ticket/MV6637/ using Direct Image Src
Uploaded MV6637_03_2_Insulated_Wire.jpg to train/2_Insulated_Wire/ and all_by_ticket/MV6637/ using Direct Image Src
Uploaded MV6637_05_Electric_Motor.jpg to train/Electric_Motor/ and all_by_ticket/MV6637/ using Direct Image Src
Uploaded MV6637_04_Sealed_Units.jpg to train/Sealed_Units/ and all_by_ticket/MV6637/ using Direct Image Src
Uploaded MV6637_08_Electric_Motor.jpg to train/Electric_Motor/ and all_by_ticket/MV6637/ using Direct Image Src
Uploaded MV6637_07_AluminumCopper_Radiator.jpg to val/AluminumCopper_Radiator/ and all_by_ticket/MV6637/ using Direct Image Src
Uploaded MV6637_06_Irony_Aluminum.jpg to test/Irony_Aluminum/ and all_by_ticket/MV6637/ using Direct Image Src
Uploaded 11 image(s) for MV6637
Opening ticket MV6636...
Downloading images for MV6636...
Waiting for ticket detail for MV6636...
Found 1 ticket item card(s).
Uploaded MV6636_01_Sheet_Iron.jpg to train/Sheet_Iron/ and all_by_ticket/MV6636/ using Direct Image Src
Uploaded 1 image(s) for MV6636
Opening ticket MV6635...
Downloading images for MV6635...
Waiting for ticket detail for MV6635...
Found 3 ticket item card(s).
Uploaded MV6635_01_Unclean_Extrusion.jpg to train/Unclean_Extrusion/ and all_by_ticket/MV6635/ using Direct Image Src
Uploaded MV6635_03_2_Insulated_Wire.jpg to test/2_Insulated_Wire/ and all_by_ticket/MV6635/ using Direct Image Src
Uploaded MV6635_02_BareBright.jpg to train/BareBright/ and all_by_ticket/MV6635/ using Direct Image Src
Uploaded 3 image(s) for MV6635
Opening ticket MV6634...
Downloading images for MV6634...
Waiting for ticket detail for MV6634...
Found 1 ticket item card(s).
Uploaded MV6634_01_Sheet_Iron.jpg to train/Sheet_Iron/ and all_by_ticket/MV6634/ using Direct Image Src
Uploaded 1 image(s) for MV6634
Opening ticket MV6633...
Downloading images for MV6633...
Waiting for ticket detail for MV6633...
Found 6 ticket item card(s).
Uploaded MV6633_06_Aluminum_Cans.jpg to train/Aluminum_Cans/ and all_by_ticket/MV6633/ using Direct Image Src
Uploaded MV6633_05_Irony_Aluminum.jpg to val/Irony_Aluminum/ and all_by_ticket/MV6633/ using Direct Image Src
Uploaded MV6633_02_Irony_Aluminum.jpg to train/Irony_Aluminum/ and all_by_ticket/MV6633/ using Direct Image Src
Uploaded MV6633_04_Electric_Motor.jpg to train/Electric_Motor/ and all_by_ticket/MV6633/ using Direct Image Src
Uploaded MV6633_01_2_Insulated_Wire.jpg to train/2_Insulated_Wire/ and all_by_ticket/MV6633/ using Direct Image Src
Uploaded MV6633_03_304.jpg to val/304/ and all_by_ticket/MV6633/ using Direct Image Src
Uploaded 6 image(s) for MV6633
Opening ticket MV6632...
Downloading images for MV6632...
Waiting for ticket detail for MV6632...
Found 9 ticket item card(s).
Uploaded MV6632_05_Sheet_Aluminum.jpg to test/Sheet_Aluminum/ and all_by_ticket/MV6632/ using Direct Image Src
Uploaded MV6632_03_Romex.jpg to test/Romex/ and all_by_ticket/MV6632/ using Direct Image Src
Uploaded MV6632_07_Extrusion.jpg to train/Extrusion/ and all_by_ticket/MV6632/ using Direct Image Src
Uploaded MV6632_01_Aluminum_Cans.jpg to train/Aluminum_Cans/ and all_by_ticket/MV6632/ using Direct Image Src
Uploaded MV6632_04_Extrusion.jpg to train/Extrusion/ and all_by_ticket/MV6632/ using Direct Image Src
Uploaded MV6632_06_Unclean_Extrusion.jpg to train/Unclean_Extrusion/ and all_by_ticket/MV6632/ using Direct Image Src
Uploaded MV6632_08_Cast_Aluminum.jpg to train/Cast_Aluminum/ and all_by_ticket/MV6632/ using Direct Image Src
Uploaded MV6632_02_2_Insulated_Wire.jpg to train/2_Insulated_Wire/ and all_by_ticket/MV6632/ using Direct Image Src
Uploaded MV6632_09_Irony_Aluminum.jpg to train/Irony_Aluminum/ and all_by_ticket/MV6632/ using Direct Image Src
Uploaded 9 image(s) for MV6632
Opening ticket MV6631...
Downloading images for MV6631...
Waiting for ticket detail for MV6631...
Found 4 ticket item card(s).
Uploaded MV6631_01_Sheet_Iron.jpg to train/Sheet_Iron/ and all_by_ticket/MV6631/ using Direct Image Src
Uploaded MV6631_02_Irony_Aluminum.jpg to train/Irony_Aluminum/ and all_by_ticket/MV6631/ using Direct Image Src
Uploaded MV6631_04_2_Insulated_Wire.jpg to val/2_Insulated_Wire/ and all_by_ticket/MV6631/ using Direct Image Src
Uploaded MV6631_03_Yellow_Brass_Clean.jpg to train/Yellow_Brass_Clean/ and all_by_ticket/MV6631/ using Direct Image Src
Uploaded 4 image(s) for MV6631
Opening ticket MV6630...
Downloading images for MV6630...
Waiting for ticket detail for MV6630...
Found 1 ticket item card(s).
Uploaded MV6630_01_Sheet_Iron.jpg to train/Sheet_Iron/ and all_by_ticket/MV6630/ using Direct Image Src
Uploaded 1 image(s) for MV6630
Pagination before click: 81 - 90 of 300
Pagination after click: 91 - 100 of 300

Processing results page 10...
Scraping ticket numbers from current page...
Waiting for search results...
Found 10 ticket(s) on this page after status filtering: ['MV6648', 'MV6647', 'MV6646', 'MV6645', 'MV6644', 'MV6643', 'MV6642', 'MV6641', 'MV6640', 'MV6639']
Opening ticket MV6648...
Downloading images for MV6648...
Waiting for ticket detail for MV6648...
Found 7 ticket item card(s).
Uploaded MV6648_04_2_Insulated_Wire.jpg to val/2_Insulated_Wire/ and all_by_ticket/MV6648/ using Direct Image Src
Uploaded MV6648_01_Sheet_Iron.jpg to train/Sheet_Iron/ and all_by_ticket/MV6648/ using Direct Image Src
Uploaded MV6648_05_Sheet_Iron.jpg to train/Sheet_Iron/ and all_by_ticket/MV6648/ using Direct Image Src
Uploaded MV6648_02_Romex.jpg to train/Romex/ and all_by_ticket/MV6648/ using Direct Image Src
Uploaded MV6648_06_2_Insulated_Wire.jpg to train/2_Insulated_Wire/ and all_by_ticket/MV6648/ using Direct Image Src
Uploaded MV6648_03_Sheet_Iron.jpg to train/Sheet_Iron/ and all_by_ticket/MV6648/ using Direct Image Src
Uploaded MV6648_07_2_Copper.jpg to train/2_Copper/ and all_by_ticket/MV6648/ using Direct Image Src
Uploaded 7 image(s) for MV6648
Opening ticket MV6647...
Downloading images for MV6647...
Waiting for ticket detail for MV6647...
Found 3 ticket item card(s).
Uploaded MV6647_01_Sheet_Iron.jpg to test/Sheet_Iron/ and all_by_ticket/MV6647/ using Direct Image Src
Uploaded MV6647_03_Electric_Motor.jpg to train/Electric_Motor/ and all_by_ticket/MV6647/ using Direct Image Src
Uploaded MV6647_02_Aluminum_Cans.jpg to train/Aluminum_Cans/ and all_by_ticket/MV6647/ using Direct Image Src
Uploaded 3 image(s) for MV6647
Opening ticket MV6646...
Downloading images for MV6646...
Waiting for ticket detail for MV6646...
Found 7 ticket item card(s).
Uploaded MV6646_02_2_Insulated_Wire.jpg to train/2_Insulated_Wire/ and all_by_ticket/MV6646/ using Direct Image Src
Uploaded MV6646_07_Irony_Aluminum.jpg to train/Irony_Aluminum/ and all_by_ticket/MV6646/ using Direct Image Src
Uploaded MV6646_04_Sealed_Units.jpg to train/Sealed_Units/ and all_by_ticket/MV6646/ using Direct Image Src
Uploaded MV6646_06_Sheet_Aluminum.jpg to train/Sheet_Aluminum/ and all_by_ticket/MV6646/ using Direct Image Src
Uploaded MV6646_05_Unclean_Extrusion.jpg to train/Unclean_Extrusion/ and all_by_ticket/MV6646/ using Direct Image Src
Uploaded MV6646_01_2_Copper.jpg to train/2_Copper/ and all_by_ticket/MV6646/ using Direct Image Src
Uploaded MV6646_03_2_Insulated_Wire.jpg to train/2_Insulated_Wire/ and all_by_ticket/MV6646/ using Direct Image Src
Uploaded 7 image(s) for MV6646
Opening ticket MV6645...
Downloading images for MV6645...
Waiting for ticket detail for MV6645...
Found 1 ticket item card(s).
Uploaded MV6645_01_Aluminum_Cans.jpg to val/Aluminum_Cans/ and all_by_ticket/MV6645/ using Direct Image Src
Uploaded 1 image(s) for MV6645
Opening ticket MV6644...
Downloading images for MV6644...
Waiting for ticket detail for MV6644...
Found 1 ticket item card(s).
Uploaded MV6644_01_Sheet_Iron.jpg to train/Sheet_Iron/ and all_by_ticket/MV6644/ using Direct Image Src
Uploaded 1 image(s) for MV6644
Opening ticket MV6643...
Downloading images for MV6643...
Waiting for ticket detail for MV6643...
Found 3 ticket item card(s).
Uploaded MV6643_01_Dirty_Brass.jpg to val/Dirty_Brass/ and all_by_ticket/MV6643/ using Direct Image Src
Uploaded MV6643_03_Cast_Aluminum.jpg to train/Cast_Aluminum/ and all_by_ticket/MV6643/ using Direct Image Src
Uploaded MV6643_02_Yellow_Brass_Clean.jpg to train/Yellow_Brass_Clean/ and all_by_ticket/MV6643/ using Direct Image Src
Uploaded 3 image(s) for MV6643
Opening ticket MV6642...
Downloading images for MV6642...
Waiting for ticket detail for MV6642...
Found 1 ticket item card(s).
No direct full-size image URL found for MV6642 item 1 (Yellow Brass - Clean).
Skipping ticket MV6642: no usable image tasks found.
Uploaded 0 image(s) for MV6642
Opening ticket MV6641...
Downloading images for MV6641...
Waiting for ticket detail for MV6641...
Found 1 ticket item card(s).
No direct full-size image URL found for MV6641 item 1 (Test).
Skipping ticket MV6641: no usable image tasks found.
Uploaded 0 image(s) for MV6641
Opening ticket MV6640...
Downloading images for MV6640...
Waiting for ticket detail for MV6640...
Found 2 ticket item card(s).
Uploaded MV6640_01_BareBright.jpg to train/BareBright/ and all_by_ticket/MV6640/ using Direct Image Src
Uploaded MV6640_02_1_Copper.jpg to train/1_Copper/ and all_by_ticket/MV6640/ using Direct Image Src
Uploaded 2 image(s) for MV6640
Opening ticket MV6639...
Downloading images for MV6639...
Waiting for ticket detail for MV6639...
Found 1 ticket item card(s).
Uploaded MV6639_01_Sheet_Iron.jpg to test/Sheet_Iron/ and all_by_ticket/MV6639/ using Direct Image Src
Uploaded 1 image(s) for MV6639
Pagination before click: 91 - 100 of 300
Pagination after click: 101 - 110 of 300

Processing results page 11...
Scraping ticket numbers from current page...
Waiting for search results...
Skipping ticket MV6658 due to status: CANCEL
Found 9 ticket(s) on this page after status filtering: ['MV6657', 'MV6656', 'MV6655', 'MV6654', 'MV6653', 'MV6652', 'MV6651', 'MV6650', 'MV6649']
Opening ticket MV6657...
Downloading images for MV6657...
Waiting for ticket detail for MV6657...
Found 1 ticket item card(s).
Uploaded MV6657_01_2_Copper.jpg to val/2_Copper/ and all_by_ticket/MV6657/ using Direct Image Src
Uploaded 1 image(s) for MV6657
Opening ticket MV6656...
Downloading images for MV6656...
Waiting for ticket detail for MV6656...
Found 9 ticket item card(s).
Uploaded MV6656_01_2_Copper.jpg to train/2_Copper/ and all_by_ticket/MV6656/ using Direct Image Src
Uploaded MV6656_02_Sheet_Aluminum.jpg to val/Sheet_Aluminum/ and all_by_ticket/MV6656/ using Direct Image Src
Uploaded MV6656_09_Extrusion.jpg to train/Extrusion/ and all_by_ticket/MV6656/ using Direct Image Src
Uploaded MV6656_05_Extrusion.jpg to train/Extrusion/ and all_by_ticket/MV6656/ using Direct Image Src
Uploaded MV6656_03_Cast_Aluminum.jpg to train/Cast_Aluminum/ and all_by_ticket/MV6656/ using Direct Image Src
Uploaded MV6656_08_Transformer.jpg to train/Transformer/ and all_by_ticket/MV6656/ using Direct Image Src
Uploaded MV6656_04_Unclean_Extrusion.jpg to train/Unclean_Extrusion/ and all_by_ticket/MV6656/ using Direct Image Src
Uploaded MV6656_07_Electric_Motor.jpg to train/Electric_Motor/ and all_by_ticket/MV6656/ using Direct Image Src
Uploaded MV6656_06_Sealed_Units.jpg to test/Sealed_Units/ and all_by_ticket/MV6656/ using Direct Image Src
Uploaded 9 image(s) for MV6656
Opening ticket MV6655...
Downloading images for MV6655...
Waiting for ticket detail for MV6655...
Found 1 ticket item card(s).
Uploaded MV6655_01_Sheet_Iron.jpg to train/Sheet_Iron/ and all_by_ticket/MV6655/ using Direct Image Src
Uploaded 1 image(s) for MV6655
Opening ticket MV6654...
Downloading images for MV6654...
Waiting for ticket detail for MV6654...
Found 1 ticket item card(s).
Uploaded MV6654_01_2_Copper.jpg to train/2_Copper/ and all_by_ticket/MV6654/ using Direct Image Src
Uploaded 1 image(s) for MV6654
Opening ticket MV6653...
Downloading images for MV6653...
Waiting for ticket detail for MV6653...
Found 2 ticket item card(s).
Uploaded MV6653_01_Sheet_Iron.jpg to train/Sheet_Iron/ and all_by_ticket/MV6653/ using Direct Image Src
Uploaded MV6653_02_Sheet_Aluminum.jpg to train/Sheet_Aluminum/ and all_by_ticket/MV6653/ using Direct Image Src
Uploaded 2 image(s) for MV6653
Opening ticket MV6652...
Downloading images for MV6652...
Waiting for ticket detail for MV6652...
Found 1 ticket item card(s).
Uploaded MV6652_01_2_Copper.jpg to train/2_Copper/ and all_by_ticket/MV6652/ using Direct Image Src
Uploaded 1 image(s) for MV6652
Opening ticket MV6651...
Downloading images for MV6651...
Waiting for ticket detail for MV6651...
Found 1 ticket item card(s).
Uploaded MV6651_01_Sheet_Iron.jpg to train/Sheet_Iron/ and all_by_ticket/MV6651/ using Direct Image Src
Uploaded 1 image(s) for MV6651
Opening ticket MV6650...
Downloading images for MV6650...
Waiting for ticket detail for MV6650...
Found 3 ticket item card(s).
Uploaded MV6650_02_Gutters_Siding.jpg to train/Gutters_Siding/ and all_by_ticket/MV6650/ using Direct Image Src
Uploaded MV6650_03_Sheet_Iron.jpg to test/Sheet_Iron/ and all_by_ticket/MV6650/ using Direct Image Src
Uploaded MV6650_01_Aluminum_Cans.jpg to train/Aluminum_Cans/ and all_by_ticket/MV6650/ using Direct Image Src
Uploaded 3 image(s) for MV6650
Opening ticket MV6649...
Downloading images for MV6649...
Waiting for ticket detail for MV6649...
Found 1 ticket item card(s).
Uploaded MV6649_01_1_Copper.jpg to train/1_Copper/ and all_by_ticket/MV6649/ using Direct Image Src
Uploaded 1 image(s) for MV6649
Pagination before click: 101 - 110 of 300
Pagination after click: 111 - 120 of 300

Processing results page 12...
Scraping ticket numbers from current page...
Waiting for search results...
Skipping ticket MV6664 due to status: VOID
Skipping ticket MV6661 due to status: VOID
Found 8 ticket(s) on this page after status filtering: ['MV6668', 'MV6667', 'MV6666', 'MV6665', 'MV6663', 'MV6662', 'MV6660', 'MV6659']
Opening ticket MV6668...
Downloading images for MV6668...
Waiting for ticket detail for MV6668...
Found 3 ticket item card(s).
Uploaded MV6668_01_2_Copper.jpg to train/2_Copper/ and all_by_ticket/MV6668/ using Direct Image Src
Uploaded MV6668_03_Sealed_Units.jpg to train/Sealed_Units/ and all_by_ticket/MV6668/ using Direct Image Src
Uploaded MV6668_02_2_Insulated_Wire.jpg to train/2_Insulated_Wire/ and all_by_ticket/MV6668/ using Direct Image Src
Uploaded 3 image(s) for MV6668
Opening ticket MV6667...
Downloading images for MV6667...
Waiting for ticket detail for MV6667...
Found 2 ticket item card(s).
Uploaded MV6667_02_2_Copper.jpg to train/2_Copper/ and all_by_ticket/MV6667/ using Direct Image Src
Uploaded MV6667_01_Yellow_Brass_Clean.jpg to train/Yellow_Brass_Clean/ and all_by_ticket/MV6667/ using Direct Image Src
Uploaded 2 image(s) for MV6667
Opening ticket MV6666...
Downloading images for MV6666...
Waiting for ticket detail for MV6666...
Found 5 ticket item card(s).
Uploaded MV6666_02_Sheet_Iron.jpg to val/Sheet_Iron/ and all_by_ticket/MV6666/ using Direct Image Src
Uploaded MV6666_01_Cast_Aluminum.jpg to train/Cast_Aluminum/ and all_by_ticket/MV6666/ using Direct Image Src
Uploaded MV6666_03_Unclean_Extrusion.jpg to train/Unclean_Extrusion/ and all_by_ticket/MV6666/ using Direct Image Src
Uploaded MV6666_05_Sheet_Aluminum.jpg to train/Sheet_Aluminum/ and all_by_ticket/MV6666/ using Direct Image Src
Uploaded MV6666_04_Extrusion.jpg to train/Extrusion/ and all_by_ticket/MV6666/ using Direct Image Src
Uploaded 5 image(s) for MV6666
Opening ticket MV6665...
Downloading images for MV6665...
Waiting for ticket detail for MV6665...
Found 1 ticket item card(s).
Uploaded MV6665_01_2_Copper.jpg to train/2_Copper/ and all_by_ticket/MV6665/ using Direct Image Src
Uploaded 1 image(s) for MV6665
Opening ticket MV6663...
Downloading images for MV6663...
Waiting for ticket detail for MV6663...
Found 3 ticket item card(s).
Uploaded MV6663_01_Extrusion.jpg to train/Extrusion/ and all_by_ticket/MV6663/ using Direct Image Src
Uploaded MV6663_02_Cast_Aluminum.jpg to train/Cast_Aluminum/ and all_by_ticket/MV6663/ using Direct Image Src
Uploaded MV6663_03_BareBright.jpg to train/BareBright/ and all_by_ticket/MV6663/ using Direct Image Src
Uploaded 3 image(s) for MV6663
Opening ticket MV6662...
Downloading images for MV6662...
Waiting for ticket detail for MV6662...
Found 2 ticket item card(s).
Uploaded MV6662_02_2_Insulated_Wire.jpg to train/2_Insulated_Wire/ and all_by_ticket/MV6662/ using Direct Image Src
Uploaded MV6662_01_Gutters_Siding.jpg to train/Gutters_Siding/ and all_by_ticket/MV6662/ using Direct Image Src
Uploaded 2 image(s) for MV6662
Opening ticket MV6660...
Downloading images for MV6660...
Waiting for ticket detail for MV6660...
Found 7 ticket item card(s).
Uploaded MV6660_05_Cast_Aluminum.jpg to train/Cast_Aluminum/ and all_by_ticket/MV6660/ using Direct Image Src
Uploaded MV6660_02_Romex.jpg to test/Romex/ and all_by_ticket/MV6660/ using Direct Image Src
Uploaded MV6660_04_Dirty_Brass.jpg to val/Dirty_Brass/ and all_by_ticket/MV6660/ using Direct Image Src
Uploaded MV6660_01_Sheet_Iron.jpg to train/Sheet_Iron/ and all_by_ticket/MV6660/ using Direct Image Src
Uploaded MV6660_03_2_Insulated_Wire.jpg to train/2_Insulated_Wire/ and all_by_ticket/MV6660/ using Direct Image Src
Uploaded MV6660_07_Irony_Aluminum.jpg to train/Irony_Aluminum/ and all_by_ticket/MV6660/ using Direct Image Src
Uploaded MV6660_06_Irony_SS.jpg to train/Irony_SS/ and all_by_ticket/MV6660/ using Direct Image Src
Uploaded 7 image(s) for MV6660
Opening ticket MV6659...
Downloading images for MV6659...
Waiting for ticket detail for MV6659...
Found 1 ticket item card(s).
Uploaded MV6659_01_Sheet_Iron.jpg to train/Sheet_Iron/ and all_by_ticket/MV6659/ using Direct Image Src
Uploaded 1 image(s) for MV6659
Pagination before click: 111 - 120 of 300
Pagination after click: 121 - 130 of 300

Processing results page 13...
Scraping ticket numbers from current page...
Waiting for search results...
Found 10 ticket(s) on this page after status filtering: ['MV6678', 'MV6677', 'MV6676', 'MV6675', 'MV6674', 'MV6673', 'MV6672', 'MV6671', 'MV6670', 'MV6669']
Opening ticket MV6678...
Downloading images for MV6678...
Waiting for ticket detail for MV6678...
Found 2 ticket item card(s).
Uploaded MV6678_02_Sheet_Iron.jpg to train/Sheet_Iron/ and all_by_ticket/MV6678/ using Direct Image Src
Uploaded MV6678_01_Sheet_Iron.jpg to train/Sheet_Iron/ and all_by_ticket/MV6678/ using Direct Image Src
Uploaded 2 image(s) for MV6678
Opening ticket MV6677...
Downloading images for MV6677...
Waiting for ticket detail for MV6677...
Found 3 ticket item card(s).
Uploaded MV6677_03_Cat_56.jpg to train/Cat_56/ and all_by_ticket/MV6677/ using Direct Image Src
Uploaded MV6677_01_2_Insulated_Wire.jpg to train/2_Insulated_Wire/ and all_by_ticket/MV6677/ using Direct Image Src
Uploaded MV6677_02_Low_Grade_Insulated_Wire.jpg to train/Low_Grade_Insulated_Wire/ and all_by_ticket/MV6677/ using Direct Image Src
Uploaded 3 image(s) for MV6677
Opening ticket MV6676...
Downloading images for MV6676...
Waiting for ticket detail for MV6676...
Found 5 ticket item card(s).
Uploaded MV6676_05_2_Copper.jpg to train/2_Copper/ and all_by_ticket/MV6676/ using Direct Image Src
Uploaded MV6676_04_Dirty_Brass.jpg to train/Dirty_Brass/ and all_by_ticket/MV6676/ using Direct Image Src
Uploaded MV6676_01_2_Copper.jpg to val/2_Copper/ and all_by_ticket/MV6676/ using Direct Image Src
Uploaded MV6676_02_1_Copper.jpg to train/1_Copper/ and all_by_ticket/MV6676/ using Direct Image Src
Uploaded MV6676_03_BareBright.jpg to train/BareBright/ and all_by_ticket/MV6676/ using Direct Image Src
Uploaded 5 image(s) for MV6676
Opening ticket MV6675...
Downloading images for MV6675...
Waiting for ticket detail for MV6675...
Found 3 ticket item card(s).
No direct full-size image URL found for MV6675 item 3 (Sheet Iron).
Uploaded MV6675_02_Sheet_Iron.jpg to val/Sheet_Iron/ and all_by_ticket/MV6675/ using Direct Image Src
Uploaded MV6675_01_Sheet_Iron.jpg to val/Sheet_Iron/ and all_by_ticket/MV6675/ using Direct Image Src
Uploaded 2 image(s) for MV6675
Opening ticket MV6674...
Downloading images for MV6674...
Waiting for ticket detail for MV6674...
Found 1 ticket item card(s).
Uploaded MV6674_01_Sheet_Iron.jpg to train/Sheet_Iron/ and all_by_ticket/MV6674/ using Direct Image Src
Uploaded 1 image(s) for MV6674
Opening ticket MV6673...
Downloading images for MV6673...
Waiting for ticket detail for MV6673...
Found 1 ticket item card(s).
Uploaded MV6673_01_BareBright.jpg to val/BareBright/ and all_by_ticket/MV6673/ using Direct Image Src
Uploaded 1 image(s) for MV6673
Opening ticket MV6672...
Downloading images for MV6672...
Waiting for ticket detail for MV6672...
Found 3 ticket item card(s).
Uploaded MV6672_01_Sheet_Iron.jpg to train/Sheet_Iron/ and all_by_ticket/MV6672/ using Direct Image Src
Uploaded MV6672_02_Irony_SS.jpg to train/Irony_SS/ and all_by_ticket/MV6672/ using Direct Image Src
Uploaded MV6672_03_2_Copper.jpg to train/2_Copper/ and all_by_ticket/MV6672/ using Direct Image Src
Uploaded 3 image(s) for MV6672
Opening ticket MV6671...
Downloading images for MV6671...
Waiting for ticket detail for MV6671...
Found 2 ticket item card(s).
Uploaded MV6671_01_Aluminum_Cans.jpg to val/Aluminum_Cans/ and all_by_ticket/MV6671/ using Direct Image Src
Uploaded MV6671_02_Sheet_Aluminum.jpg to train/Sheet_Aluminum/ and all_by_ticket/MV6671/ using Direct Image Src
Uploaded 2 image(s) for MV6671
Opening ticket MV6670...
Downloading images for MV6670...
Waiting for ticket detail for MV6670...
Found 9 ticket item card(s).
Uploaded MV6670_05_2_Copper.jpg to test/2_Copper/ and all_by_ticket/MV6670/ using Direct Image Src
Uploaded MV6670_03_1_Insulated_Wire.jpg to train/1_Insulated_Wire/ and all_by_ticket/MV6670/ using Direct Image Src
Uploaded MV6670_02_Sheet_Aluminum.jpg to train/Sheet_Aluminum/ and all_by_ticket/MV6670/ using Direct Image Src
Uploaded MV6670_04_Sheet_Iron.jpg to train/Sheet_Iron/ and all_by_ticket/MV6670/ using Direct Image Src
Uploaded MV6670_01_1_Insulated_Wire.jpg to train/1_Insulated_Wire/ and all_by_ticket/MV6670/ using Direct Image Src
Uploaded MV6670_09_304.jpg to train/304/ and all_by_ticket/MV6670/ using Direct Image Src
Uploaded MV6670_06_1_Insulated_Wire.jpg to train/1_Insulated_Wire/ and all_by_ticket/MV6670/ using Direct Image Src
Uploaded MV6670_07_1_Insulated_Wire.jpg to train/1_Insulated_Wire/ and all_by_ticket/MV6670/ using Direct Image Src
Uploaded MV6670_08_1_Copper.jpg to train/1_Copper/ and all_by_ticket/MV6670/ using Direct Image Src
Uploaded 9 image(s) for MV6670
Opening ticket MV6669...
Downloading images for MV6669...
Waiting for ticket detail for MV6669...
Found 3 ticket item card(s).
Uploaded MV6669_03_Sheet_Iron.jpg to train/Sheet_Iron/ and all_by_ticket/MV6669/ using Direct Image Src
Uploaded MV6669_02_Dirty_Brass.jpg to train/Dirty_Brass/ and all_by_ticket/MV6669/ using Direct Image Src
Uploaded MV6669_01_2_Copper.jpg to val/2_Copper/ and all_by_ticket/MV6669/ using Direct Image Src
Uploaded 3 image(s) for MV6669
Pagination before click: 121 - 130 of 300
Pagination after click: 131 - 140 of 300

Processing results page 14...
Scraping ticket numbers from current page...
Waiting for search results...
Skipping ticket MV6688 due to status: CANCEL
Skipping ticket MV6682 due to status: VOID
Skipping ticket MV6679 due to status: CANCEL
Found 7 ticket(s) on this page after status filtering: ['MV6687', 'MV6686', 'MV6685', 'MV6684', 'MV6683', 'MV6681', 'MV6680']
Opening ticket MV6687...
Downloading images for MV6687...
Waiting for ticket detail for MV6687...
Found 3 ticket item card(s).
Uploaded MV6687_01_BareBright.jpg to train/BareBright/ and all_by_ticket/MV6687/ using Direct Image Src
Uploaded MV6687_02_Yellow_Brass_Clean.jpg to train/Yellow_Brass_Clean/ and all_by_ticket/MV6687/ using Direct Image Src
Uploaded MV6687_03_Sheet_Aluminum.jpg to train/Sheet_Aluminum/ and all_by_ticket/MV6687/ using Direct Image Src
Uploaded 3 image(s) for MV6687
Opening ticket MV6686...
Downloading images for MV6686...
Waiting for ticket detail for MV6686...
Found 1 ticket item card(s).
Uploaded MV6686_01_Sheet_Iron.jpg to val/Sheet_Iron/ and all_by_ticket/MV6686/ using Direct Image Src
Uploaded 1 image(s) for MV6686
Opening ticket MV6685...
Downloading images for MV6685...
Waiting for ticket detail for MV6685...
Found 2 ticket item card(s).
Uploaded MV6685_01_Aluminum_Cans.jpg to train/Aluminum_Cans/ and all_by_ticket/MV6685/ using Direct Image Src
Uploaded MV6685_02_2_Copper.jpg to train/2_Copper/ and all_by_ticket/MV6685/ using Direct Image Src
Uploaded 2 image(s) for MV6685
Opening ticket MV6684...
Downloading images for MV6684...
Waiting for ticket detail for MV6684...
Found 1 ticket item card(s).
Uploaded MV6684_01_BareBright.jpg to train/BareBright/ and all_by_ticket/MV6684/ using Direct Image Src
Uploaded 1 image(s) for MV6684
Opening ticket MV6683...
Downloading images for MV6683...
Waiting for ticket detail for MV6683...
Found 3 ticket item card(s).
Uploaded MV6683_01_Sheet_Iron.jpg to test/Sheet_Iron/ and all_by_ticket/MV6683/ using Direct Image Src
Uploaded MV6683_02_Sheet_Iron.jpg to train/Sheet_Iron/ and all_by_ticket/MV6683/ using Direct Image Src
Uploaded MV6683_03_Auto_Batteries.jpg to train/Auto_Batteries/ and all_by_ticket/MV6683/ using Direct Image Src
Uploaded 3 image(s) for MV6683
Opening ticket MV6681...
Downloading images for MV6681...
Waiting for ticket detail for MV6681...
Found 3 ticket item card(s).
Uploaded MV6681_01_Low_Grade_Insulated_Wire.jpg to train/Low_Grade_Insulated_Wire/ and all_by_ticket/MV6681/ using Direct Image Src
Uploaded MV6681_02_2_Copper.jpg to train/2_Copper/ and all_by_ticket/MV6681/ using Direct Image Src
Uploaded MV6681_03_Sheet_Iron.jpg to val/Sheet_Iron/ and all_by_ticket/MV6681/ using Direct Image Src
Uploaded 3 image(s) for MV6681
Opening ticket MV6680...
Downloading images for MV6680...
Waiting for ticket detail for MV6680...
Found 1 ticket item card(s).
Uploaded MV6680_01_Sheet_Iron.jpg to test/Sheet_Iron/ and all_by_ticket/MV6680/ using Direct Image Src
Uploaded 1 image(s) for MV6680
Pagination before click: 131 - 140 of 300
Pagination after click: 141 - 150 of 300

Processing results page 15...
Scraping ticket numbers from current page...
Waiting for search results...
Skipping ticket MV6696 due to status: CANCEL
Skipping ticket MV6694 due to status: CANCEL
Skipping ticket MV6692 due to status: CANCEL
Skipping ticket MV6691 due to status: CANCEL
Found 6 ticket(s) on this page after status filtering: ['MV6698', 'MV6697', 'MV6695', 'MV6693', 'MV6690', 'MV6689']
Opening ticket MV6698...
Downloading images for MV6698...
Waiting for ticket detail for MV6698...
Found 3 ticket item card(s).
Uploaded MV6698_01_2_Copper.jpg to train/2_Copper/ and all_by_ticket/MV6698/ using Direct Image Src
Uploaded MV6698_02_Low_Grade_Insulated_Wire.jpg to train/Low_Grade_Insulated_Wire/ and all_by_ticket/MV6698/ using Direct Image Src
Uploaded MV6698_03_Low_Grade_Insulated_Wire.jpg to test/Low_Grade_Insulated_Wire/ and all_by_ticket/MV6698/ using Direct Image Src
Uploaded 3 image(s) for MV6698
Opening ticket MV6697...
Downloading images for MV6697...
Waiting for ticket detail for MV6697...
Found 1 ticket item card(s).
Uploaded MV6697_01_2_Copper.jpg to train/2_Copper/ and all_by_ticket/MV6697/ using Direct Image Src
Uploaded 1 image(s) for MV6697
Opening ticket MV6695...
Downloading images for MV6695...
Waiting for ticket detail for MV6695...
Found 1 ticket item card(s).
Uploaded MV6695_01_Aluminum_Cans.jpg to train/Aluminum_Cans/ and all_by_ticket/MV6695/ using Direct Image Src
Uploaded 1 image(s) for MV6695
Opening ticket MV6693...
Downloading images for MV6693...
Waiting for ticket detail for MV6693...
Found 3 ticket item card(s).
Uploaded MV6693_02_Sheet_Aluminum.jpg to train/Sheet_Aluminum/ and all_by_ticket/MV6693/ using Direct Image Src
Uploaded MV6693_01_Sheet_Iron.jpg to train/Sheet_Iron/ and all_by_ticket/MV6693/ using Direct Image Src
Uploaded MV6693_03_Irony_Aluminum.jpg to train/Irony_Aluminum/ and all_by_ticket/MV6693/ using Direct Image Src
Uploaded 3 image(s) for MV6693
Opening ticket MV6690...
Downloading images for MV6690...
Waiting for ticket detail for MV6690...
Found 3 ticket item card(s).
Uploaded MV6690_01_Extrusion.jpg to train/Extrusion/ and all_by_ticket/MV6690/ using Direct Image Src
Uploaded MV6690_02_Sheet_Iron.jpg to train/Sheet_Iron/ and all_by_ticket/MV6690/ using Direct Image Src
Uploaded MV6690_03_Sheet_Iron.jpg to test/Sheet_Iron/ and all_by_ticket/MV6690/ using Direct Image Src
Uploaded 3 image(s) for MV6690
Opening ticket MV6689...
Downloading images for MV6689...
Waiting for ticket detail for MV6689...
Found 9 ticket item card(s).
Uploaded MV6689_01_AluminumCopper_Radiator.jpg to val/AluminumCopper_Radiator/ and all_by_ticket/MV6689/ using Direct Image Src
Uploaded MV6689_03_Irony_SS.jpg to train/Irony_SS/ and all_by_ticket/MV6689/ using Direct Image Src
Uploaded MV6689_02_Cat_56.jpg to test/Cat_56/ and all_by_ticket/MV6689/ using Direct Image Src
Uploaded MV6689_09_2_Copper.jpg to val/2_Copper/ and all_by_ticket/MV6689/ using Direct Image Src
Uploaded MV6689_04_Sheet_Aluminum.jpg to train/Sheet_Aluminum/ and all_by_ticket/MV6689/ using Direct Image Src
Uploaded MV6689_06_Sheet_Aluminum.jpg to train/Sheet_Aluminum/ and all_by_ticket/MV6689/ using Direct Image Src
Uploaded MV6689_07_Sheet_Aluminum.jpg to train/Sheet_Aluminum/ and all_by_ticket/MV6689/ using Direct Image Src
Uploaded MV6689_05_Sheet_Aluminum.jpg to train/Sheet_Aluminum/ and all_by_ticket/MV6689/ using Direct Image Src
Uploaded MV6689_08_Motor_Cast_Rotors.jpg to train/Motor_Cast_Rotors/ and all_by_ticket/MV6689/ using Direct Image Src
Uploaded 9 image(s) for MV6689
Pagination before click: 141 - 150 of 300
Pagination after click: 151 - 160 of 300

Processing results page 16...
Scraping ticket numbers from current page...
Waiting for search results...
Skipping ticket MV6705 due to status: VOID
Skipping ticket MV6703 due to status: VOID
Skipping ticket MV6702 due to status: VOID
Skipping ticket MV6701 due to status: VOID
Skipping ticket MV6699 due to status: VOID
Found 5 ticket(s) on this page after status filtering: ['MV6708', 'MV6707', 'MV6706', 'MV6704', 'MV6700']
Opening ticket MV6708...
Downloading images for MV6708...
Waiting for ticket detail for MV6708...
Found 1 ticket item card(s).
Uploaded MV6708_01_Gutters_Siding.jpg to test/Gutters_Siding/ and all_by_ticket/MV6708/ using Direct Image Src
Uploaded 1 image(s) for MV6708
Opening ticket MV6707...
Downloading images for MV6707...
Waiting for ticket detail for MV6707...
Found 3 ticket item card(s).
Uploaded MV6707_02_Dirty_Brass.jpg to train/Dirty_Brass/ and all_by_ticket/MV6707/ using Direct Image Src
Uploaded MV6707_01_Sheet_Iron.jpg to val/Sheet_Iron/ and all_by_ticket/MV6707/ using Direct Image Src
Uploaded MV6707_03_Yellow_Brass_Clean.jpg to train/Yellow_Brass_Clean/ and all_by_ticket/MV6707/ using Direct Image Src
Uploaded 3 image(s) for MV6707
Opening ticket MV6706...
Downloading images for MV6706...
Waiting for ticket detail for MV6706...
Found 6 ticket item card(s).
Uploaded MV6706_03_Unclean_Extrusion.jpg to train/Unclean_Extrusion/ and all_by_ticket/MV6706/ using Direct Image Src
Uploaded MV6706_01_Sheet_Iron.jpg to train/Sheet_Iron/ and all_by_ticket/MV6706/ using Direct Image Src
Uploaded MV6706_05_Irony_Aluminum.jpg to train/Irony_Aluminum/ and all_by_ticket/MV6706/ using Direct Image Src
Uploaded MV6706_06_2_Copper.jpg to val/2_Copper/ and all_by_ticket/MV6706/ using Direct Image Src
Uploaded MV6706_04_Cast_Aluminum.jpg to train/Cast_Aluminum/ and all_by_ticket/MV6706/ using Direct Image Src
Uploaded MV6706_02_AluminumCopper_Radiator.jpg to val/AluminumCopper_Radiator/ and all_by_ticket/MV6706/ using Direct Image Src
Uploaded 6 image(s) for MV6706
Opening ticket MV6704...
Downloading images for MV6704...
Waiting for ticket detail for MV6704...
Found 1 ticket item card(s).
Uploaded MV6704_01_2_Copper.jpg to train/2_Copper/ and all_by_ticket/MV6704/ using Direct Image Src
Uploaded 1 image(s) for MV6704
Opening ticket MV6700...
Downloading images for MV6700...
Waiting for ticket detail for MV6700...
Found 1 ticket item card(s).
Uploaded MV6700_01_Aluminum_Cans.jpg to train/Aluminum_Cans/ and all_by_ticket/MV6700/ using Direct Image Src
Uploaded 1 image(s) for MV6700
Pagination before click: 151 - 160 of 300
Pagination after click: 161 - 170 of 300

Processing results page 17...
Scraping ticket numbers from current page...
Waiting for search results...
Skipping ticket MV6717 due to status: VOID
Skipping ticket MV6716 due to status: VOID
Skipping ticket MV6714 due to status: VOID
Skipping ticket MV6712 due to status: VOID
Found 6 ticket(s) on this page after status filtering: ['MV6718', 'MV6715', 'MV6713', 'MV6711', 'MV6710', 'MV6709']
Opening ticket MV6718...
Downloading images for MV6718...
Waiting for ticket detail for MV6718...
Found 7 ticket item card(s).
No direct full-size image URL found for MV6718 item 2 (Gutters / Siding).
No direct full-size image URL found for MV6718 item 3 (Aluminum/Copper Radiator).
No direct full-size image URL found for MV6718 item 4 (Circuit Board - Low Grade).
No direct full-size image URL found for MV6718 item 5 (#2 Copper).
No direct full-size image URL found for MV6718 item 6 (Sealed Units).
No direct full-size image URL found for MV6718 item 7 (Low Grade Insulated Wire).
Uploaded MV6718_01_Sheet_Iron.jpg to train/Sheet_Iron/ and all_by_ticket/MV6718/ using Direct Image Src
Uploaded 1 image(s) for MV6718
Opening ticket MV6715...
Downloading images for MV6715...
Waiting for ticket detail for MV6715...
Found 7 ticket item card(s).
Uploaded MV6715_01_Sheet_Aluminum.jpg to train/Sheet_Aluminum/ and all_by_ticket/MV6715/ using Direct Image Src
Uploaded MV6715_02_Electric_Motor.jpg to train/Electric_Motor/ and all_by_ticket/MV6715/ using Direct Image Src
Uploaded MV6715_06_Low_Grade_Insulated_Wire.jpg to train/Low_Grade_Insulated_Wire/ and all_by_ticket/MV6715/ using Direct Image Src
Uploaded MV6715_04_Dirty_Brass.jpg to test/Dirty_Brass/ and all_by_ticket/MV6715/ using Direct Image Src
Uploaded MV6715_03_Transformer.jpg to train/Transformer/ and all_by_ticket/MV6715/ using Direct Image Src
Uploaded MV6715_05_1_Copper.jpg to train/1_Copper/ and all_by_ticket/MV6715/ using Direct Image Src
Uploaded MV6715_07_BareBright.jpg to train/BareBright/ and all_by_ticket/MV6715/ using Direct Image Src
Uploaded 7 image(s) for MV6715
Opening ticket MV6713...
Downloading images for MV6713...
Waiting for ticket detail for MV6713...
Found 4 ticket item card(s).
Uploaded MV6713_01_Aluminum_Radiator.jpg to train/Aluminum_Radiator/ and all_by_ticket/MV6713/ using Direct Image Src
Uploaded MV6713_03_Aluminum_Wire_Insulated.jpg to train/Aluminum_Wire_Insulated/ and all_by_ticket/MV6713/ using Direct Image Src
Uploaded MV6713_04_Sheet_Aluminum.jpg to train/Sheet_Aluminum/ and all_by_ticket/MV6713/ using Direct Image Src
Uploaded MV6713_02_AluminumCopper_Radiator.jpg to train/AluminumCopper_Radiator/ and all_by_ticket/MV6713/ using Direct Image Src
Uploaded 4 image(s) for MV6713
Opening ticket MV6711...
Downloading images for MV6711...
Waiting for ticket detail for MV6711...
Found 1 ticket item card(s).
Uploaded MV6711_01_Gutters_Siding.jpg to train/Gutters_Siding/ and all_by_ticket/MV6711/ using Direct Image Src
Uploaded 1 image(s) for MV6711
Opening ticket MV6710...
Downloading images for MV6710...
Waiting for ticket detail for MV6710...
Found 1 ticket item card(s).
Uploaded MV6710_01_Sheet_Iron.jpg to train/Sheet_Iron/ and all_by_ticket/MV6710/ using Direct Image Src
Uploaded 1 image(s) for MV6710
Opening ticket MV6709...
Downloading images for MV6709...
Waiting for ticket detail for MV6709...
Found 1 ticket item card(s).
Uploaded MV6709_01_2_Copper.jpg to train/2_Copper/ and all_by_ticket/MV6709/ using Direct Image Src
Uploaded 1 image(s) for MV6709
Pagination before click: 161 - 170 of 300
Pagination after click: 171 - 180 of 300

Processing results page 18...
Scraping ticket numbers from current page...
Waiting for search results...
Skipping ticket MV6727 due to status: CANCEL
Skipping ticket MV6724 due to status: VOID
Skipping ticket MV6720 due to status: VOID
Found 7 ticket(s) on this page after status filtering: ['MV6728', 'MV6726', 'MV6725', 'MV6723', 'MV6722', 'MV6721', 'MV6719']
Opening ticket MV6728...
Downloading images for MV6728...
Waiting for ticket detail for MV6728...
Found 6 ticket item card(s).
Uploaded MV6728_02_Irony_Aluminum.jpg to train/Irony_Aluminum/ and all_by_ticket/MV6728/ using Direct Image Src
Uploaded MV6728_03_Sheet_Aluminum.jpg to train/Sheet_Aluminum/ and all_by_ticket/MV6728/ using Direct Image Src
Uploaded MV6728_01_Unclean_Extrusion.jpg to train/Unclean_Extrusion/ and all_by_ticket/MV6728/ using Direct Image Src
Uploaded MV6728_05_Christmas_Lights.jpg to val/Christmas_Lights/ and all_by_ticket/MV6728/ using Direct Image Src
Uploaded MV6728_04_Aluminum_Wire_Insulated.jpg to train/Aluminum_Wire_Insulated/ and all_by_ticket/MV6728/ using Direct Image Src
Uploaded MV6728_06_Irony_Aluminum.jpg to test/Irony_Aluminum/ and all_by_ticket/MV6728/ using Direct Image Src
Uploaded 6 image(s) for MV6728
Opening ticket MV6726...
Downloading images for MV6726...
Waiting for ticket detail for MV6726...
Found 1 ticket item card(s).
No direct full-size image URL found for MV6726 item 1 (Test).
Skipping ticket MV6726: no usable image tasks found.
Uploaded 0 image(s) for MV6726
Opening ticket MV6725...
Downloading images for MV6725...
Waiting for ticket detail for MV6725...
Found 4 ticket item card(s).
Uploaded MV6725_03_AluminumCopper_Radiator.jpg to test/AluminumCopper_Radiator/ and all_by_ticket/MV6725/ using Direct Image Src
Uploaded MV6725_01_2_Copper.jpg to val/2_Copper/ and all_by_ticket/MV6725/ using Direct Image Src
Uploaded MV6725_04_2_Insulated_Wire.jpg to train/2_Insulated_Wire/ and all_by_ticket/MV6725/ using Direct Image Src
Uploaded MV6725_02_BareBright.jpg to val/BareBright/ and all_by_ticket/MV6725/ using Direct Image Src
Uploaded 4 image(s) for MV6725
Opening ticket MV6723...
Downloading images for MV6723...
Waiting for ticket detail for MV6723...
Found 5 ticket item card(s).
Uploaded MV6723_04_Starter.jpg to train/Starter/ and all_by_ticket/MV6723/ using Direct Image Src
Uploaded MV6723_02_Yellow_Brass_Clean.jpg to train/Yellow_Brass_Clean/ and all_by_ticket/MV6723/ using Direct Image Src
Uploaded MV6723_05_Lead.jpg to train/Lead/ and all_by_ticket/MV6723/ using Direct Image Src
Uploaded MV6723_01_Low_Grade_Insulated_Wire.jpg to train/Low_Grade_Insulated_Wire/ and all_by_ticket/MV6723/ using Direct Image Src
Uploaded MV6723_03_2_Copper.jpg to train/2_Copper/ and all_by_ticket/MV6723/ using Direct Image Src
Uploaded 5 image(s) for MV6723
Opening ticket MV6722...
Downloading images for MV6722...
Waiting for ticket detail for MV6722...
Found 1 ticket item card(s).
Uploaded MV6722_01_1_Insulated_Wire.jpg to train/1_Insulated_Wire/ and all_by_ticket/MV6722/ using Direct Image Src
Uploaded 1 image(s) for MV6722
Opening ticket MV6721...
Downloading images for MV6721...
Waiting for ticket detail for MV6721...
Found 1 ticket item card(s).
Uploaded MV6721_01_Sheet_Iron.jpg to train/Sheet_Iron/ and all_by_ticket/MV6721/ using Direct Image Src
Uploaded 1 image(s) for MV6721
Opening ticket MV6719...
Downloading images for MV6719...
Waiting for ticket detail for MV6719...
Found 2 ticket item card(s).
Uploaded MV6719_01_2_Copper.jpg to train/2_Copper/ and all_by_ticket/MV6719/ using Direct Image Src
Uploaded MV6719_02_BareBright.jpg to train/BareBright/ and all_by_ticket/MV6719/ using Direct Image Src
Uploaded 2 image(s) for MV6719
Pagination before click: 171 - 180 of 300
Pagination after click: 181 - 190 of 300

Processing results page 19...
Scraping ticket numbers from current page...
Waiting for search results...
Skipping ticket MV6738 due to status: CANCEL
Skipping ticket MV6737 due to status: CANCEL
Skipping ticket MV6735 due to status: CANCEL
Skipping ticket MV6733 due to status: CANCEL
Skipping ticket MV6729 due to status: CANCEL
Found 5 ticket(s) on this page after status filtering: ['MV6736', 'MV6734', 'MV6732', 'MV6731', 'MV6730']
Opening ticket MV6736...
Downloading images for MV6736...
Waiting for ticket detail for MV6736...
Found 8 ticket item card(s).
No direct full-size image URL found for MV6736 item 2 (Irony Aluminum).
No direct full-size image URL found for MV6736 item 3 (Sheet Aluminum).
No direct full-size image URL found for MV6736 item 4 (#2 Copper).
No direct full-size image URL found for MV6736 item 5 (Cat 5/6).
No direct full-size image URL found for MV6736 item 6 (Low Grade Insulated Wire).
No direct full-size image URL found for MV6736 item 7 (#2 Insulated Wire).
No direct full-size image URL found for MV6736 item 8 (Dirty Brass).
Uploaded MV6736_01_Sheet_Iron.jpg to val/Sheet_Iron/ and all_by_ticket/MV6736/ using Direct Image Src
Uploaded 1 image(s) for MV6736
Opening ticket MV6734...
Downloading images for MV6734...
Waiting for ticket detail for MV6734...
Found 1 ticket item card(s).
No direct full-size image URL found for MV6734 item 1 (Aluminum Cans).
Skipping ticket MV6734: no usable image tasks found.
Uploaded 0 image(s) for MV6734
Opening ticket MV6732...
Downloading images for MV6732...
Waiting for ticket detail for MV6732...
Found 12 ticket item card(s).
No direct full-size image URL found for MV6732 item 1 (BareBright).
No direct full-size image URL found for MV6732 item 2 (#1 Insulated Wire).
No direct full-size image URL found for MV6732 item 3 (Sheet Aluminum).
No direct full-size image URL found for MV6732 item 4 (Unclean Extrusion).
No direct full-size image URL found for MV6732 item 5 (Irony Aluminum Radiators).
No direct full-size image URL found for MV6732 item 6 (Irony Aluminum).
No direct full-size image URL found for MV6732 item 7 (Sheet Aluminum).
No direct full-size image URL found for MV6732 item 8 (Dirty Brass).
No direct full-size image URL found for MV6732 item 9 (DIECAST).
No direct full-size image URL found for MV6732 item 10 (Laptops - Complete).
No direct full-size image URL found for MV6732 item 11 (Sheet Aluminum).
No direct full-size image URL found for MV6732 item 12 (Low Grade Insulated Wire).
Skipping ticket MV6732: no usable image tasks found.
Uploaded 0 image(s) for MV6732
Opening ticket MV6731...
Downloading images for MV6731...
Waiting for ticket detail for MV6731...
Found 2 ticket item card(s).
No direct full-size image URL found for MV6731 item 1 (BareBright).
No direct full-size image URL found for MV6731 item 2 (#2 Copper).
Skipping ticket MV6731: no usable image tasks found.
Uploaded 0 image(s) for MV6731
Opening ticket MV6730...
Downloading images for MV6730...
Waiting for ticket detail for MV6730...
Found 9 ticket item card(s).
No direct full-size image URL found for MV6730 item 1 (Sheet Iron).
No direct full-size image URL found for MV6730 item 2 (Aluminum/Copper Radiator).
No direct full-size image URL found for MV6730 item 3 (#2 Insulated Wire).
No direct full-size image URL found for MV6730 item 4 (Compressors).
No direct full-size image URL found for MV6730 item 5 (Electric Motor).
No direct full-size image URL found for MV6730 item 6 (#2 Copper).
No direct full-size image URL found for MV6730 item 7 (Dirty Brass).
No direct full-size image URL found for MV6730 item 8 (Irony Aluminum).
No direct full-size image URL found for MV6730 item 9 (Low Grade Insulated Wire).
Skipping ticket MV6730: no usable image tasks found.
Uploaded 0 image(s) for MV6730
Pagination before click: 181 - 190 of 300
Pagination after click: 191 - 200 of 300

Processing results page 20...
Scraping ticket numbers from current page...
Waiting for search results...
Skipping ticket MV6747 due to status: CANCEL
Skipping ticket MV6746 due to status: CANCEL
Skipping ticket MV6745 due to status: VOID
Skipping ticket MV6739 due to status: CANCEL
Found 6 ticket(s) on this page after status filtering: ['MV6748', 'MV6744', 'MV6743', 'MV6742', 'MV6741', 'MV6740']
Opening ticket MV6748...
Downloading images for MV6748...
Waiting for ticket detail for MV6748...
Found 4 ticket item card(s).
Uploaded MV6748_01_Aluminum_Cans.jpg to train/Aluminum_Cans/ and all_by_ticket/MV6748/ using Direct Image Src
Uploaded MV6748_04_Sealed_Units.jpg to train/Sealed_Units/ and all_by_ticket/MV6748/ using Direct Image Src
Uploaded MV6748_03_Sealed_Units.jpg to train/Sealed_Units/ and all_by_ticket/MV6748/ using Direct Image Src
Uploaded MV6748_02_Electric_Motor.jpg to test/Electric_Motor/ and all_by_ticket/MV6748/ using Direct Image Src
Uploaded 4 image(s) for MV6748
Opening ticket MV6744...
Downloading images for MV6744...
Waiting for ticket detail for MV6744...
Found 1 ticket item card(s).
Uploaded MV6744_01_Sheet_Iron.jpg to train/Sheet_Iron/ and all_by_ticket/MV6744/ using Direct Image Src
Uploaded 1 image(s) for MV6744
Opening ticket MV6743...
Downloading images for MV6743...
Waiting for ticket detail for MV6743...
Found 3 ticket item card(s).
Uploaded MV6743_01_Sheet_Iron.jpg to train/Sheet_Iron/ and all_by_ticket/MV6743/ using Direct Image Src
Uploaded MV6743_02_2_Copper.jpg to val/2_Copper/ and all_by_ticket/MV6743/ using Direct Image Src
Uploaded MV6743_03_Irony_SS.jpg to val/Irony_SS/ and all_by_ticket/MV6743/ using Direct Image Src
Uploaded 3 image(s) for MV6743
Opening ticket MV6742...
Downloading images for MV6742...
Waiting for ticket detail for MV6742...
Found 3 ticket item card(s).
Uploaded MV6742_02_Irony_Aluminum.jpg to train/Irony_Aluminum/ and all_by_ticket/MV6742/ using Direct Image Src
Uploaded MV6742_03_Sheet_Iron.jpg to train/Sheet_Iron/ and all_by_ticket/MV6742/ using Direct Image Src
Uploaded MV6742_01_Aluminum_Cans.jpg to train/Aluminum_Cans/ and all_by_ticket/MV6742/ using Direct Image Src
Uploaded 3 image(s) for MV6742
Opening ticket MV6741...
Downloading images for MV6741...
Waiting for ticket detail for MV6741...
Found 1 ticket item card(s).
Uploaded MV6741_01_Sheet_Iron.jpg to train/Sheet_Iron/ and all_by_ticket/MV6741/ using Direct Image Src
Uploaded 1 image(s) for MV6741
Opening ticket MV6740...
Downloading images for MV6740...
Waiting for ticket detail for MV6740...
Found 1 ticket item card(s).
Uploaded MV6740_01_Sheet_Iron.jpg to train/Sheet_Iron/ and all_by_ticket/MV6740/ using Direct Image Src
Uploaded 1 image(s) for MV6740
Pagination before click: 191 - 200 of 300
Pagination after click: 201 - 210 of 300

Processing results page 21...
Scraping ticket numbers from current page...
Waiting for search results...
Skipping ticket MV6754 due to status: VOID
Found 9 ticket(s) on this page after status filtering: ['MV6758', 'MV6757', 'MV6756', 'MV6755', 'MV6753', 'MV6752', 'MV6751', 'MV6750', 'MV6749']
Opening ticket MV6758...
Downloading images for MV6758...
Waiting for ticket detail for MV6758...
Found 4 ticket item card(s).
Uploaded MV6758_01_1_Insulated_Wire.jpg to train/1_Insulated_Wire/ and all_by_ticket/MV6758/ using Direct Image Src
Uploaded MV6758_03_2_Copper.jpg to train/2_Copper/ and all_by_ticket/MV6758/ using Direct Image Src
Uploaded MV6758_02_2_Insulated_Wire.jpg to train/2_Insulated_Wire/ and all_by_ticket/MV6758/ using Direct Image Src
Uploaded MV6758_04_BareBright.jpg to train/BareBright/ and all_by_ticket/MV6758/ using Direct Image Src
Uploaded 4 image(s) for MV6758
Opening ticket MV6757...
Downloading images for MV6757...
Waiting for ticket detail for MV6757...
Found 1 ticket item card(s).
Uploaded MV6757_01_1_Copper.jpg to train/1_Copper/ and all_by_ticket/MV6757/ using Direct Image Src
Uploaded 1 image(s) for MV6757
Opening ticket MV6756...
Downloading images for MV6756...
Waiting for ticket detail for MV6756...
Found 1 ticket item card(s).
Uploaded MV6756_01_Sheet_Iron.jpg to train/Sheet_Iron/ and all_by_ticket/MV6756/ using Direct Image Src
Uploaded 1 image(s) for MV6756
Opening ticket MV6755...
Downloading images for MV6755...
Waiting for ticket detail for MV6755...
Found 6 ticket item card(s).
Uploaded MV6755_01_Dirty_Brass.jpg to train/Dirty_Brass/ and all_by_ticket/MV6755/ using Direct Image Src
Uploaded MV6755_04_Compressors.jpg to train/Compressors/ and all_by_ticket/MV6755/ using Direct Image Src
Uploaded MV6755_02_Sheet_Aluminum.jpg to train/Sheet_Aluminum/ and all_by_ticket/MV6755/ using Direct Image Src
Uploaded MV6755_03_Irony_Aluminum.jpg to train/Irony_Aluminum/ and all_by_ticket/MV6755/ using Direct Image Src
Uploaded MV6755_06_Electric_Motor.jpg to train/Electric_Motor/ and all_by_ticket/MV6755/ using Direct Image Src
Uploaded MV6755_05_2_Copper.jpg to train/2_Copper/ and all_by_ticket/MV6755/ using Direct Image Src
Uploaded 6 image(s) for MV6755
Opening ticket MV6753...
Downloading images for MV6753...
Waiting for ticket detail for MV6753...
Found 1 ticket item card(s).
Uploaded MV6753_01_Aluminum_Rim_Clean.jpg to train/Aluminum_Rim_Clean/ and all_by_ticket/MV6753/ using Direct Image Src
Uploaded 1 image(s) for MV6753
Opening ticket MV6752...
Downloading images for MV6752...
Waiting for ticket detail for MV6752...
Found 1 ticket item card(s).
Uploaded MV6752_01_Aluminum_Cans.jpg to train/Aluminum_Cans/ and all_by_ticket/MV6752/ using Direct Image Src
Uploaded 1 image(s) for MV6752
Opening ticket MV6751...
Downloading images for MV6751...
Waiting for ticket detail for MV6751...
Found 1 ticket item card(s).
Uploaded MV6751_01_Sheet_Iron.jpg to train/Sheet_Iron/ and all_by_ticket/MV6751/ using Direct Image Src
Uploaded 1 image(s) for MV6751
Opening ticket MV6750...
Downloading images for MV6750...
Waiting for ticket detail for MV6750...
Found 1 ticket item card(s).
Uploaded MV6750_01_Test.jpg to train/Test/ and all_by_ticket/MV6750/ using Direct Image Src
Uploaded 1 image(s) for MV6750
Opening ticket MV6749...
Downloading images for MV6749...
Waiting for ticket detail for MV6749...
Found 8 ticket item card(s).
Uploaded MV6749_04_2_Insulated_Wire.jpg to train/2_Insulated_Wire/ and all_by_ticket/MV6749/ using Direct Image Src
Uploaded MV6749_02_2_Copper.jpg to train/2_Copper/ and all_by_ticket/MV6749/ using Direct Image Src
Uploaded MV6749_01_Sheet_Iron.jpg to train/Sheet_Iron/ and all_by_ticket/MV6749/ using Direct Image Src
Uploaded MV6749_05_Electric_Motor.jpg to train/Electric_Motor/ and all_by_ticket/MV6749/ using Direct Image Src
Uploaded MV6749_03_2_Copper.jpg to train/2_Copper/ and all_by_ticket/MV6749/ using Direct Image Src
Uploaded MV6749_06_Sheet_Iron.jpg to train/Sheet_Iron/ and all_by_ticket/MV6749/ using Direct Image Src
Uploaded MV6749_07_Circuit_Board_Low_Grade.jpg to test/Circuit_Board_Low_Grade/ and all_by_ticket/MV6749/ using Direct Image Src
Uploaded MV6749_08_Sheet_Iron.jpg to train/Sheet_Iron/ and all_by_ticket/MV6749/ using Direct Image Src
Uploaded 8 image(s) for MV6749
Pagination before click: 201 - 210 of 300
Pagination after click: 211 - 220 of 300

Processing results page 22...
Scraping ticket numbers from current page...
Waiting for search results...
Found 10 ticket(s) on this page after status filtering: ['MV6768', 'MV6767', 'MV6766', 'MV6765', 'MV6764', 'MV6763', 'MV6762', 'MV6761', 'MV6760', 'MV6759']
Opening ticket MV6768...
Downloading images for MV6768...
Waiting for ticket detail for MV6768...
Found 11 ticket item card(s).
Uploaded MV6768_02_Aluminum_Wire_Insulated.jpg to train/Aluminum_Wire_Insulated/ and all_by_ticket/MV6768/ using Direct Image Src
Uploaded MV6768_04_BareBright.jpg to train/BareBright/ and all_by_ticket/MV6768/ using Direct Image Src
Uploaded MV6768_07_Electric_Motor.jpg to train/Electric_Motor/ and all_by_ticket/MV6768/ using Direct Image Src
Uploaded MV6768_06_2_Insulated_Wire.jpg to train/2_Insulated_Wire/ and all_by_ticket/MV6768/ using Direct Image Src
Uploaded MV6768_03_2_Copper.jpg to train/2_Copper/ and all_by_ticket/MV6768/ using Direct Image Src
Uploaded MV6768_08_Electric_Motor.jpg to train/Electric_Motor/ and all_by_ticket/MV6768/ using Direct Image Src
Uploaded MV6768_05_AluminumCopper_Radiator.jpg to train/AluminumCopper_Radiator/ and all_by_ticket/MV6768/ using Direct Image Src
Uploaded MV6768_01_Aluminum_Wire_Insulated.jpg to train/Aluminum_Wire_Insulated/ and all_by_ticket/MV6768/ using Direct Image Src
Uploaded MV6768_09_Electric_Motor.jpg to train/Electric_Motor/ and all_by_ticket/MV6768/ using Direct Image Src
Uploaded MV6768_10_Sealed_Units.jpg to val/Sealed_Units/ and all_by_ticket/MV6768/ using Direct Image Src
Uploaded MV6768_11_Gutters_Siding.jpg to train/Gutters_Siding/ and all_by_ticket/MV6768/ using Direct Image Src
Uploaded 11 image(s) for MV6768
Opening ticket MV6767...
Downloading images for MV6767...
Waiting for ticket detail for MV6767...
Found 3 ticket item card(s).
Uploaded MV6767_03_2_Insulated_Wire.jpg to train/2_Insulated_Wire/ and all_by_ticket/MV6767/ using Direct Image Src
Uploaded MV6767_01_Auto_Batteries.jpg to test/Auto_Batteries/ and all_by_ticket/MV6767/ using Direct Image Src
Uploaded MV6767_02_Gutters_Siding.jpg to test/Gutters_Siding/ and all_by_ticket/MV6767/ using Direct Image Src
Uploaded 3 image(s) for MV6767
Opening ticket MV6766...
Downloading images for MV6766...
Waiting for ticket detail for MV6766...
Found 2 ticket item card(s).
Uploaded MV6766_02_Sheet_Iron.jpg to train/Sheet_Iron/ and all_by_ticket/MV6766/ using Direct Image Src
Uploaded MV6766_01_2_Copper.jpg to train/2_Copper/ and all_by_ticket/MV6766/ using Direct Image Src
Uploaded 2 image(s) for MV6766
Opening ticket MV6765...
Downloading images for MV6765...
Waiting for ticket detail for MV6765...
Found 2 ticket item card(s).
Uploaded MV6765_01_2_Copper.jpg to train/2_Copper/ and all_by_ticket/MV6765/ using Direct Image Src
Uploaded MV6765_02_2_Insulated_Wire.jpg to train/2_Insulated_Wire/ and all_by_ticket/MV6765/ using Direct Image Src
Uploaded 2 image(s) for MV6765
Opening ticket MV6764...
Downloading images for MV6764...
Waiting for ticket detail for MV6764...
Found 5 ticket item card(s).
Uploaded MV6764_03_AluminumCopper_Radiator.jpg to train/AluminumCopper_Radiator/ and all_by_ticket/MV6764/ using Direct Image Src
Uploaded MV6764_01_Low_Grade_Insulated_Wire.jpg to val/Low_Grade_Insulated_Wire/ and all_by_ticket/MV6764/ using Direct Image Src
Uploaded MV6764_02_Yellow_Brass_Clean.jpg to train/Yellow_Brass_Clean/ and all_by_ticket/MV6764/ using Direct Image Src
Uploaded MV6764_04_Sheet_Copper.jpg to train/Sheet_Copper/ and all_by_ticket/MV6764/ using Direct Image Src
Uploaded MV6764_05_2_Copper.jpg to val/2_Copper/ and all_by_ticket/MV6764/ using Direct Image Src
Uploaded 5 image(s) for MV6764
Opening ticket MV6763...
Downloading images for MV6763...
Waiting for ticket detail for MV6763...
Found 8 ticket item card(s).
Uploaded MV6763_05_Electric_Motor.jpg to train/Electric_Motor/ and all_by_ticket/MV6763/ using Direct Image Src
Uploaded MV6763_06_2_Insulated_Wire.jpg to train/2_Insulated_Wire/ and all_by_ticket/MV6763/ using Direct Image Src
Uploaded MV6763_03_2_Copper.jpg to train/2_Copper/ and all_by_ticket/MV6763/ using Direct Image Src
Uploaded MV6763_04_Sealed_Units.jpg to train/Sealed_Units/ and all_by_ticket/MV6763/ using Direct Image Src
Uploaded MV6763_02_Aluminum_Cans.jpg to train/Aluminum_Cans/ and all_by_ticket/MV6763/ using Direct Image Src
Uploaded MV6763_07_AluminumCopper_Radiator.jpg to train/AluminumCopper_Radiator/ and all_by_ticket/MV6763/ using Direct Image Src
Uploaded MV6763_01_Sheet_Iron.jpg to train/Sheet_Iron/ and all_by_ticket/MV6763/ using Direct Image Src
Uploaded MV6763_08_Cast_Aluminum.jpg to train/Cast_Aluminum/ and all_by_ticket/MV6763/ using Direct Image Src
Uploaded 8 image(s) for MV6763
Opening ticket MV6762...
Downloading images for MV6762...
Waiting for ticket detail for MV6762...
Found 6 ticket item card(s).
Uploaded MV6762_01_2_Insulated_Wire.jpg to train/2_Insulated_Wire/ and all_by_ticket/MV6762/ using Direct Image Src
Uploaded MV6762_02_Romex.jpg to train/Romex/ and all_by_ticket/MV6762/ using Direct Image Src
Uploaded MV6762_03_Sheet_Iron.jpg to train/Sheet_Iron/ and all_by_ticket/MV6762/ using Direct Image Src
Uploaded MV6762_05_Yellow_Brass_Clean.jpg to test/Yellow_Brass_Clean/ and all_by_ticket/MV6762/ using Direct Image Src
Uploaded MV6762_04_Irony_Aluminum.jpg to train/Irony_Aluminum/ and all_by_ticket/MV6762/ using Direct Image Src
Uploaded MV6762_06_Sheet_Iron.jpg to train/Sheet_Iron/ and all_by_ticket/MV6762/ using Direct Image Src
Uploaded 6 image(s) for MV6762
Opening ticket MV6761...
Downloading images for MV6761...
Waiting for ticket detail for MV6761...
Found 1 ticket item card(s).
Uploaded MV6761_01_Aluminum_Cans.jpg to train/Aluminum_Cans/ and all_by_ticket/MV6761/ using Direct Image Src
Uploaded 1 image(s) for MV6761
Opening ticket MV6760...
Downloading images for MV6760...
Waiting for ticket detail for MV6760...
Found 1 ticket item card(s).
Uploaded MV6760_01_304.jpg to train/304/ and all_by_ticket/MV6760/ using Direct Image Src
Uploaded 1 image(s) for MV6760
Opening ticket MV6759...
Downloading images for MV6759...
Waiting for ticket detail for MV6759...
Found 1 ticket item card(s).
Uploaded MV6759_01_Sheet_Iron.jpg to train/Sheet_Iron/ and all_by_ticket/MV6759/ using Direct Image Src
Uploaded 1 image(s) for MV6759
Pagination before click: 211 - 220 of 300
Pagination after click: 221 - 230 of 300

Processing results page 23...
Scraping ticket numbers from current page...
Waiting for search results...
Found 10 ticket(s) on this page after status filtering: ['MV6778', 'MV6777', 'MV6776', 'MV6775', 'MV6774', 'MV6773', 'MV6772', 'MV6771', 'MV6770', 'MV6769']
Opening ticket MV6778...
Downloading images for MV6778...
Waiting for ticket detail for MV6778...
Found 6 ticket item card(s).
Uploaded MV6778_02_2_Insulated_Wire.jpg to train/2_Insulated_Wire/ and all_by_ticket/MV6778/ using Direct Image Src
Uploaded MV6778_05_Dirty_Brass.jpg to train/Dirty_Brass/ and all_by_ticket/MV6778/ using Direct Image Src
Uploaded MV6778_04_Irony_Aluminum.jpg to train/Irony_Aluminum/ and all_by_ticket/MV6778/ using Direct Image Src
Uploaded MV6778_01_Sheet_Iron.jpg to train/Sheet_Iron/ and all_by_ticket/MV6778/ using Direct Image Src
Uploaded MV6778_03_Extrusion.jpg to val/Extrusion/ and all_by_ticket/MV6778/ using Direct Image Src
Uploaded MV6778_06_2_Copper.jpg to train/2_Copper/ and all_by_ticket/MV6778/ using Direct Image Src
Uploaded 6 image(s) for MV6778
Opening ticket MV6777...
Downloading images for MV6777...
Waiting for ticket detail for MV6777...
Found 3 ticket item card(s).
Uploaded MV6777_01_Sheet_Iron.jpg to train/Sheet_Iron/ and all_by_ticket/MV6777/ using Direct Image Src
Uploaded MV6777_03_Aluminum_Radiator.jpg to train/Aluminum_Radiator/ and all_by_ticket/MV6777/ using Direct Image Src
Uploaded MV6777_02_Irony_Aluminum.jpg to train/Irony_Aluminum/ and all_by_ticket/MV6777/ using Direct Image Src
Uploaded 3 image(s) for MV6777
Opening ticket MV6776...
Downloading images for MV6776...
Waiting for ticket detail for MV6776...
Found 1 ticket item card(s).
Uploaded MV6776_01_Sheet_Iron.jpg to train/Sheet_Iron/ and all_by_ticket/MV6776/ using Direct Image Src
Uploaded 1 image(s) for MV6776
Opening ticket MV6775...
Downloading images for MV6775...
Waiting for ticket detail for MV6775...
Found 12 ticket item card(s).
Uploaded MV6775_01_Aluminum_Cans.jpg to train/Aluminum_Cans/ and all_by_ticket/MV6775/ using Direct Image Src
Uploaded MV6775_06_Yellow_Brass_Clean.jpg to train/Yellow_Brass_Clean/ and all_by_ticket/MV6775/ using Direct Image Src
Uploaded MV6775_05_Dirty_Brass.jpg to train/Dirty_Brass/ and all_by_ticket/MV6775/ using Direct Image Src
Uploaded MV6775_04_Dirty_Brass.jpg to train/Dirty_Brass/ and all_by_ticket/MV6775/ using Direct Image Src
Uploaded MV6775_03_Cast_Aluminum.jpg to train/Cast_Aluminum/ and all_by_ticket/MV6775/ using Direct Image Src
Uploaded MV6775_07_BareBright.jpg to train/BareBright/ and all_by_ticket/MV6775/ using Direct Image Src
Uploaded MV6775_11_Sheet_Iron.jpg to train/Sheet_Iron/ and all_by_ticket/MV6775/ using Direct Image Src
Uploaded MV6775_09_Irony_ACR_Radiators.jpg to train/Irony_ACR_Radiators/ and all_by_ticket/MV6775/ using Direct Image Src
Uploaded MV6775_12_Sheet_Aluminum.jpg to train/Sheet_Aluminum/ and all_by_ticket/MV6775/ using Direct Image Src
Uploaded MV6775_08_2_Copper.jpg to test/2_Copper/ and all_by_ticket/MV6775/ using Direct Image Src
Uploaded MV6775_02_2_Insulated_Wire.jpg to train/2_Insulated_Wire/ and all_by_ticket/MV6775/ using Direct Image Src
Uploaded MV6775_10_Sheet_Iron.jpg to train/Sheet_Iron/ and all_by_ticket/MV6775/ using Direct Image Src
Uploaded 12 image(s) for MV6775
Opening ticket MV6774...
Downloading images for MV6774...
Waiting for ticket detail for MV6774...
Found 1 ticket item card(s).
Uploaded MV6774_01_2_Copper.jpg to train/2_Copper/ and all_by_ticket/MV6774/ using Direct Image Src
Uploaded 1 image(s) for MV6774
Opening ticket MV6773...
Downloading images for MV6773...
Waiting for ticket detail for MV6773...
Found 8 ticket item card(s).
Uploaded MV6773_07_Sealed_Units.jpg to train/Sealed_Units/ and all_by_ticket/MV6773/ using Direct Image Src
Uploaded MV6773_03_Dirty_Brass.jpg to val/Dirty_Brass/ and all_by_ticket/MV6773/ using Direct Image Src
Uploaded MV6773_05_Irony_ACR_Radiators.jpg to val/Irony_ACR_Radiators/ and all_by_ticket/MV6773/ using Direct Image Src
Uploaded MV6773_04_304.jpg to test/304/ and all_by_ticket/MV6773/ using Direct Image Src
Uploaded MV6773_06_AluminumCopper_Radiator.jpg to train/AluminumCopper_Radiator/ and all_by_ticket/MV6773/ using Direct Image Src
Uploaded MV6773_02_2_Copper.jpg to train/2_Copper/ and all_by_ticket/MV6773/ using Direct Image Src
Uploaded MV6773_08_Sealed_Units.jpg to train/Sealed_Units/ and all_by_ticket/MV6773/ using Direct Image Src
Uploaded MV6773_01_Sheet_Iron.jpg to train/Sheet_Iron/ and all_by_ticket/MV6773/ using Direct Image Src
Uploaded 8 image(s) for MV6773
Opening ticket MV6772...
Downloading images for MV6772...
Waiting for ticket detail for MV6772...
Found 4 ticket item card(s).
Uploaded MV6772_03_Sheet_Iron.jpg to train/Sheet_Iron/ and all_by_ticket/MV6772/ using Direct Image Src
Uploaded MV6772_02_Yellow_Brass_Clean.jpg to test/Yellow_Brass_Clean/ and all_by_ticket/MV6772/ using Direct Image Src
Uploaded MV6772_04_Cast_Aluminum.jpg to test/Cast_Aluminum/ and all_by_ticket/MV6772/ using Direct Image Src
Uploaded MV6772_01_Yellow_Brass_Clean.jpg to train/Yellow_Brass_Clean/ and all_by_ticket/MV6772/ using Direct Image Src
Uploaded 4 image(s) for MV6772
Opening ticket MV6771...
Downloading images for MV6771...
Waiting for ticket detail for MV6771...
Found 3 ticket item card(s).
Uploaded MV6771_02_Aluminum_Rim_Clean.jpg to train/Aluminum_Rim_Clean/ and all_by_ticket/MV6771/ using Direct Image Src
Uploaded MV6771_03_2_Copper.jpg to train/2_Copper/ and all_by_ticket/MV6771/ using Direct Image Src
Uploaded MV6771_01_Sealed_Units.jpg to train/Sealed_Units/ and all_by_ticket/MV6771/ using Direct Image Src
Uploaded 3 image(s) for MV6771
Opening ticket MV6770...
Downloading images for MV6770...
Waiting for ticket detail for MV6770...
Found 6 ticket item card(s).
Uploaded MV6770_03_BareBright.jpg to train/BareBright/ and all_by_ticket/MV6770/ using Direct Image Src
Uploaded MV6770_02_2_Copper.jpg to train/2_Copper/ and all_by_ticket/MV6770/ using Direct Image Src
Uploaded MV6770_04_AluminumCopper_Radiator.jpg to val/AluminumCopper_Radiator/ and all_by_ticket/MV6770/ using Direct Image Src
Uploaded MV6770_05_Irony_Aluminum.jpg to train/Irony_Aluminum/ and all_by_ticket/MV6770/ using Direct Image Src
Uploaded MV6770_06_2_Insulated_Wire.jpg to train/2_Insulated_Wire/ and all_by_ticket/MV6770/ using Direct Image Src
Uploaded MV6770_01_Extrusion.jpg to train/Extrusion/ and all_by_ticket/MV6770/ using Direct Image Src
Uploaded 6 image(s) for MV6770
Opening ticket MV6769...
Downloading images for MV6769...
Waiting for ticket detail for MV6769...
Found 1 ticket item card(s).
Uploaded MV6769_01_Sheet_Iron.jpg to test/Sheet_Iron/ and all_by_ticket/MV6769/ using Direct Image Src
Uploaded 1 image(s) for MV6769
Pagination before click: 221 - 230 of 300
Pagination after click: 231 - 240 of 300

Processing results page 24...
Scraping ticket numbers from current page...
Waiting for search results...
Found 10 ticket(s) on this page after status filtering: ['MV6788', 'MV6787', 'MV6786', 'MV6785', 'MV6784', 'MV6783', 'MV6782', 'MV6781', 'MV6780', 'MV6779']
Opening ticket MV6788...
Downloading images for MV6788...
Waiting for ticket detail for MV6788...
Found 7 ticket item card(s).
Uploaded MV6788_03_2_Insulated_Wire.jpg to train/2_Insulated_Wire/ and all_by_ticket/MV6788/ using Direct Image Src
Uploaded MV6788_06_2_Insulated_Wire.jpg to test/2_Insulated_Wire/ and all_by_ticket/MV6788/ using Direct Image Src
Uploaded MV6788_02_Sheet_Iron.jpg to train/Sheet_Iron/ and all_by_ticket/MV6788/ using Direct Image Src
Uploaded MV6788_04_2_Copper.jpg to test/2_Copper/ and all_by_ticket/MV6788/ using Direct Image Src
Uploaded MV6788_05_Sheet_Aluminum.jpg to train/Sheet_Aluminum/ and all_by_ticket/MV6788/ using Direct Image Src
Uploaded MV6788_01_Sheet_Iron.jpg to train/Sheet_Iron/ and all_by_ticket/MV6788/ using Direct Image Src
Uploaded MV6788_07_Ballast.jpg to train/Ballast/ and all_by_ticket/MV6788/ using Direct Image Src
Uploaded 7 image(s) for MV6788
Opening ticket MV6787...
Downloading images for MV6787...
Waiting for ticket detail for MV6787...
Found 3 ticket item card(s).
Uploaded MV6787_01_BareBright.jpg to train/BareBright/ and all_by_ticket/MV6787/ using Direct Image Src
Uploaded MV6787_02_Low_Grade_Insulated_Wire.jpg to train/Low_Grade_Insulated_Wire/ and all_by_ticket/MV6787/ using Direct Image Src
Uploaded MV6787_03_Sheet_Iron.jpg to train/Sheet_Iron/ and all_by_ticket/MV6787/ using Direct Image Src
Uploaded 3 image(s) for MV6787
Opening ticket MV6786...
Downloading images for MV6786...
Waiting for ticket detail for MV6786...
Found 2 ticket item card(s).
Uploaded MV6786_01_BareBright.jpg to train/BareBright/ and all_by_ticket/MV6786/ using Direct Image Src
Uploaded MV6786_02_BareBright.jpg to train/BareBright/ and all_by_ticket/MV6786/ using Direct Image Src
Uploaded 2 image(s) for MV6786
Opening ticket MV6785...
Downloading images for MV6785...
Waiting for ticket detail for MV6785...
Found 4 ticket item card(s).
Uploaded MV6785_04_Electric_Motor.jpg to train/Electric_Motor/ and all_by_ticket/MV6785/ using Direct Image Src
Uploaded MV6785_01_Sheet_Iron.jpg to train/Sheet_Iron/ and all_by_ticket/MV6785/ using Direct Image Src
Uploaded MV6785_02_Extrusion.jpg to train/Extrusion/ and all_by_ticket/MV6785/ using Direct Image Src
Uploaded MV6785_03_2_Copper.jpg to train/2_Copper/ and all_by_ticket/MV6785/ using Direct Image Src
Uploaded 4 image(s) for MV6785
Opening ticket MV6784...
Downloading images for MV6784...
Waiting for ticket detail for MV6784...
Found 1 ticket item card(s).
Uploaded MV6784_01_Sheet_Iron.jpg to train/Sheet_Iron/ and all_by_ticket/MV6784/ using Direct Image Src
Uploaded 1 image(s) for MV6784
Opening ticket MV6783...
Downloading images for MV6783...
Waiting for ticket detail for MV6783...
Found 1 ticket item card(s).
Uploaded MV6783_01_Sheet_Iron.jpg to train/Sheet_Iron/ and all_by_ticket/MV6783/ using Direct Image Src
Uploaded 1 image(s) for MV6783
Opening ticket MV6782...
Downloading images for MV6782...
Waiting for ticket detail for MV6782...
Found 5 ticket item card(s).
Uploaded MV6782_02_1_Insulated_Wire.jpg to train/1_Insulated_Wire/ and all_by_ticket/MV6782/ using Direct Image Src
Uploaded MV6782_03_2_Copper.jpg to train/2_Copper/ and all_by_ticket/MV6782/ using Direct Image Src
Uploaded MV6782_01_BareBright.jpg to train/BareBright/ and all_by_ticket/MV6782/ using Direct Image Src
Uploaded MV6782_05_2_Insulated_Wire.jpg to train/2_Insulated_Wire/ and all_by_ticket/MV6782/ using Direct Image Src
Uploaded MV6782_04_Romex.jpg to train/Romex/ and all_by_ticket/MV6782/ using Direct Image Src
Uploaded 5 image(s) for MV6782
Opening ticket MV6781...
Downloading images for MV6781...
Waiting for ticket detail for MV6781...
Found 16 ticket item card(s).
Uploaded MV6781_01_Sheet_Iron.jpg to train/Sheet_Iron/ and all_by_ticket/MV6781/ using Direct Image Src
Uploaded MV6781_02_Sheet_Iron.jpg to train/Sheet_Iron/ and all_by_ticket/MV6781/ using Direct Image Src
Uploaded MV6781_04_AluminumCopper_Radiator.jpg to train/AluminumCopper_Radiator/ and all_by_ticket/MV6781/ using Direct Image Src
Uploaded MV6781_03_Unclean_Extrusion.jpg to train/Unclean_Extrusion/ and all_by_ticket/MV6781/ using Direct Image Src
Uploaded MV6781_05_Aluminum_Radiator.jpg to test/Aluminum_Radiator/ and all_by_ticket/MV6781/ using Direct Image Src
Uploaded MV6781_10_2_Copper.jpg to train/2_Copper/ and all_by_ticket/MV6781/ using Direct Image Src
Uploaded MV6781_09_Irony_Aluminum.jpg to val/Irony_Aluminum/ and all_by_ticket/MV6781/ using Direct Image Src
Uploaded MV6781_06_Sheet_Aluminum.jpg to val/Sheet_Aluminum/ and all_by_ticket/MV6781/ using Direct Image Src
Uploaded MV6781_07_Sealed_Units.jpg to test/Sealed_Units/ and all_by_ticket/MV6781/ using Direct Image Src
Uploaded MV6781_11_1_Copper.jpg to train/1_Copper/ and all_by_ticket/MV6781/ using Direct Image Src
Uploaded MV6781_12_2_Insulated_Wire.jpg to test/2_Insulated_Wire/ and all_by_ticket/MV6781/ using Direct Image Src
Uploaded MV6781_08_Irony_Aluminum.jpg to val/Irony_Aluminum/ and all_by_ticket/MV6781/ using Direct Image Src
Uploaded MV6781_13_Yellow_Brass_Clean.jpg to test/Yellow_Brass_Clean/ and all_by_ticket/MV6781/ using Direct Image Src
Uploaded MV6781_14_Sealed_Units.jpg to train/Sealed_Units/ and all_by_ticket/MV6781/ using Direct Image Src
Uploaded MV6781_15_Auto_Batteries.jpg to val/Auto_Batteries/ and all_by_ticket/MV6781/ using Direct Image Src
Uploaded MV6781_16_Electric_Motor.jpg to train/Electric_Motor/ and all_by_ticket/MV6781/ using Direct Image Src
Uploaded 16 image(s) for MV6781
Opening ticket MV6780...
Downloading images for MV6780...
Waiting for ticket detail for MV6780...
Found 1 ticket item card(s).
Uploaded MV6780_01_Pallets.jpg to train/Pallets/ and all_by_ticket/MV6780/ using Direct Image Src
Uploaded 1 image(s) for MV6780
Opening ticket MV6779...
Downloading images for MV6779...
Waiting for ticket detail for MV6779...
Found 5 ticket item card(s).
Uploaded MV6779_05_Hard_Drive.jpg to train/Hard_Drive/ and all_by_ticket/MV6779/ using Direct Image Src
Uploaded MV6779_01_2_Insulated_Wire.jpg to train/2_Insulated_Wire/ and all_by_ticket/MV6779/ using Direct Image Src
Uploaded MV6779_04_Laptops_Complete.jpg to train/Laptops_Complete/ and all_by_ticket/MV6779/ using Direct Image Src
Uploaded MV6779_02_Complete_PC.jpg to train/Complete_PC/ and all_by_ticket/MV6779/ using Direct Image Src
Uploaded MV6779_03_Complete_PC.jpg to train/Complete_PC/ and all_by_ticket/MV6779/ using Direct Image Src
Uploaded 5 image(s) for MV6779
Pagination before click: 231 - 240 of 300
Pagination after click: 241 - 250 of 300

Processing results page 25...
Scraping ticket numbers from current page...
Waiting for search results...
Found 10 ticket(s) on this page after status filtering: ['MV6798', 'MV6797', 'MV6796', 'MV6795', 'MV6794', 'MV6793', 'MV6792', 'MV6791', 'MV6790', 'MV6789']
Opening ticket MV6798...
Downloading images for MV6798...
Waiting for ticket detail for MV6798...
Found 3 ticket item card(s).
Uploaded MV6798_01_AluminumCopper_Radiator.jpg to train/AluminumCopper_Radiator/ and all_by_ticket/MV6798/ using Direct Image Src
Uploaded MV6798_03_2_Insulated_Wire.jpg to train/2_Insulated_Wire/ and all_by_ticket/MV6798/ using Direct Image Src
Uploaded MV6798_02_Irony_Aluminum.jpg to test/Irony_Aluminum/ and all_by_ticket/MV6798/ using Direct Image Src
Uploaded 3 image(s) for MV6798
Opening ticket MV6797...
Downloading images for MV6797...
Waiting for ticket detail for MV6797...
Found 8 ticket item card(s).
Uploaded MV6797_04_2_Copper.jpg to train/2_Copper/ and all_by_ticket/MV6797/ using Direct Image Src
Uploaded MV6797_08_Dirty_Brass.jpg to train/Dirty_Brass/ and all_by_ticket/MV6797/ using Direct Image Src
Uploaded MV6797_05_2_Copper.jpg to train/2_Copper/ and all_by_ticket/MV6797/ using Direct Image Src
Uploaded MV6797_03_Low_Grade_Insulated_Wire.jpg to train/Low_Grade_Insulated_Wire/ and all_by_ticket/MV6797/ using Direct Image Src
Uploaded MV6797_06_Cast_Aluminum.jpg to train/Cast_Aluminum/ and all_by_ticket/MV6797/ using Direct Image Src
Uploaded MV6797_01_AluminumCopper_Radiator.jpg to train/AluminumCopper_Radiator/ and all_by_ticket/MV6797/ using Direct Image Src
Uploaded MV6797_02_2_Insulated_Wire.jpg to train/2_Insulated_Wire/ and all_by_ticket/MV6797/ using Direct Image Src
Uploaded MV6797_07_Sealed_Units.jpg to train/Sealed_Units/ and all_by_ticket/MV6797/ using Direct Image Src
Uploaded 8 image(s) for MV6797
Opening ticket MV6796...
Downloading images for MV6796...
Waiting for ticket detail for MV6796...
Found 4 ticket item card(s).
Uploaded MV6796_02_Sheet_Iron.jpg to train/Sheet_Iron/ and all_by_ticket/MV6796/ using Direct Image Src
Uploaded MV6796_01_Extrusion.jpg to test/Extrusion/ and all_by_ticket/MV6796/ using Direct Image Src
Uploaded MV6796_03_Cast_Aluminum.jpg to train/Cast_Aluminum/ and all_by_ticket/MV6796/ using Direct Image Src
Uploaded MV6796_04_2_Copper.jpg to train/2_Copper/ and all_by_ticket/MV6796/ using Direct Image Src
Uploaded 4 image(s) for MV6796
Opening ticket MV6795...
Downloading images for MV6795...
Waiting for ticket detail for MV6795...
Found 3 ticket item card(s).
Uploaded MV6795_03_Irony_Aluminum.jpg to train/Irony_Aluminum/ and all_by_ticket/MV6795/ using Direct Image Src
Uploaded MV6795_01_Sheet_Iron.jpg to train/Sheet_Iron/ and all_by_ticket/MV6795/ using Direct Image Src
Uploaded MV6795_02_Aluminum_Rim_Clean.jpg to test/Aluminum_Rim_Clean/ and all_by_ticket/MV6795/ using Direct Image Src
Uploaded 3 image(s) for MV6795
Opening ticket MV6794...
Downloading images for MV6794...
Waiting for ticket detail for MV6794...
Found 1 ticket item card(s).
Uploaded MV6794_01_Sheet_Iron.jpg to train/Sheet_Iron/ and all_by_ticket/MV6794/ using Direct Image Src
Uploaded 1 image(s) for MV6794
Opening ticket MV6793...
Downloading images for MV6793...
Waiting for ticket detail for MV6793...
Found 2 ticket item card(s).
Uploaded MV6793_01_2_Copper.jpg to train/2_Copper/ and all_by_ticket/MV6793/ using Direct Image Src
Uploaded MV6793_02_AluminumCopper_Radiator.jpg to train/AluminumCopper_Radiator/ and all_by_ticket/MV6793/ using Direct Image Src
Uploaded 2 image(s) for MV6793
Opening ticket MV6792...
Downloading images for MV6792...
Waiting for ticket detail for MV6792...
Found 1 ticket item card(s).
Uploaded MV6792_01_Sheet_Iron.jpg to train/Sheet_Iron/ and all_by_ticket/MV6792/ using Direct Image Src
Uploaded 1 image(s) for MV6792
Opening ticket MV6791...
Downloading images for MV6791...
Waiting for ticket detail for MV6791...
Found 1 ticket item card(s).
Uploaded MV6791_01_Sheet_Iron.jpg to train/Sheet_Iron/ and all_by_ticket/MV6791/ using Direct Image Src
Uploaded 1 image(s) for MV6791
Opening ticket MV6790...
Downloading images for MV6790...
Waiting for ticket detail for MV6790...
Found 7 ticket item card(s).
Uploaded MV6790_02_2_Insulated_Wire.jpg to train/2_Insulated_Wire/ and all_by_ticket/MV6790/ using Direct Image Src
Uploaded MV6790_01_Low_Grade_Insulated_Wire.jpg to test/Low_Grade_Insulated_Wire/ and all_by_ticket/MV6790/ using Direct Image Src
Uploaded MV6790_03_Sheet_Iron.jpg to train/Sheet_Iron/ and all_by_ticket/MV6790/ using Direct Image Src
Uploaded MV6790_07_2_Insulated_Wire.jpg to train/2_Insulated_Wire/ and all_by_ticket/MV6790/ using Direct Image Src
Uploaded MV6790_04_Sheet_Iron.jpg to val/Sheet_Iron/ and all_by_ticket/MV6790/ using Direct Image Src
Uploaded MV6790_05_Aluminum_Wire_Clean_No_Insulation.jpg to val/Aluminum_Wire_Clean_No_Insulation/ and all_by_ticket/MV6790/ using Direct Image Src
Uploaded MV6790_06_BareBright.jpg to train/BareBright/ and all_by_ticket/MV6790/ using Direct Image Src
Uploaded 7 image(s) for MV6790
Opening ticket MV6789...
Downloading images for MV6789...
Waiting for ticket detail for MV6789...
Found 1 ticket item card(s).
Uploaded MV6789_01_BareBright.jpg to train/BareBright/ and all_by_ticket/MV6789/ using Direct Image Src
Uploaded 1 image(s) for MV6789
Pagination before click: 241 - 250 of 300
Pagination after click: 251 - 260 of 300

Processing results page 26...
Scraping ticket numbers from current page...
Waiting for search results...
Found 10 ticket(s) on this page after status filtering: ['MV6808', 'MV6807', 'MV6806', 'MV6805', 'MV6804', 'MV6803', 'MV6802', 'MV6801', 'MV6800', 'MV6799']
Opening ticket MV6808...
Downloading images for MV6808...
Waiting for ticket detail for MV6808...
Found 2 ticket item card(s).
Uploaded MV6808_01_Cat_56.jpg to train/Cat_56/ and all_by_ticket/MV6808/ using Direct Image Src
Uploaded MV6808_02_Extrusion.jpg to val/Extrusion/ and all_by_ticket/MV6808/ using Direct Image Src
Uploaded 2 image(s) for MV6808
Opening ticket MV6807...
Downloading images for MV6807...
Waiting for ticket detail for MV6807...
Found 4 ticket item card(s).
Uploaded MV6807_01_Yellow_Brass_Clean.jpg to train/Yellow_Brass_Clean/ and all_by_ticket/MV6807/ using Direct Image Src
Uploaded MV6807_02_Dirty_Brass.jpg to train/Dirty_Brass/ and all_by_ticket/MV6807/ using Direct Image Src
Uploaded MV6807_04_2_Copper.jpg to train/2_Copper/ and all_by_ticket/MV6807/ using Direct Image Src
Uploaded MV6807_03_Auto_Batteries.jpg to train/Auto_Batteries/ and all_by_ticket/MV6807/ using Direct Image Src
Uploaded 4 image(s) for MV6807
Opening ticket MV6806...
Downloading images for MV6806...
Waiting for ticket detail for MV6806...
Found 2 ticket item card(s).
Uploaded MV6806_01_Aluminum_Radiator.jpg to train/Aluminum_Radiator/ and all_by_ticket/MV6806/ using Direct Image Src
Uploaded MV6806_02_Extrusion.jpg to train/Extrusion/ and all_by_ticket/MV6806/ using Direct Image Src
Uploaded 2 image(s) for MV6806
Opening ticket MV6805...
Downloading images for MV6805...
Waiting for ticket detail for MV6805...
Found 2 ticket item card(s).
Uploaded MV6805_01_Aluminum_Cans.jpg to train/Aluminum_Cans/ and all_by_ticket/MV6805/ using Direct Image Src
Uploaded MV6805_02_Aluminum_Cans.jpg to train/Aluminum_Cans/ and all_by_ticket/MV6805/ using Direct Image Src
Uploaded 2 image(s) for MV6805
Opening ticket MV6804...
Downloading images for MV6804...
Waiting for ticket detail for MV6804...
Found 2 ticket item card(s).
Uploaded MV6804_01_Sealed_Units.jpg to train/Sealed_Units/ and all_by_ticket/MV6804/ using Direct Image Src
Uploaded MV6804_02_AluminumCopper_Radiator.jpg to train/AluminumCopper_Radiator/ and all_by_ticket/MV6804/ using Direct Image Src
Uploaded 2 image(s) for MV6804
Opening ticket MV6803...
Downloading images for MV6803...
Waiting for ticket detail for MV6803...
Found 1 ticket item card(s).
Uploaded MV6803_01_Sheet_Iron.jpg to val/Sheet_Iron/ and all_by_ticket/MV6803/ using Direct Image Src
Uploaded 1 image(s) for MV6803
Opening ticket MV6802...
Downloading images for MV6802...
Waiting for ticket detail for MV6802...
Found 1 ticket item card(s).
No direct full-size image URL found for MV6802 item 1 (Sheet Iron).
Skipping ticket MV6802: no usable image tasks found.
Uploaded 0 image(s) for MV6802
Opening ticket MV6801...
Downloading images for MV6801...
Waiting for ticket detail for MV6801...
Skipping ticket MV6801: no visible image cards detected after detail page stabilized.
Uploaded 0 image(s) for MV6801
Opening ticket MV6800...
Downloading images for MV6800...
Waiting for ticket detail for MV6800...
Found 3 ticket item card(s).
Uploaded MV6800_01_2_Copper.jpg to train/2_Copper/ and all_by_ticket/MV6800/ using Direct Image Src
Uploaded MV6800_02_Christmas_Lights.jpg to train/Christmas_Lights/ and all_by_ticket/MV6800/ using Direct Image Src
Uploaded MV6800_03_2_Insulated_Wire.jpg to train/2_Insulated_Wire/ and all_by_ticket/MV6800/ using Direct Image Src
Uploaded 3 image(s) for MV6800
Opening ticket MV6799...
Downloading images for MV6799...
Waiting for ticket detail for MV6799...
Found 4 ticket item card(s).
Uploaded MV6799_01_Yellow_Brass_Clean.jpg to train/Yellow_Brass_Clean/ and all_by_ticket/MV6799/ using Direct Image Src
Uploaded MV6799_02_1_Insulated_Wire.jpg to train/1_Insulated_Wire/ and all_by_ticket/MV6799/ using Direct Image Src
Uploaded MV6799_03_BareBright.jpg to train/BareBright/ and all_by_ticket/MV6799/ using Direct Image Src
Uploaded MV6799_04_2_Copper.jpg to train/2_Copper/ and all_by_ticket/MV6799/ using Direct Image Src
Uploaded 4 image(s) for MV6799
Pagination before click: 251 - 260 of 300
Pagination after click: 261 - 270 of 300

Processing results page 27...
Scraping ticket numbers from current page...
Waiting for search results...
Skipping ticket MV6816 due to status: VOID
Skipping ticket MV6813 due to status: VOID
Skipping ticket MV6812 due to status: VOID
Skipping ticket MV6811 due to status: VOID
Skipping ticket MV6810 due to status: VOID
Found 5 ticket(s) on this page after status filtering: ['MV6818', 'MV6817', 'MV6815', 'MV6814', 'MV6809']
Opening ticket MV6818...
Downloading images for MV6818...
Waiting for ticket detail for MV6818...
Found 11 ticket item card(s).
Uploaded MV6818_04_Low_Grade_Insulated_Wire.jpg to train/Low_Grade_Insulated_Wire/ and all_by_ticket/MV6818/ using Direct Image Src
Uploaded MV6818_02_Irony_Aluminum.jpg to train/Irony_Aluminum/ and all_by_ticket/MV6818/ using Direct Image Src
Uploaded MV6818_01_2_Insulated_Wire.jpg to val/2_Insulated_Wire/ and all_by_ticket/MV6818/ using Direct Image Src
Uploaded MV6818_03_Auto_Batteries.jpg to train/Auto_Batteries/ and all_by_ticket/MV6818/ using Direct Image Src
Uploaded MV6818_10_Cast_Aluminum.jpg to val/Cast_Aluminum/ and all_by_ticket/MV6818/ using Direct Image Src
Uploaded MV6818_09_Yellow_Brass_Clean.jpg to train/Yellow_Brass_Clean/ and all_by_ticket/MV6818/ using Direct Image Src
Uploaded MV6818_11_Sheet_Iron.jpg to test/Sheet_Iron/ and all_by_ticket/MV6818/ using Direct Image Src
Uploaded MV6818_07_BareBright.jpg to train/BareBright/ and all_by_ticket/MV6818/ using Direct Image Src
Uploaded MV6818_08_MC_Metal_Shield.jpg to train/MC_Metal_Shield/ and all_by_ticket/MV6818/ using Direct Image Src
Uploaded MV6818_06_2_Copper.jpg to train/2_Copper/ and all_by_ticket/MV6818/ using Direct Image Src
Uploaded MV6818_05_Aluminum_Wire_Insulated.jpg to train/Aluminum_Wire_Insulated/ and all_by_ticket/MV6818/ using Direct Image Src
Uploaded 11 image(s) for MV6818
Opening ticket MV6817...
Downloading images for MV6817...
Waiting for ticket detail for MV6817...
Found 2 ticket item card(s).
Uploaded MV6817_01_2_Insulated_Wire.jpg to train/2_Insulated_Wire/ and all_by_ticket/MV6817/ using Direct Image Src
Uploaded MV6817_02_2_Copper.jpg to train/2_Copper/ and all_by_ticket/MV6817/ using Direct Image Src
Uploaded 2 image(s) for MV6817
Opening ticket MV6815...
Downloading images for MV6815...
Waiting for ticket detail for MV6815...
Found 1 ticket item card(s).
No direct full-size image URL found for MV6815 item 1 (Test).
Skipping ticket MV6815: no usable image tasks found.
Uploaded 0 image(s) for MV6815
Opening ticket MV6814...
Downloading images for MV6814...
Waiting for ticket detail for MV6814...
Found 9 ticket item card(s).
Uploaded MV6814_06_2_Copper.jpg to test/2_Copper/ and all_by_ticket/MV6814/ using Direct Image Src
Uploaded MV6814_04_2_Copper.jpg to train/2_Copper/ and all_by_ticket/MV6814/ using Direct Image Src
Uploaded MV6814_02_2_Copper.jpg to train/2_Copper/ and all_by_ticket/MV6814/ using Direct Image Src
Uploaded MV6814_08_1_Copper.jpg to train/1_Copper/ and all_by_ticket/MV6814/ using Direct Image Src
Uploaded MV6814_01_1_Copper.jpg to train/1_Copper/ and all_by_ticket/MV6814/ using Direct Image Src
Uploaded MV6814_05_1_Copper.jpg to train/1_Copper/ and all_by_ticket/MV6814/ using Direct Image Src
Uploaded MV6814_03_1_Copper.jpg to train/1_Copper/ and all_by_ticket/MV6814/ using Direct Image Src
Uploaded MV6814_07_2_Insulated_Wire.jpg to train/2_Insulated_Wire/ and all_by_ticket/MV6814/ using Direct Image Src
Uploaded MV6814_09_1_Copper.jpg to train/1_Copper/ and all_by_ticket/MV6814/ using Direct Image Src
Uploaded 9 image(s) for MV6814
Opening ticket MV6809...
Downloading images for MV6809...
Waiting for ticket detail for MV6809...
Found 7 ticket item card(s).
Uploaded MV6809_02_Irony_Aluminum.jpg to val/Irony_Aluminum/ and all_by_ticket/MV6809/ using Direct Image Src
Uploaded MV6809_04_Irony_Aluminum.jpg to train/Irony_Aluminum/ and all_by_ticket/MV6809/ using Direct Image Src
Uploaded MV6809_03_Irony_Aluminum.jpg to train/Irony_Aluminum/ and all_by_ticket/MV6809/ using Direct Image Src
Uploaded MV6809_01_Sheet_Iron.jpg to test/Sheet_Iron/ and all_by_ticket/MV6809/ using Direct Image Src
Uploaded MV6809_07_Romex.jpg to val/Romex/ and all_by_ticket/MV6809/ using Direct Image Src
Uploaded MV6809_06_Dirty_Brass.jpg to train/Dirty_Brass/ and all_by_ticket/MV6809/ using Direct Image Src
Uploaded MV6809_05_Irony_Aluminum_Radiators.jpg to train/Irony_Aluminum_Radiators/ and all_by_ticket/MV6809/ using Direct Image Src
Uploaded 7 image(s) for MV6809
Pagination before click: 261 - 270 of 300
Pagination after click: 271 - 280 of 300

Processing results page 28...
Scraping ticket numbers from current page...
Waiting for search results...
Found 10 ticket(s) on this page after status filtering: ['MV6828', 'MV6827', 'MV6826', 'MV6825', 'MV6824', 'MV6823', 'MV6822', 'MV6821', 'MV6820', 'MV6819']
Opening ticket MV6828...
Downloading images for MV6828...
Waiting for ticket detail for MV6828...
Found 4 ticket item card(s).
Uploaded MV6828_01_Auto_Batteries.jpg to val/Auto_Batteries/ and all_by_ticket/MV6828/ using Direct Image Src
Uploaded MV6828_03_2_Insulated_Wire.jpg to train/2_Insulated_Wire/ and all_by_ticket/MV6828/ using Direct Image Src
Uploaded MV6828_04_Sheet_Iron.jpg to train/Sheet_Iron/ and all_by_ticket/MV6828/ using Direct Image Src
Uploaded MV6828_02_Sheet_Iron.jpg to train/Sheet_Iron/ and all_by_ticket/MV6828/ using Direct Image Src
Uploaded 4 image(s) for MV6828
Opening ticket MV6827...
Downloading images for MV6827...
Waiting for ticket detail for MV6827...
Found 1 ticket item card(s).
Uploaded MV6827_01_Sheet_Iron.jpg to train/Sheet_Iron/ and all_by_ticket/MV6827/ using Direct Image Src
Uploaded 1 image(s) for MV6827
Opening ticket MV6826...
Downloading images for MV6826...
Waiting for ticket detail for MV6826...
Found 4 ticket item card(s).
Uploaded MV6826_02_Yellow_Brass_Clean.jpg to train/Yellow_Brass_Clean/ and all_by_ticket/MV6826/ using Direct Image Src
Uploaded MV6826_01_Sheet_Iron.jpg to train/Sheet_Iron/ and all_by_ticket/MV6826/ using Direct Image Src
Uploaded MV6826_04_2_Copper.jpg to train/2_Copper/ and all_by_ticket/MV6826/ using Direct Image Src
Uploaded MV6826_03_1_Copper.jpg to val/1_Copper/ and all_by_ticket/MV6826/ using Direct Image Src
Uploaded 4 image(s) for MV6826
Opening ticket MV6825...
Downloading images for MV6825...
Waiting for ticket detail for MV6825...
Found 2 ticket item card(s).
Uploaded MV6825_02_Aluminum_Cans.jpg to train/Aluminum_Cans/ and all_by_ticket/MV6825/ using Direct Image Src
Uploaded MV6825_01_Irony_SS.jpg to train/Irony_SS/ and all_by_ticket/MV6825/ using Direct Image Src
Uploaded 2 image(s) for MV6825
Opening ticket MV6824...
Downloading images for MV6824...
Waiting for ticket detail for MV6824...
Found 2 ticket item card(s).
Uploaded MV6824_02_Sheet_Iron.jpg to test/Sheet_Iron/ and all_by_ticket/MV6824/ using Direct Image Src
Uploaded MV6824_01_Aluminum_Cans.jpg to train/Aluminum_Cans/ and all_by_ticket/MV6824/ using Direct Image Src
Uploaded 2 image(s) for MV6824
Opening ticket MV6823...
Downloading images for MV6823...
Waiting for ticket detail for MV6823...
Found 7 ticket item card(s).
Uploaded MV6823_03_Dirty_Brass.jpg to train/Dirty_Brass/ and all_by_ticket/MV6823/ using Direct Image Src
Uploaded MV6823_04_Sealed_Units.jpg to train/Sealed_Units/ and all_by_ticket/MV6823/ using Direct Image Src
Uploaded MV6823_02_Acr_Radiator_Ends.jpg to train/Acr_Radiator_Ends/ and all_by_ticket/MV6823/ using Direct Image Src
Uploaded MV6823_01_AluminumCopper_Radiator.jpg to train/AluminumCopper_Radiator/ and all_by_ticket/MV6823/ using Direct Image Src
Uploaded MV6823_05_2_Copper.jpg to train/2_Copper/ and all_by_ticket/MV6823/ using Direct Image Src
Uploaded MV6823_06_2_Insulated_Wire.jpg to train/2_Insulated_Wire/ and all_by_ticket/MV6823/ using Direct Image Src
Uploaded MV6823_07_Sheet_Iron.jpg to train/Sheet_Iron/ and all_by_ticket/MV6823/ using Direct Image Src
Uploaded 7 image(s) for MV6823
Opening ticket MV6822...
Downloading images for MV6822...
Waiting for ticket detail for MV6822...
Found 6 ticket item card(s).
Uploaded MV6822_03_BareBright.jpg to train/BareBright/ and all_by_ticket/MV6822/ using Direct Image Src
Uploaded MV6822_02_2_Copper.jpg to train/2_Copper/ and all_by_ticket/MV6822/ using Direct Image Src
Uploaded MV6822_06_BareBright.jpg to test/BareBright/ and all_by_ticket/MV6822/ using Direct Image Src
Uploaded MV6822_04_Extrusion.jpg to train/Extrusion/ and all_by_ticket/MV6822/ using Direct Image Src
Uploaded MV6822_05_Aluminum_Wire_Clean_No_Insulation.jpg to train/Aluminum_Wire_Clean_No_Insulation/ and all_by_ticket/MV6822/ using Direct Image Src
Uploaded MV6822_01_2_Insulated_Wire.jpg to test/2_Insulated_Wire/ and all_by_ticket/MV6822/ using Direct Image Src
Uploaded 6 image(s) for MV6822
Opening ticket MV6821...
Downloading images for MV6821...
Waiting for ticket detail for MV6821...
Found 1 ticket item card(s).
Uploaded MV6821_01_Aluminum_Rim_Clean.jpg to train/Aluminum_Rim_Clean/ and all_by_ticket/MV6821/ using Direct Image Src
Uploaded 1 image(s) for MV6821
Opening ticket MV6820...
Downloading images for MV6820...
Waiting for ticket detail for MV6820...
Found 1 ticket item card(s).
Uploaded MV6820_01_Aluminum_Cans.jpg to train/Aluminum_Cans/ and all_by_ticket/MV6820/ using Direct Image Src
Uploaded 1 image(s) for MV6820
Opening ticket MV6819...
Downloading images for MV6819...
Waiting for ticket detail for MV6819...
Found 6 ticket item card(s).
Uploaded MV6819_02_BareBright.jpg to val/BareBright/ and all_by_ticket/MV6819/ using Direct Image Src
Uploaded MV6819_01_2_Copper.jpg to train/2_Copper/ and all_by_ticket/MV6819/ using Direct Image Src
Uploaded MV6819_04_2_Copper.jpg to train/2_Copper/ and all_by_ticket/MV6819/ using Direct Image Src
Uploaded MV6819_05_Sheet_Aluminum.jpg to train/Sheet_Aluminum/ and all_by_ticket/MV6819/ using Direct Image Src
Uploaded MV6819_03_Electric_Motor.jpg to train/Electric_Motor/ and all_by_ticket/MV6819/ using Direct Image Src
Uploaded MV6819_06_Extrusion.jpg to train/Extrusion/ and all_by_ticket/MV6819/ using Direct Image Src
Uploaded 6 image(s) for MV6819
Pagination before click: 271 - 280 of 300
Pagination after click: 281 - 290 of 300

Processing results page 29...
Scraping ticket numbers from current page...
Waiting for search results...
Found 10 ticket(s) on this page after status filtering: ['MV6838', 'MV6837', 'MV6836', 'MV6835', 'MV6834', 'MV6833', 'MV6832', 'MV6831', 'MV6830', 'MV6829']
Opening ticket MV6838...
Downloading images for MV6838...
Waiting for ticket detail for MV6838...
Found 1 ticket item card(s).
Uploaded MV6838_01_1_Copper.jpg to train/1_Copper/ and all_by_ticket/MV6838/ using Direct Image Src
Uploaded 1 image(s) for MV6838
Opening ticket MV6837...
Downloading images for MV6837...
Waiting for ticket detail for MV6837...
Found 2 ticket item card(s).
Uploaded MV6837_01_Yellow_Brass_Clean.jpg to val/Yellow_Brass_Clean/ and all_by_ticket/MV6837/ using Direct Image Src
Uploaded MV6837_02_2_Copper.jpg to train/2_Copper/ and all_by_ticket/MV6837/ using Direct Image Src
Uploaded 2 image(s) for MV6837
Opening ticket MV6836...
Downloading images for MV6836...
Waiting for ticket detail for MV6836...
Found 3 ticket item card(s).
Uploaded MV6836_02_Sheet_Iron.jpg to train/Sheet_Iron/ and all_by_ticket/MV6836/ using Direct Image Src
Uploaded MV6836_03_Dirty_Brass.jpg to train/Dirty_Brass/ and all_by_ticket/MV6836/ using Direct Image Src
Uploaded MV6836_01_BareBright.jpg to train/BareBright/ and all_by_ticket/MV6836/ using Direct Image Src
Uploaded 3 image(s) for MV6836
Opening ticket MV6835...
Downloading images for MV6835...
Waiting for ticket detail for MV6835...
Found 2 ticket item card(s).
Uploaded MV6835_02_Dirty_Brass.jpg to train/Dirty_Brass/ and all_by_ticket/MV6835/ using Direct Image Src
Uploaded MV6835_01_Aluminum_Radiator.jpg to val/Aluminum_Radiator/ and all_by_ticket/MV6835/ using Direct Image Src
Uploaded 2 image(s) for MV6835
Opening ticket MV6834...
Downloading images for MV6834...
Waiting for ticket detail for MV6834...
Found 3 ticket item card(s).
Uploaded MV6834_03_Sealed_Units.jpg to val/Sealed_Units/ and all_by_ticket/MV6834/ using Direct Image Src
Uploaded MV6834_01_2_Copper.jpg to train/2_Copper/ and all_by_ticket/MV6834/ using Direct Image Src
Uploaded MV6834_02_2_Insulated_Wire.jpg to test/2_Insulated_Wire/ and all_by_ticket/MV6834/ using Direct Image Src
Uploaded 3 image(s) for MV6834
Opening ticket MV6833...
Downloading images for MV6833...
Waiting for ticket detail for MV6833...
Found 4 ticket item card(s).
Uploaded MV6833_01_Sheet_Iron.jpg to train/Sheet_Iron/ and all_by_ticket/MV6833/ using Direct Image Src
Uploaded MV6833_03_2_Insulated_Wire.jpg to test/2_Insulated_Wire/ and all_by_ticket/MV6833/ using Direct Image Src
Uploaded MV6833_02_Low_Grade_Insulated_Wire.jpg to train/Low_Grade_Insulated_Wire/ and all_by_ticket/MV6833/ using Direct Image Src
Uploaded MV6833_04_Sheet_Iron.jpg to train/Sheet_Iron/ and all_by_ticket/MV6833/ using Direct Image Src
Uploaded 4 image(s) for MV6833
Opening ticket MV6832...
Downloading images for MV6832...
Waiting for ticket detail for MV6832...
Found 2 ticket item card(s).
Uploaded MV6832_01_2_Copper.jpg to train/2_Copper/ and all_by_ticket/MV6832/ using Direct Image Src
Uploaded MV6832_02_Sheet_Iron.jpg to train/Sheet_Iron/ and all_by_ticket/MV6832/ using Direct Image Src
Uploaded 2 image(s) for MV6832
Opening ticket MV6831...
Downloading images for MV6831...
Waiting for ticket detail for MV6831...
Found 1 ticket item card(s).
Uploaded MV6831_01_Extrusion.jpg to train/Extrusion/ and all_by_ticket/MV6831/ using Direct Image Src
Uploaded 1 image(s) for MV6831
Opening ticket MV6830...
Downloading images for MV6830...
Waiting for ticket detail for MV6830...
Found 2 ticket item card(s).
Uploaded MV6830_02_Circuit_Board_Low_Grade.jpg to train/Circuit_Board_Low_Grade/ and all_by_ticket/MV6830/ using Direct Image Src
Uploaded MV6830_01_Circuit_Board_High_Grade.jpg to train/Circuit_Board_High_Grade/ and all_by_ticket/MV6830/ using Direct Image Src
Uploaded 2 image(s) for MV6830
Opening ticket MV6829...
Downloading images for MV6829...
Waiting for ticket detail for MV6829...
Found 8 ticket item card(s).
Uploaded MV6829_02_2_Insulated_Wire.jpg to train/2_Insulated_Wire/ and all_by_ticket/MV6829/ using Direct Image Src
Uploaded MV6829_04_Sheet_Iron.jpg to train/Sheet_Iron/ and all_by_ticket/MV6829/ using Direct Image Src
Uploaded MV6829_01_Sheet_Iron.jpg to train/Sheet_Iron/ and all_by_ticket/MV6829/ using Direct Image Src
Uploaded MV6829_03_Extrusion.jpg to train/Extrusion/ and all_by_ticket/MV6829/ using Direct Image Src
Uploaded MV6829_07_Sealed_Units.jpg to train/Sealed_Units/ and all_by_ticket/MV6829/ using Direct Image Src
Uploaded MV6829_05_Irony_ACR_Radiators.jpg to train/Irony_ACR_Radiators/ and all_by_ticket/MV6829/ using Direct Image Src
Uploaded MV6829_06_Electric_Motor.jpg to train/Electric_Motor/ and all_by_ticket/MV6829/ using Direct Image Src
Uploaded MV6829_08_Yellow_Brass_Clean.jpg to train/Yellow_Brass_Clean/ and all_by_ticket/MV6829/ using Direct Image Src
Uploaded 8 image(s) for MV6829
Pagination before click: 281 - 290 of 300
Pagination after click: 291 - 300 of 300

Processing results page 30...
Scraping ticket numbers from current page...
Waiting for search results...
Found 10 ticket(s) on this page after status filtering: ['MV6848', 'MV6847', 'MV6846', 'MV6845', 'MV6844', 'MV6843', 'MV6842', 'MV6841', 'MV6840', 'MV6839']
Opening ticket MV6848...
Downloading images for MV6848...
Waiting for ticket detail for MV6848...
Found 1 ticket item card(s).
Uploaded MV6848_01_Misc_Electronic_Scrap.jpg to val/Misc_Electronic_Scrap/ and all_by_ticket/MV6848/ using Direct Image Src
Uploaded 1 image(s) for MV6848
Opening ticket MV6847...
Downloading images for MV6847...
Waiting for ticket detail for MV6847...
Found 1 ticket item card(s).
Uploaded MV6847_01_Sheet_Iron.jpg to train/Sheet_Iron/ and all_by_ticket/MV6847/ using Direct Image Src
Uploaded 1 image(s) for MV6847
Opening ticket MV6846...
Downloading images for MV6846...
Waiting for ticket detail for MV6846...
Found 4 ticket item card(s).
Uploaded MV6846_04_304.jpg to train/304/ and all_by_ticket/MV6846/ using Direct Image Src
Uploaded MV6846_03_Irony_Aluminum.jpg to train/Irony_Aluminum/ and all_by_ticket/MV6846/ using Direct Image Src
Uploaded MV6846_02_Sheet_Iron.jpg to train/Sheet_Iron/ and all_by_ticket/MV6846/ using Direct Image Src
Uploaded MV6846_01_Sheet_Iron.jpg to train/Sheet_Iron/ and all_by_ticket/MV6846/ using Direct Image Src
Uploaded 4 image(s) for MV6846
Opening ticket MV6845...
Downloading images for MV6845...
Waiting for ticket detail for MV6845...
Found 1 ticket item card(s).
Uploaded MV6845_01_Sheet_Iron.jpg to test/Sheet_Iron/ and all_by_ticket/MV6845/ using Direct Image Src
Uploaded 1 image(s) for MV6845
Opening ticket MV6844...
Downloading images for MV6844...
Waiting for ticket detail for MV6844...
Found 2 ticket item card(s).
Uploaded MV6844_01_Sheet_Iron.jpg to test/Sheet_Iron/ and all_by_ticket/MV6844/ using Direct Image Src
Uploaded MV6844_02_Aluminum_Cans.jpg to train/Aluminum_Cans/ and all_by_ticket/MV6844/ using Direct Image Src
Uploaded 2 image(s) for MV6844
Opening ticket MV6843...
Downloading images for MV6843...
Waiting for ticket detail for MV6843...
Found 2 ticket item card(s).
Uploaded MV6843_02_2_Copper.jpg to train/2_Copper/ and all_by_ticket/MV6843/ using Direct Image Src
Uploaded MV6843_01_BareBright.jpg to train/BareBright/ and all_by_ticket/MV6843/ using Direct Image Src
Uploaded 2 image(s) for MV6843
Opening ticket MV6842...
Downloading images for MV6842...
Waiting for ticket detail for MV6842...
Found 1 ticket item card(s).
Uploaded MV6842_01_Aluminum_Cans.jpg to test/Aluminum_Cans/ and all_by_ticket/MV6842/ using Direct Image Src
Uploaded 1 image(s) for MV6842
Opening ticket MV6841...
Downloading images for MV6841...
Waiting for ticket detail for MV6841...
Found 8 ticket item card(s).
Uploaded MV6841_03_Sheet_Iron.jpg to train/Sheet_Iron/ and all_by_ticket/MV6841/ using Direct Image Src
Uploaded MV6841_04_2_Copper.jpg to train/2_Copper/ and all_by_ticket/MV6841/ using Direct Image Src
Uploaded MV6841_01_Irony_Aluminum.jpg to train/Irony_Aluminum/ and all_by_ticket/MV6841/ using Direct Image Src
Uploaded MV6841_02_Irony_Aluminum.jpg to train/Irony_Aluminum/ and all_by_ticket/MV6841/ using Direct Image Src
Uploaded MV6841_08_304.jpg to train/304/ and all_by_ticket/MV6841/ using Direct Image Src
Uploaded MV6841_07_Aluminum_Cans.jpg to train/Aluminum_Cans/ and all_by_ticket/MV6841/ using Direct Image Src
Uploaded MV6841_05_BareBright.jpg to train/BareBright/ and all_by_ticket/MV6841/ using Direct Image Src
Uploaded MV6841_06_Irony_ACR_Radiators.jpg to test/Irony_ACR_Radiators/ and all_by_ticket/MV6841/ using Direct Image Src
Uploaded 8 image(s) for MV6841
Opening ticket MV6840...
Downloading images for MV6840...
Waiting for ticket detail for MV6840...
Found 1 ticket item card(s).
Uploaded MV6840_01_2_Copper.jpg to train/2_Copper/ and all_by_ticket/MV6840/ using Direct Image Src
Uploaded 1 image(s) for MV6840
Opening ticket MV6839...
Downloading images for MV6839...
Waiting for ticket detail for MV6839...
Found 1 ticket item card(s).
Uploaded MV6839_01_Sheet_Iron.jpg to train/Sheet_Iron/ and all_by_ticket/MV6839/ using Direct Image Src
Uploaded 1 image(s) for MV6839
Reached last page.

Finished scraping and uploading images.
S3 bucket used: mvmr-scrapright-images-ojanama
Dataset structure used: train/<label>/, val/<label>/, test/<label>/, all_by_ticket/<ticket_number>/
Scraper returned cleanly.
Scraper finished with exit code 0. Stopping instance...
Stopping i-0cea2f3cf1a36acbb in us-east-2...
{
    "StoppingInstances": [
        {
            "InstanceId": "i-0cea2f3cf1a36acbb",
            "CurrentState": {
                "Code": 64,
                "Name": "stopping"
            },
            "PreviousState": {
                "Code": 16,
                "Name": "running"
            }
        }
    ]
}
